wpm,deletions,pauses,avg_iki,session_seconds,label
172,0,2,65.35555756437711,14,SUSPICIOUS
1853,0,0,2.195349612779107,3,AI-GENERATED
1346,0,0,1.4401535307908733,2,AI-GENERATED
728,0,0,0.6101562826043874,4,AI-GENERATED
3328,0,0,3.2186834093124634,2,AI-GENERATED
148,4,1,43.50512097159096,26,SUSPICIOUS
2336,0,0,0.4368392160286788,1,AI-GENERATED
121,4,1,30.279189659985,34,SUSPICIOUS
148,0,0,68.8007023853701,13,SUSPICIOUS
1164,0,0,2.358096200777367,1,AI-GENERATED
1320,0,0,2.591869668710444,4,AI-GENERATED
132,3,2,16.23460692027177,32,SUSPICIOUS
147,4,0,40.896863152375765,24,SUSPICIOUS
133,2,2,65.19422917500421,24,SUSPICIOUS
1930,0,0,0.6504126800221915,4,AI-GENERATED
123,4,0,49.68903664144199,43,SUSPICIOUS
3490,0,0,1.6856711570165859,3,AI-GENERATED
116,0,0,49.684914649346226,34,SUSPICIOUS
128,1,1,24.92843516167776,16,SUSPICIOUS
100,1,2,69.01484593507196,44,SUSPICIOUS
137,0,0,63.50343535714984,37,SUSPICIOUS
2925,0,0,2.3275175581807286,4,AI-GENERATED
3165,0,0,2.300232410920218,1,AI-GENERATED
102,0,0,38.943206687175795,18,SUSPICIOUS
2786,0,0,0.983311712724957,4,AI-GENERATED
183,0,0,21.55018283114258,35,SUSPICIOUS
3067,0,0,2.8975241457920533,4,AI-GENERATED
123,4,0,37.30062764035705,13,SUSPICIOUS
163,3,2,50.11913720443616,16,SUSPICIOUS
138,2,0,57.02694139505625,23,SUSPICIOUS
568,0,0,1.4638487967743277,2,AI-GENERATED
3728,0,0,2.013867821435288,1,AI-GENERATED
3882,0,0,1.6158370296293807,1,AI-GENERATED
4452,0,0,3.2762794014511516,4,AI-GENERATED
120,1,0,21.33251096881736,25,SUSPICIOUS
628,0,0,1.79298681017608,3,AI-GENERATED
116,3,2,36.28355700145084,35,SUSPICIOUS
4950,0,0,0.4669440078316106,3,AI-GENERATED
1801,0,0,2.552692784064363,1,AI-GENERATED
140,1,2,28.849183364217797,43,SUSPICIOUS
153,0,2,58.245935200187034,28,SUSPICIOUS
3738,0,0,1.8876699189420154,4,AI-GENERATED
169,0,2,84.67451660832563,43,SUSPICIOUS
3140,0,0,3.158793133107055,3,AI-GENERATED
145,2,1,45.40743688653825,37,SUSPICIOUS
1633,0,0,0.4122199214298654,1,AI-GENERATED
2976,0,0,1.2730689241196076,4,AI-GENERATED
1708,0,0,1.1061741006932493,2,AI-GENERATED
3573,0,0,2.8048674045723514,1,AI-GENERATED
1048,0,0,2.421807961279418,3,AI-GENERATED
1399,0,0,3.05484124590726,3,AI-GENERATED
156,4,2,29.999041916699106,36,SUSPICIOUS
3968,0,0,1.5584047887398411,2,AI-GENERATED
156,4,1,70.4364564936937,11,SUSPICIOUS
2440,0,0,1.863647771079521,2,AI-GENERATED
163,1,2,40.012848271954866,26,SUSPICIOUS
4331,0,0,0.7526213330015254,3,AI-GENERATED
141,0,0,39.19677358682562,44,SUSPICIOUS
406,0,0,0.2442140630127088,1,AI-GENERATED
1129,0,0,0.2081433674302398,1,AI-GENERATED
1988,0,0,1.819601701924379,2,AI-GENERATED
108,0,2,36.61806712726486,38,SUSPICIOUS
138,0,0,52.943015512664964,29,SUSPICIOUS
3469,0,0,1.8510377460803296,2,AI-GENERATED
3592,0,0,2.8116909090843576,2,AI-GENERATED
93,4,2,37.83037127358694,18,SUSPICIOUS
1962,0,0,3.3177732675213845,2,AI-GENERATED
146,0,1,69.42613463243904,24,SUSPICIOUS
125,0,1,46.62435234495145,23,SUSPICIOUS
1224,0,0,0.432903668303551,4,AI-GENERATED
128,2,0,35.41967524959422,17,SUSPICIOUS
421,0,0,3.1459814545350127,3,AI-GENERATED
3134,0,0,0.6639180063950518,2,AI-GENERATED
1703,0,0,0.9114124613229059,1,AI-GENERATED
497,0,0,3.486479965207158,2,AI-GENERATED
123,0,1,77.61385680969488,25,SUSPICIOUS
4577,0,0,2.6039044874283763,4,AI-GENERATED
95,2,2,55.53698397093422,35,SUSPICIOUS
141,3,0,58.820796871487495,33,SUSPICIOUS
1228,0,0,1.9965090939328933,2,AI-GENERATED
137,3,2,75.66479703737488,16,SUSPICIOUS
4004,0,0,0.46904788887617055,4,AI-GENERATED
149,1,0,39.44167898198549,21,SUSPICIOUS
3188,0,0,0.42219075161229846,3,AI-GENERATED
130,0,0,45.43918567239676,16,SUSPICIOUS
4161,0,0,2.3700516906121383,4,AI-GENERATED
3912,0,0,2.775254515873522,4,AI-GENERATED
2105,0,0,2.072104615403954,1,AI-GENERATED
107,0,0,35.72149328436295,33,SUSPICIOUS
115,0,1,54.94241664811456,28,SUSPICIOUS
141,2,2,47.25652756414913,22,SUSPICIOUS
144,0,1,32.37925003488327,19,SUSPICIOUS
116,0,1,54.29985325373123,20,SUSPICIOUS
3515,0,0,1.6998795201203196,4,AI-GENERATED
426,0,0,3.121119854409315,4,AI-GENERATED
2328,0,0,2.251292941128922,1,AI-GENERATED
107,3,2,41.870282352188305,42,SUSPICIOUS
146,1,2,57.49558216429037,26,SUSPICIOUS
138,4,0,32.07911798645103,21,SUSPICIOUS
169,0,0,29.556026695607223,44,SUSPICIOUS
4018,0,0,0.13596397717248843,1,AI-GENERATED
85,2,1,22.353963001148152,31,SUSPICIOUS
3807,0,0,1.4190356625473497,1,AI-GENERATED
119,3,1,38.15655215560341,29,SUSPICIOUS
102,4,1,52.55907843159588,26,SUSPICIOUS
1334,0,0,2.249786434937564,3,AI-GENERATED
1100,0,0,1.313889746596701,4,AI-GENERATED
132,3,1,64.84998735611727,19,SUSPICIOUS
138,4,0,30.990713362888386,32,SUSPICIOUS
2041,0,0,2.954570991555631,4,AI-GENERATED
114,0,2,34.09405051613031,40,SUSPICIOUS
167,1,0,70.63448705221282,43,SUSPICIOUS
4355,0,0,0.682163213381323,1,AI-GENERATED
3923,0,0,0.35375986274820626,2,AI-GENERATED
128,2,1,66.1050939661082,22,SUSPICIOUS
1061,0,0,1.2316474673617126,1,AI-GENERATED
148,1,0,37.98927247607414,40,SUSPICIOUS
1020,0,0,3.1669225272654633,4,AI-GENERATED
4465,0,0,2.1971175082334167,1,AI-GENERATED
2331,0,0,2.860146123057458,2,AI-GENERATED
127,3,1,47.94834083904842,34,SUSPICIOUS
1640,0,0,2.483434266506885,4,AI-GENERATED
139,0,1,46.6822771204871,14,SUSPICIOUS
151,0,0,43.87882782895595,10,SUSPICIOUS
546,0,0,2.8257681982543184,2,AI-GENERATED
4351,0,0,1.9127672809863334,1,AI-GENERATED
4445,0,0,1.9381887782883205,1,AI-GENERATED
4380,0,0,1.5246327059047922,1,AI-GENERATED
124,4,2,60.34980807752433,35,SUSPICIOUS
1463,0,0,2.139920025097178,1,AI-GENERATED
153,3,1,37.68879164017883,11,SUSPICIOUS
4442,0,0,2.5478369042887743,2,AI-GENERATED
588,0,0,0.5964131834211411,1,AI-GENERATED
168,1,0,54.67555636142369,29,SUSPICIOUS
147,1,0,40.00808507580588,32,SUSPICIOUS
134,2,0,43.10172701608178,11,SUSPICIOUS
3011,0,0,3.221691694499231,2,AI-GENERATED
152,3,0,16.67177354616096,32,SUSPICIOUS
3228,0,0,2.711284191555595,3,AI-GENERATED
146,1,1,50.26476277779836,12,SUSPICIOUS
4721,0,0,0.48764604252356203,1,AI-GENERATED
127,4,0,21.295494624332918,39,SUSPICIOUS
147,4,2,22.09181852826131,43,SUSPICIOUS
4488,0,0,1.809233931732555,1,AI-GENERATED
129,4,2,26.628528374620853,35,SUSPICIOUS
115,0,0,38.08121581835019,44,SUSPICIOUS
150,1,0,41.94136755239681,25,SUSPICIOUS
3355,0,0,1.3174038405511619,4,AI-GENERATED
1351,0,0,3.1883518472977292,1,AI-GENERATED
2678,0,0,2.948523355470516,3,AI-GENERATED
141,1,0,69.00385235416782,36,SUSPICIOUS
178,0,1,41.04954850858981,32,SUSPICIOUS
4878,0,0,2.0066734570490126,3,AI-GENERATED
158,3,0,43.896309191612545,43,SUSPICIOUS
144,0,0,29.95621624639416,39,SUSPICIOUS
150,0,1,43.10713877945287,25,SUSPICIOUS
128,3,0,25.83502950895448,28,SUSPICIOUS
2625,0,0,2.22484228567804,4,AI-GENERATED
133,3,1,36.39376186785163,12,SUSPICIOUS
3688,0,0,0.8974335512383806,1,AI-GENERATED
1933,0,0,2.2647820243520917,2,AI-GENERATED
3200,0,0,0.5580025841173534,1,AI-GENERATED
140,1,0,43.42913452825784,15,SUSPICIOUS
3004,0,0,0.3184340217743797,1,AI-GENERATED
4505,0,0,2.961124544522729,3,AI-GENERATED
3179,0,0,3.4085620731239406,1,AI-GENERATED
119,2,0,64.22819581388153,40,SUSPICIOUS
138,3,2,48.175467812259676,20,SUSPICIOUS
101,2,1,61.0951901501697,13,SUSPICIOUS
4164,0,0,2.867086825009154,3,AI-GENERATED
2444,0,0,3.438853996413891,3,AI-GENERATED
140,1,0,29.129216449341737,15,SUSPICIOUS
124,4,1,51.73675398556729,16,SUSPICIOUS
152,0,0,41.02892836549538,29,SUSPICIOUS
4825,0,0,0.18098494027385337,2,AI-GENERATED
2309,0,0,1.7051351912068435,3,AI-GENERATED
4231,0,0,0.6646244560254487,1,AI-GENERATED
164,3,0,45.26936296717461,20,SUSPICIOUS
4433,0,0,1.505654866291037,4,AI-GENERATED
138,2,2,5.0,26,SUSPICIOUS
150,4,1,30.072457247232716,38,SUSPICIOUS
1034,0,0,0.5710196387864359,4,AI-GENERATED
132,3,0,37.35203378395265,33,SUSPICIOUS
3847,0,0,1.086381142193803,4,AI-GENERATED
191,1,2,55.455511348951724,31,SUSPICIOUS
176,4,0,37.929635552486715,28,SUSPICIOUS
4816,0,0,1.9680765853379947,2,AI-GENERATED
152,4,1,47.12228039887605,44,SUSPICIOUS
3666,0,0,3.1197340199367796,1,AI-GENERATED
4266,0,0,0.5464127309945644,3,AI-GENERATED
162,0,2,45.25182671228032,32,SUSPICIOUS
3844,0,0,0.6264027026754324,4,AI-GENERATED
3588,0,0,3.3719225264779147,4,AI-GENERATED
836,0,0,0.7105305125194571,3,AI-GENERATED
144,3,0,60.299774446740834,13,SUSPICIOUS
493,0,0,2.823074919593656,4,AI-GENERATED
2218,0,0,0.5518618237424915,1,AI-GENERATED
4036,0,0,1.484081388741837,1,AI-GENERATED
3735,0,0,1.6925149585615706,4,AI-GENERATED
2185,0,0,1.4995947736194033,4,AI-GENERATED
143,2,2,57.08299856196125,29,SUSPICIOUS
149,2,1,32.08796454587329,37,SUSPICIOUS
2752,0,0,3.3685149779761616,4,AI-GENERATED
4423,0,0,2.2198080693446705,3,AI-GENERATED
183,2,0,51.811443502273185,27,SUSPICIOUS
4842,0,0,2.449354051308912,2,AI-GENERATED
134,2,1,59.779272711285444,18,SUSPICIOUS
3471,0,0,1.4737158681400253,1,AI-GENERATED
128,1,1,44.914746384815814,10,SUSPICIOUS
4859,0,0,0.6412047729824895,3,AI-GENERATED
3655,0,0,1.7521381610932252,4,AI-GENERATED
130,3,2,45.238667868892584,27,SUSPICIOUS
133,0,0,67.70498495434333,21,SUSPICIOUS
128,2,2,46.089328607719615,20,SUSPICIOUS
170,0,1,57.35401154905181,35,SUSPICIOUS
120,3,0,70.62734219281208,19,SUSPICIOUS
140,3,1,53.28944596888536,19,SUSPICIOUS
150,0,0,54.168629924349545,13,SUSPICIOUS
163,3,2,37.037297250508374,13,SUSPICIOUS
4687,0,0,0.5378026571586149,4,AI-GENERATED
151,1,0,74.03258693442086,28,SUSPICIOUS
115,1,2,38.93327238283711,29,SUSPICIOUS
143,2,0,35.1131670465915,43,SUSPICIOUS
2944,0,0,2.618509895293094,3,AI-GENERATED
176,2,0,40.758458217369444,29,SUSPICIOUS
487,0,0,2.1419214714918464,2,AI-GENERATED
175,1,2,46.57534996240394,33,SUSPICIOUS
132,1,1,51.41484096812068,16,SUSPICIOUS
3670,0,0,1.1293791490244982,3,AI-GENERATED
146,1,0,69.34282053205548,36,SUSPICIOUS
4928,0,0,1.5684117999406109,3,AI-GENERATED
3329,0,0,2.5311506653917326,4,AI-GENERATED
160,2,1,44.1120808652556,18,SUSPICIOUS
180,2,2,52.371514229129055,13,SUSPICIOUS
771,0,0,3.46218183896877,3,AI-GENERATED
151,0,2,51.74344490602721,31,SUSPICIOUS
613,0,0,3.356217607805213,3,AI-GENERATED
3172,0,0,2.762122562660751,3,AI-GENERATED
183,4,1,20.06309617156723,43,SUSPICIOUS
119,3,0,67.50696175773066,35,SUSPICIOUS
115,2,0,50.17876045781538,20,SUSPICIOUS
4979,0,0,3.2424569645799846,1,AI-GENERATED
4914,0,0,2.8020197523520185,1,AI-GENERATED
2713,0,0,2.7209890533015337,3,AI-GENERATED
2352,0,0,3.3126432047617027,4,AI-GENERATED
4079,0,0,2.7043382082679908,2,AI-GENERATED
162,4,2,43.48239888938821,35,SUSPICIOUS
2316,0,0,1.7557062867788757,2,AI-GENERATED
1023,0,0,0.4944874842564446,2,AI-GENERATED
4662,0,0,3.035665590876053,1,AI-GENERATED
150,3,2,39.11668546938484,19,SUSPICIOUS
1178,0,0,3.4339343432560514,3,AI-GENERATED
125,2,1,34.52456943265883,12,SUSPICIOUS
98,1,2,46.845624843340794,14,SUSPICIOUS
1960,0,0,2.2409495021042773,2,AI-GENERATED
132,4,2,51.29419619451314,21,SUSPICIOUS
4529,0,0,3.4429468173184445,2,AI-GENERATED
87,1,0,33.778490405803055,31,SUSPICIOUS
747,0,0,1.529932963659989,2,AI-GENERATED
3382,0,0,0.3669997575633116,2,AI-GENERATED
744,0,0,0.2810929085443652,1,AI-GENERATED
149,4,0,43.62494746637809,44,SUSPICIOUS
144,3,0,57.93103875829304,43,SUSPICIOUS
1151,0,0,2.902025377734092,4,AI-GENERATED
4064,0,0,3.364933379953904,4,AI-GENERATED
179,4,0,56.13842029764365,27,SUSPICIOUS
149,0,0,29.400479585313832,38,SUSPICIOUS
3468,0,0,1.299627276507605,2,AI-GENERATED
571,0,0,0.5398869879270548,2,AI-GENERATED
3899,0,0,1.9560145937026054,2,AI-GENERATED
2827,0,0,0.619559546130223,1,AI-GENERATED
171,0,1,44.05847230419374,12,SUSPICIOUS
110,2,2,51.22448628875372,22,SUSPICIOUS
145,0,1,22.685688944251716,41,SUSPICIOUS
1783,0,0,1.720906181539745,4,AI-GENERATED
122,1,0,34.902331762302666,12,SUSPICIOUS
131,2,2,32.49161182284003,11,SUSPICIOUS
2487,0,0,0.6584077721341522,4,AI-GENERATED
136,4,0,44.75379507698393,13,SUSPICIOUS
162,1,2,44.21019077524878,12,SUSPICIOUS
184,1,1,47.438665215674504,29,SUSPICIOUS
2666,0,0,0.8827999692288224,3,AI-GENERATED
157,3,1,37.65726607380793,41,SUSPICIOUS
124,2,2,84.55053769047048,43,SUSPICIOUS
165,3,1,61.30738923015393,41,SUSPICIOUS
155,0,2,60.198954988887394,12,SUSPICIOUS
832,0,0,2.792720790050417,3,AI-GENERATED
2996,0,0,0.18178856426363676,4,AI-GENERATED
1893,0,0,2.571707367887303,3,AI-GENERATED
4424,0,0,2.243932380293112,3,AI-GENERATED
145,0,0,23.601495631827063,16,SUSPICIOUS
140,3,1,47.584183818461604,21,SUSPICIOUS
133,3,2,28.97029351106046,44,SUSPICIOUS
2522,0,0,1.1595582359625733,4,AI-GENERATED
154,2,0,69.0251324574563,17,SUSPICIOUS
153,0,2,33.63258121124998,35,SUSPICIOUS
169,3,1,38.0780519256249,15,SUSPICIOUS
157,3,1,41.82960597070047,18,SUSPICIOUS
1788,0,0,2.39164348435885,2,AI-GENERATED
122,0,2,39.139698008590834,36,SUSPICIOUS
192,1,0,34.34879275224568,44,SUSPICIOUS
3183,0,0,3.2818842314620817,3,AI-GENERATED
135,3,1,56.13323252888014,12,SUSPICIOUS
3439,0,0,0.44137878811532083,1,AI-GENERATED
1495,0,0,2.521582704412416,2,AI-GENERATED
162,2,2,51.59481071960454,19,SUSPICIOUS
178,1,0,54.033265342096904,35,SUSPICIOUS
140,2,1,36.07762421797878,29,SUSPICIOUS
1793,0,0,2.5585901328074354,4,AI-GENERATED
113,4,2,67.58658818219625,21,SUSPICIOUS
146,4,1,57.46958957502308,24,SUSPICIOUS
114,2,0,25.978629094234382,32,SUSPICIOUS
170,3,0,44.00913493622051,29,SUSPICIOUS
152,1,2,62.21405479306889,37,SUSPICIOUS
717,0,0,0.731127449119377,2,AI-GENERATED
141,4,2,49.26898959627646,32,SUSPICIOUS
3322,0,0,0.7169242846902228,4,AI-GENERATED
128,0,1,41.68730523352267,24,SUSPICIOUS
131,2,1,18.140448308291838,41,SUSPICIOUS
140,1,0,58.73860065044332,38,SUSPICIOUS
150,0,2,36.41464348698537,30,SUSPICIOUS
841,0,0,0.5960467540179113,4,AI-GENERATED
135,3,1,36.30145037642863,35,SUSPICIOUS
100,2,0,47.09089010570993,20,SUSPICIOUS
88,2,0,48.80220735719638,43,SUSPICIOUS
160,0,0,7.6097563884681065,25,SUSPICIOUS
872,0,0,2.0779372989833202,4,AI-GENERATED
120,4,2,38.52657768476725,41,SUSPICIOUS
151,4,0,58.38801589901762,34,SUSPICIOUS
1319,0,0,3.033401528873777,4,AI-GENERATED
1309,0,0,3.1021888045785015,2,AI-GENERATED
4110,0,0,2.6341437766440694,3,AI-GENERATED
2340,0,0,1.0154601975519235,2,AI-GENERATED
1499,0,0,1.8402337719379425,3,AI-GENERATED
142,2,2,49.76058832322942,13,SUSPICIOUS
3611,0,0,1.9465170981768323,2,AI-GENERATED
2259,0,0,2.7144557213348603,3,AI-GENERATED
123,1,1,37.390343599664774,14,SUSPICIOUS
157,1,0,56.918461314094856,31,SUSPICIOUS
1473,0,0,2.8347012183126754,3,AI-GENERATED
136,2,0,35.79486228152368,19,SUSPICIOUS
143,1,0,44.58307559691283,21,SUSPICIOUS
4979,0,0,3.383432823079391,1,AI-GENERATED
135,3,2,19.067333245562356,42,SUSPICIOUS
129,2,2,52.18831960219216,30,SUSPICIOUS
2834,0,0,1.2124766638631375,1,AI-GENERATED
3301,0,0,0.5915887773351233,1,AI-GENERATED
118,0,2,49.17323397414688,19,SUSPICIOUS
186,0,2,64.14991863836397,37,SUSPICIOUS
150,1,1,45.535555139538964,35,SUSPICIOUS
149,3,0,66.25837996249665,39,SUSPICIOUS
449,0,0,0.7744361931710753,4,AI-GENERATED
3988,0,0,3.1028840203413752,2,AI-GENERATED
4805,0,0,3.1317852748619734,1,AI-GENERATED
139,1,0,38.79717191364871,14,SUSPICIOUS
2714,0,0,3.029581762346112,4,AI-GENERATED
143,2,0,27.598473814614216,43,SUSPICIOUS
1671,0,0,2.6741548839726073,2,AI-GENERATED
137,2,2,24.941841216972563,15,SUSPICIOUS
4270,0,0,2.2016422304465135,1,AI-GENERATED
419,0,0,0.18518793565005656,3,AI-GENERATED
160,1,1,59.78350197270776,24,SUSPICIOUS
428,0,0,2.284019103299693,4,AI-GENERATED
139,0,0,32.09524936417616,20,SUSPICIOUS
141,3,2,51.73730644721009,32,SUSPICIOUS
155,2,2,41.12669725792326,38,SUSPICIOUS
130,3,1,7.275412531760793,32,SUSPICIOUS
147,3,2,30.655225557454088,32,SUSPICIOUS
3174,0,0,0.7931907386927787,3,AI-GENERATED
4818,0,0,2.5644812140597595,3,AI-GENERATED
3284,0,0,1.5285112684211462,1,AI-GENERATED
131,1,1,41.41425256668576,16,SUSPICIOUS
2957,0,0,1.3144207153269467,2,AI-GENERATED
833,0,0,1.8924980728806076,2,AI-GENERATED
4356,0,0,0.5238860304543589,4,AI-GENERATED
126,0,1,35.788862483212384,41,SUSPICIOUS
164,0,1,43.38335713935189,40,SUSPICIOUS
3211,0,0,2.2375590726112176,3,AI-GENERATED
2886,0,0,1.1080605155185153,4,AI-GENERATED
1894,0,0,2.073394794745461,4,AI-GENERATED
144,4,1,61.633351955026846,10,SUSPICIOUS
135,4,0,49.41049106400018,32,SUSPICIOUS
4745,0,0,1.0223456516909641,2,AI-GENERATED
2074,0,0,2.9826005760824708,2,AI-GENERATED
3887,0,0,2.2212650059156536,4,AI-GENERATED
111,2,2,32.46844185371354,28,SUSPICIOUS
133,1,0,49.28578738183833,18,SUSPICIOUS
3267,0,0,1.0495881281265689,4,AI-GENERATED
3462,0,0,0.2647470628983104,4,AI-GENERATED
1066,0,0,1.6650266810898082,2,AI-GENERATED
129,0,2,43.98462103084945,15,SUSPICIOUS
146,2,2,39.90803676864178,33,SUSPICIOUS
4896,0,0,0.40630134363506565,3,AI-GENERATED
2750,0,0,1.6890846514126112,1,AI-GENERATED
137,0,2,69.32836974512631,19,SUSPICIOUS
98,3,2,60.959537992444005,12,SUSPICIOUS
156,4,1,52.62973146721795,32,SUSPICIOUS
1882,0,0,0.7992236901375354,3,AI-GENERATED
4050,0,0,0.6741461585874688,1,AI-GENERATED
3227,0,0,2.2756903522964285,3,AI-GENERATED
4795,0,0,1.0812336610761388,4,AI-GENERATED
132,3,2,44.66967243365708,10,SUSPICIOUS
131,3,2,47.0139169989782,19,SUSPICIOUS
159,3,0,39.638580642588224,21,SUSPICIOUS
4218,0,0,1.106169314210055,2,AI-GENERATED
3677,0,0,2.126243299541539,1,AI-GENERATED
2600,0,0,0.5687537312905113,3,AI-GENERATED
135,2,1,50.270215469847,36,SUSPICIOUS
2407,0,0,0.46690204287858894,4,AI-GENERATED
1502,0,0,0.4116796542450484,1,AI-GENERATED
132,3,0,80.50735411585822,18,SUSPICIOUS
2556,0,0,0.39636142633108873,3,AI-GENERATED
2076,0,0,2.610488810330543,2,AI-GENERATED
140,0,1,18.802749322032177,10,SUSPICIOUS
127,1,1,15.661614378623277,29,SUSPICIOUS
133,3,2,33.18895678397938,26,SUSPICIOUS
2264,0,0,0.2329415112651014,3,AI-GENERATED
1992,0,0,3.208240541023331,1,AI-GENERATED
137,2,2,51.51116649197396,22,SUSPICIOUS
141,0,2,57.67962448797936,21,SUSPICIOUS
146,3,0,87.07310639123128,40,SUSPICIOUS
443,0,0,0.21603142418350033,2,AI-GENERATED
4680,0,0,2.470299324932488,4,AI-GENERATED
126,2,1,45.56081308660309,18,SUSPICIOUS
204,2,1,32.36830429201076,24,SUSPICIOUS
104,3,2,39.010991480413935,13,SUSPICIOUS
161,2,2,35.09755416652511,20,SUSPICIOUS
946,0,0,1.5198574723605047,1,AI-GENERATED
152,3,2,17.67228604810683,26,SUSPICIOUS
132,1,0,52.19179627382853,43,SUSPICIOUS
4359,0,0,0.9644938467031665,2,AI-GENERATED
3990,0,0,3.3677242648617947,1,AI-GENERATED
4131,0,0,0.5249417360145129,4,AI-GENERATED
1955,0,0,1.4372417052161288,4,AI-GENERATED
165,2,0,37.09872430104046,19,SUSPICIOUS
4502,0,0,3.3438548068010556,4,AI-GENERATED
113,1,1,36.07538902318327,35,SUSPICIOUS
1781,0,0,2.01343608074466,1,AI-GENERATED
941,0,0,0.2315681424973356,3,AI-GENERATED
154,4,0,53.00227033641298,38,SUSPICIOUS
164,3,1,44.97600080971757,19,SUSPICIOUS
158,1,1,61.52923205643237,13,SUSPICIOUS
114,3,0,60.331590979747524,15,SUSPICIOUS
4098,0,0,1.5241256368252762,1,AI-GENERATED
553,0,0,2.3188260340535747,2,AI-GENERATED
174,4,1,61.375184597959716,21,SUSPICIOUS
144,3,2,19.5553992213368,29,SUSPICIOUS
129,0,0,47.5773276943195,16,SUSPICIOUS
2625,0,0,0.48999640593741034,3,AI-GENERATED
3461,0,0,2.519696969219596,2,AI-GENERATED
3991,0,0,1.1625307990556115,1,AI-GENERATED
151,4,0,40.9151017750315,32,SUSPICIOUS
4748,0,0,0.4219453093617125,2,AI-GENERATED
153,0,2,63.14519498255402,12,SUSPICIOUS
1868,0,0,1.6677915322848607,2,AI-GENERATED
4668,0,0,2.409065952091333,4,AI-GENERATED
1299,0,0,2.594474343457185,3,AI-GENERATED
136,2,0,36.780610806506786,37,SUSPICIOUS
938,0,0,2.756975597044165,3,AI-GENERATED
2637,0,0,2.555896333941364,4,AI-GENERATED
140,1,1,41.77388131820844,30,SUSPICIOUS
114,1,1,43.76780978574902,43,SUSPICIOUS
2396,0,0,0.3933052765523133,4,AI-GENERATED
164,4,1,45.56890762763886,34,SUSPICIOUS
132,1,1,62.09798717741829,41,SUSPICIOUS
135,2,0,70.58265207971519,35,SUSPICIOUS
112,2,0,39.40554749704744,12,SUSPICIOUS
1802,0,0,0.42336196237857937,1,AI-GENERATED
3503,0,0,2.634287575305802,1,AI-GENERATED
1583,0,0,1.0671919695508778,1,AI-GENERATED
4865,0,0,0.42099692565934066,2,AI-GENERATED
1345,0,0,2.5297608294857157,2,AI-GENERATED
129,3,2,61.17143587192005,17,SUSPICIOUS
154,0,1,52.7476233901154,21,SUSPICIOUS
1907,0,0,0.6865012448568837,3,AI-GENERATED
157,2,1,58.57862327937039,39,SUSPICIOUS
148,3,2,47.88849961755608,38,SUSPICIOUS
142,0,0,48.843861608682786,23,SUSPICIOUS
4386,0,0,2.705834244051687,2,AI-GENERATED
135,0,2,58.46290520340951,36,SUSPICIOUS
1794,0,0,1.6869763685572179,3,AI-GENERATED
1296,0,0,0.13185354519142248,2,AI-GENERATED
3567,0,0,1.5712743027471001,4,AI-GENERATED
1866,0,0,0.5982160018821288,3,AI-GENERATED
4305,0,0,1.3955589962691926,4,AI-GENERATED
119,4,1,58.160430369429825,11,SUSPICIOUS
143,3,0,59.5258798258248,41,SUSPICIOUS
2444,0,0,1.9148312756821941,3,AI-GENERATED
2358,0,0,1.8197642529123466,1,AI-GENERATED
411,0,0,2.159776598364671,3,AI-GENERATED
1294,0,0,0.9252573519714863,3,AI-GENERATED
176,2,2,55.56177323478748,20,SUSPICIOUS
161,2,1,63.99297356980081,39,SUSPICIOUS
148,4,2,10.48751520197284,16,SUSPICIOUS
2339,0,0,2.5936632106263127,4,AI-GENERATED
115,2,2,55.61189276478159,14,SUSPICIOUS
130,0,0,56.18164316539977,25,SUSPICIOUS
3650,0,0,1.4560222345452511,3,AI-GENERATED
1509,0,0,3.346422058137267,4,AI-GENERATED
100,4,2,51.00016278516571,26,SUSPICIOUS
153,2,0,19.16067999758524,10,SUSPICIOUS
138,0,0,52.49040571349529,18,SUSPICIOUS
116,1,1,28.64146459904064,40,SUSPICIOUS
113,4,0,49.02298490725049,17,SUSPICIOUS
4305,0,0,0.16134380757787353,1,AI-GENERATED
2883,0,0,2.9038673661360463,4,AI-GENERATED
143,2,2,16.21537493390481,44,SUSPICIOUS
128,3,2,33.52496419256779,36,SUSPICIOUS
2572,0,0,2.819372238830526,3,AI-GENERATED
731,0,0,0.8358604989619646,2,AI-GENERATED
3868,0,0,3.484776535619019,3,AI-GENERATED
2773,0,0,3.3741300073577296,4,AI-GENERATED
143,1,0,29.155637048202344,44,SUSPICIOUS
149,4,0,47.56748175030114,21,SUSPICIOUS
143,4,2,55.29890897384605,24,SUSPICIOUS
3175,0,0,1.6074013481362712,2,AI-GENERATED
143,2,0,35.08944559459707,44,SUSPICIOUS
118,2,1,68.24482691376551,18,SUSPICIOUS
447,0,0,2.5638296800007687,4,AI-GENERATED
159,3,1,28.42374527334397,24,SUSPICIOUS
174,2,2,44.560274666866604,10,SUSPICIOUS
124,3,0,47.3045654972116,30,SUSPICIOUS
4104,0,0,0.4146685164675945,2,AI-GENERATED
2351,0,0,0.43100466013497596,4,AI-GENERATED
2437,0,0,1.1670074651236142,3,AI-GENERATED
4522,0,0,2.845052287628268,4,AI-GENERATED
2253,0,0,0.9614637916136884,1,AI-GENERATED
132,0,0,31.59308934966285,30,SUSPICIOUS
2811,0,0,0.10460232121887303,4,AI-GENERATED
3433,0,0,0.18059640486401862,4,AI-GENERATED
1984,0,0,2.6366998676213536,2,AI-GENERATED
121,2,2,43.78240592769824,17,SUSPICIOUS
1644,0,0,1.4239047619203498,3,AI-GENERATED
124,1,1,59.228836011513785,13,SUSPICIOUS
3026,0,0,1.4483076186993165,2,AI-GENERATED
118,4,1,47.3428097462207,22,SUSPICIOUS
92,4,1,41.21621043687544,22,SUSPICIOUS
4106,0,0,2.0235260374701687,2,AI-GENERATED
2569,0,0,3.1049614048455143,2,AI-GENERATED
156,3,2,62.582388616425405,25,SUSPICIOUS
120,0,0,55.44458655330122,28,SUSPICIOUS
2751,0,0,0.7224285392359922,2,AI-GENERATED
154,4,1,34.215768839119534,26,SUSPICIOUS
147,1,2,60.784363166894885,34,SUSPICIOUS
110,2,2,41.66394362212678,24,SUSPICIOUS
163,0,2,51.4773206683793,42,SUSPICIOUS
3509,0,0,2.043430801009479,1,AI-GENERATED
123,3,0,62.58382926609313,13,SUSPICIOUS
143,3,2,33.19546462505208,18,SUSPICIOUS
4834,0,0,0.8199849571403884,1,AI-GENERATED
2273,0,0,1.3173466720070643,2,AI-GENERATED
140,1,2,37.31604041183931,15,SUSPICIOUS
1161,0,0,3.045668311187495,4,AI-GENERATED
4059,0,0,0.7196601634697204,2,AI-GENERATED
148,3,2,51.5630594038027,21,SUSPICIOUS
136,1,0,55.333109387871076,25,SUSPICIOUS
145,4,2,60.87122471085951,42,SUSPICIOUS
173,1,1,15.34563011121153,26,SUSPICIOUS
129,4,2,58.486872830486675,31,SUSPICIOUS
465,0,0,2.715831007692642,3,AI-GENERATED
127,1,0,27.752790224372845,11,SUSPICIOUS
113,1,1,42.60094199995291,43,SUSPICIOUS
2612,0,0,0.4600851884231405,3,AI-GENERATED
137,4,1,58.7053617526967,30,SUSPICIOUS
144,1,0,69.46900507326096,39,SUSPICIOUS
4719,0,0,1.17297502622707,1,AI-GENERATED
1963,0,0,1.4104517010659428,4,AI-GENERATED
106,1,2,37.61231042542249,40,SUSPICIOUS
1920,0,0,2.9022093372431867,3,AI-GENERATED
1431,0,0,1.2816617571822395,2,AI-GENERATED
1858,0,0,1.8153098092908642,3,AI-GENERATED
151,3,1,68.74283614519047,40,SUSPICIOUS
136,3,0,47.651392275483516,25,SUSPICIOUS
4670,0,0,1.4933233222860616,1,AI-GENERATED
107,4,0,66.7580270275118,30,SUSPICIOUS
150,0,2,46.77050826131007,36,SUSPICIOUS
132,2,2,55.6968230241006,36,SUSPICIOUS
144,1,2,66.8457617689694,21,SUSPICIOUS
127,1,0,54.43844551651323,29,SUSPICIOUS
116,0,2,33.091995167388,20,SUSPICIOUS
88,1,0,39.73820896231082,41,SUSPICIOUS
3398,0,0,1.1340962039733697,2,AI-GENERATED
127,0,0,72.08281115821026,21,SUSPICIOUS
3131,0,0,2.132965160973402,1,AI-GENERATED
2768,0,0,3.329329641059843,4,AI-GENERATED
3773,0,0,0.35575452501045735,3,AI-GENERATED
154,3,0,55.18531218319938,29,SUSPICIOUS
158,3,1,49.20193254938147,35,SUSPICIOUS
4425,0,0,0.5185363145558552,2,AI-GENERATED
4081,0,0,1.2292974943076607,1,AI-GENERATED
2780,0,0,3.383554744444488,1,AI-GENERATED
163,4,0,48.361259253495305,31,SUSPICIOUS
135,4,2,33.59173892802148,22,SUSPICIOUS
157,2,0,18.91425781528111,43,SUSPICIOUS
411,0,0,3.1647495013714604,2,AI-GENERATED
151,3,2,42.7456406637164,27,SUSPICIOUS
132,2,1,36.288347654027,27,SUSPICIOUS
623,0,0,1.3692432013960938,4,AI-GENERATED
4451,0,0,3.070538098292243,1,AI-GENERATED
2984,0,0,2.582141857423589,3,AI-GENERATED
3301,0,0,0.2762387484897696,2,AI-GENERATED
146,3,1,20.054883718602508,25,SUSPICIOUS
158,0,1,11.598070907922,21,SUSPICIOUS
760,0,0,0.605856725444895,3,AI-GENERATED
4215,0,0,0.5531966490799574,1,AI-GENERATED
2413,0,0,3.1542673710189106,1,AI-GENERATED
1812,0,0,2.7858319878022004,3,AI-GENERATED
118,4,0,36.20500856763808,35,SUSPICIOUS
116,2,0,55.70035437023554,17,SUSPICIOUS
122,0,2,74.76460383556022,41,SUSPICIOUS
122,1,0,100.47796407427384,37,SUSPICIOUS
2225,0,0,3.1671311581017654,1,AI-GENERATED
4840,0,0,2.3124846310023504,1,AI-GENERATED
3241,0,0,1.9146880674480669,3,AI-GENERATED
753,0,0,1.0464606296338967,2,AI-GENERATED
175,4,2,37.2102831600961,10,SUSPICIOUS
3166,0,0,1.1775084014230093,3,AI-GENERATED
2600,0,0,2.764451792533922,2,AI-GENERATED
96,4,1,23.562455291585106,34,SUSPICIOUS
2729,0,0,2.456007219631586,3,AI-GENERATED
2934,0,0,2.8772219762953823,1,AI-GENERATED
4123,0,0,1.0174435584753962,1,AI-GENERATED
119,2,0,47.08024332890141,19,SUSPICIOUS
4283,0,0,0.9282283407411449,3,AI-GENERATED
1145,0,0,0.5708162474688093,4,AI-GENERATED
121,0,1,55.97056611112594,19,SUSPICIOUS
2031,0,0,3.21174462903394,1,AI-GENERATED
3176,0,0,1.131285961390245,3,AI-GENERATED
4081,0,0,0.69707963349203,3,AI-GENERATED
184,4,1,52.6817432237442,17,SUSPICIOUS
3994,0,0,3.0525614082687227,2,AI-GENERATED
3678,0,0,0.6572906411121946,1,AI-GENERATED
138,0,2,33.7026490844528,39,SUSPICIOUS
805,0,0,1.5606510173390256,3,AI-GENERATED
159,2,2,66.57156079746981,28,SUSPICIOUS
144,2,1,47.53955822983117,20,SUSPICIOUS
4878,0,0,2.319267478212429,3,AI-GENERATED
160,2,0,45.76745228939445,23,SUSPICIOUS
160,4,2,34.82847711261516,24,SUSPICIOUS
1398,0,0,3.354035734598128,3,AI-GENERATED
4254,0,0,3.3575792928793686,1,AI-GENERATED
152,3,1,31.36016993245684,10,SUSPICIOUS
96,2,2,21.053439818753468,43,SUSPICIOUS
2916,0,0,3.2447158063484003,1,AI-GENERATED
1153,0,0,3.2779163806222478,2,AI-GENERATED
162,0,0,65.101680195949,32,SUSPICIOUS
175,2,0,46.1292273466042,12,SUSPICIOUS
2293,0,0,3.155545880933489,1,AI-GENERATED
697,0,0,1.5850240470865782,4,AI-GENERATED
4510,0,0,2.535142478399345,1,AI-GENERATED
1251,0,0,1.37146858312618,1,AI-GENERATED
157,1,1,56.239375267827285,37,SUSPICIOUS
3985,0,0,1.0982498879098637,1,AI-GENERATED
4660,0,0,1.5678321432714943,2,AI-GENERATED
143,3,1,33.07248296766344,17,SUSPICIOUS
149,2,0,60.16654887829448,26,SUSPICIOUS
1413,0,0,0.9404957275766551,2,AI-GENERATED
118,4,2,37.72313735136715,42,SUSPICIOUS
125,2,0,38.24331742844377,39,SUSPICIOUS
1587,0,0,3.393247226194018,1,AI-GENERATED
1791,0,0,2.6574183050568636,2,AI-GENERATED
104,0,2,58.53555862280352,11,SUSPICIOUS
2565,0,0,2.40954203313517,4,AI-GENERATED
4997,0,0,3.143842949159697,3,AI-GENERATED
135,3,2,34.865140557204995,19,SUSPICIOUS
3104,0,0,0.9060387815390625,4,AI-GENERATED
149,0,0,33.984621315257485,13,SUSPICIOUS
3938,0,0,0.9924904500572401,4,AI-GENERATED
4145,0,0,1.181503604495986,2,AI-GENERATED
135,0,0,32.48821379604287,15,SUSPICIOUS
158,0,1,50.361745890651626,21,SUSPICIOUS
124,0,1,56.309031564655406,39,SUSPICIOUS
167,1,2,45.123807477306066,21,SUSPICIOUS
159,0,0,35.70610625711447,16,SUSPICIOUS
160,4,2,37.283250601117395,34,SUSPICIOUS
151,4,0,44.694493931780706,44,SUSPICIOUS
3279,0,0,0.4594554745618201,4,AI-GENERATED
1086,0,0,0.5655157325321086,4,AI-GENERATED
2526,0,0,1.5977991326629069,2,AI-GENERATED
1464,0,0,0.5142397676266047,2,AI-GENERATED
4923,0,0,2.320271605779221,3,AI-GENERATED
4634,0,0,0.6961976166858156,4,AI-GENERATED
132,1,2,57.76235638159892,33,SUSPICIOUS
161,3,0,30.873673988589832,37,SUSPICIOUS
1035,0,0,2.6300993758539604,4,AI-GENERATED
139,0,1,38.30391525223424,22,SUSPICIOUS
158,0,0,65.00494420023516,38,SUSPICIOUS
4937,0,0,2.8837665976058506,3,AI-GENERATED
154,0,1,51.99668069596589,36,SUSPICIOUS
1164,0,0,2.5598412776778745,1,AI-GENERATED
134,4,1,53.88281402701561,42,SUSPICIOUS
1276,0,0,1.1401907756694518,3,AI-GENERATED
602,0,0,2.8775520025425214,1,AI-GENERATED
118,3,1,57.88699821125881,18,SUSPICIOUS
159,2,1,72.04265796606589,33,SUSPICIOUS
4124,0,0,2.723714357414349,4,AI-GENERATED
130,4,0,43.89877084798835,14,SUSPICIOUS
1323,0,0,0.9747701014069208,3,AI-GENERATED
138,1,1,32.893336718107804,14,SUSPICIOUS
1876,0,0,2.3122601936602742,1,AI-GENERATED
97,0,1,53.475688303815424,14,SUSPICIOUS
127,2,2,74.3155344208338,23,SUSPICIOUS
137,1,1,44.95092574635899,17,SUSPICIOUS
153,4,2,40.88398411298641,29,SUSPICIOUS
1852,0,0,2.562181931723182,2,AI-GENERATED
152,0,2,66.90507214794559,21,SUSPICIOUS
148,0,2,54.28806168708779,12,SUSPICIOUS
164,0,1,35.85851054257807,13,SUSPICIOUS
1293,0,0,1.6161046712981997,1,AI-GENERATED
178,3,0,47.78295601573009,42,SUSPICIOUS
151,1,1,45.51827579312911,19,SUSPICIOUS
1065,0,0,1.6897796087015062,2,AI-GENERATED
126,1,1,28.6845053257223,19,SUSPICIOUS
4754,0,0,0.6134504548893838,4,AI-GENERATED
147,0,0,37.96631780397448,31,SUSPICIOUS
139,0,1,20.20616807147833,43,SUSPICIOUS
3417,0,0,1.147510300912946,2,AI-GENERATED
131,1,0,13.66890599990645,13,SUSPICIOUS
116,2,1,51.67271078118359,23,SUSPICIOUS
114,2,1,72.68629029340028,13,SUSPICIOUS
124,4,1,16.93535208592152,28,SUSPICIOUS
155,4,1,38.156597668465906,28,SUSPICIOUS
151,3,1,36.336475427958554,43,SUSPICIOUS
3134,0,0,0.5248960136426732,4,AI-GENERATED
151,1,1,46.50908493774901,24,SUSPICIOUS
3652,0,0,2.8130233128220117,1,AI-GENERATED
131,1,1,62.12142352303208,37,SUSPICIOUS
585,0,0,1.06071328907542,4,AI-GENERATED
4695,0,0,0.26795289883845624,3,AI-GENERATED
3489,0,0,0.8386561998713844,3,AI-GENERATED
133,1,1,52.79504707242597,13,SUSPICIOUS
148,4,2,31.048548742132787,13,SUSPICIOUS
4520,0,0,1.8081948516821453,3,AI-GENERATED
82,1,2,30.351840947451713,15,SUSPICIOUS
4371,0,0,1.2720949775794985,3,AI-GENERATED
4696,0,0,1.846004877010549,4,AI-GENERATED
4152,0,0,2.72428005754043,2,AI-GENERATED
3073,0,0,2.7226939074769767,4,AI-GENERATED
1404,0,0,1.202085005191235,4,AI-GENERATED
138,3,0,39.553284676547634,37,SUSPICIOUS
158,2,0,25.261750296556524,23,SUSPICIOUS
1782,0,0,0.410227047209778,2,AI-GENERATED
4100,0,0,1.2937683691073998,3,AI-GENERATED
3666,0,0,1.8615488225690118,3,AI-GENERATED
1619,0,0,1.8281455267903053,4,AI-GENERATED
4728,0,0,2.7123683256007647,2,AI-GENERATED
162,4,0,42.99918053092449,37,SUSPICIOUS
1363,0,0,3.07076075282399,1,AI-GENERATED
4492,0,0,0.991599477971511,2,AI-GENERATED
117,2,2,70.01924692687867,44,SUSPICIOUS
156,4,2,40.31418576005089,23,SUSPICIOUS
2196,0,0,0.9047552247030143,4,AI-GENERATED
134,4,1,59.53725726905999,29,SUSPICIOUS
108,3,0,71.3029892251504,27,SUSPICIOUS
2502,0,0,1.9921468704138503,3,AI-GENERATED
154,4,0,67.53954115402652,18,SUSPICIOUS
1866,0,0,2.6435547198180274,2,AI-GENERATED
119,3,1,28.302502681485,15,SUSPICIOUS
1969,0,0,0.23644067955025977,3,AI-GENERATED
150,1,1,46.24880756236985,14,SUSPICIOUS
1711,0,0,1.0801735952444464,3,AI-GENERATED
3973,0,0,2.5744763819363876,1,AI-GENERATED
2855,0,0,0.6470382387791834,2,AI-GENERATED
85,4,0,59.58896666138883,32,SUSPICIOUS
3448,0,0,2.2890765844749117,2,AI-GENERATED
147,4,2,86.42937327151577,20,SUSPICIOUS
693,0,0,0.2870838669612048,4,AI-GENERATED
89,0,0,15.475809911092028,33,SUSPICIOUS
1833,0,0,1.3679597191789166,3,AI-GENERATED
4806,0,0,3.2354739530860006,2,AI-GENERATED
148,2,1,16.774140986857482,44,SUSPICIOUS
4550,0,0,2.7937533139178248,3,AI-GENERATED
154,3,1,44.16805762657375,17,SUSPICIOUS
4748,0,0,3.495364652315525,4,AI-GENERATED
1552,0,0,0.8810294876560376,3,AI-GENERATED
142,3,1,59.65083259802704,44,SUSPICIOUS
4265,0,0,1.3348966649435456,2,AI-GENERATED
2749,0,0,2.8428787435544725,3,AI-GENERATED
92,2,0,45.212310320654666,40,SUSPICIOUS
119,0,2,54.58867295623196,35,SUSPICIOUS
2578,0,0,2.300362296462906,1,AI-GENERATED
119,0,1,50.03004540175839,31,SUSPICIOUS
152,4,2,43.379214335154614,41,SUSPICIOUS
135,1,1,31.203539677485153,24,SUSPICIOUS
142,2,1,67.63327373490885,11,SUSPICIOUS
136,4,2,48.78140219976879,21,SUSPICIOUS
161,2,2,67.4236178699864,39,SUSPICIOUS
103,1,1,51.576923934814126,30,SUSPICIOUS
3040,0,0,1.8198975976753218,2,AI-GENERATED
167,1,0,43.826413047891904,36,SUSPICIOUS
146,4,2,39.36397281577033,10,SUSPICIOUS
135,3,2,25.498167633227908,39,SUSPICIOUS
136,4,2,24.562807063002122,14,SUSPICIOUS
1165,0,0,1.7847376643346218,2,AI-GENERATED
1188,0,0,2.3797390989076836,4,AI-GENERATED
3231,0,0,2.061090819557614,3,AI-GENERATED
106,2,0,46.59935160053982,33,SUSPICIOUS
118,3,0,49.58149957591002,29,SUSPICIOUS
1671,0,0,2.4471331473442324,1,AI-GENERATED
3554,0,0,1.9554716437758484,2,AI-GENERATED
146,1,0,41.06417836915384,38,SUSPICIOUS
169,1,1,32.938262189694356,33,SUSPICIOUS
155,1,1,46.08639406768621,32,SUSPICIOUS
2659,0,0,3.2324672850918126,2,AI-GENERATED
3062,0,0,1.9095919243296375,3,AI-GENERATED
503,0,0,0.48434871316006123,2,AI-GENERATED
2403,0,0,1.4571315604974056,3,AI-GENERATED
157,0,2,56.61074529713915,14,SUSPICIOUS
131,0,2,28.378571651655495,38,SUSPICIOUS
1592,0,0,2.1064163334349386,4,AI-GENERATED
4190,0,0,0.8799194162017725,1,AI-GENERATED
4965,0,0,0.19777700621246352,1,AI-GENERATED
2789,0,0,1.7466929336418613,2,AI-GENERATED
116,4,1,49.05094390806332,16,SUSPICIOUS
122,3,1,91.83863822717538,44,SUSPICIOUS
1019,0,0,2.6330333511731654,4,AI-GENERATED
156,3,0,52.14268230685738,35,SUSPICIOUS
148,3,0,37.5853141890591,34,SUSPICIOUS
170,1,2,30.02602141651567,33,SUSPICIOUS
3707,0,0,1.6693950940830478,4,AI-GENERATED
410,0,0,1.0077733677933502,3,AI-GENERATED
130,3,0,32.47626858905879,21,SUSPICIOUS
127,3,0,6.561260663954414,23,SUSPICIOUS
1080,0,0,2.0641161263263434,3,AI-GENERATED
154,2,2,46.963082044789225,32,SUSPICIOUS
114,2,2,51.51877678565176,14,SUSPICIOUS
104,3,2,53.6282340623739,19,SUSPICIOUS
148,4,0,29.574520937836677,30,SUSPICIOUS
4856,0,0,1.849666954844289,3,AI-GENERATED
130,1,0,15.6339454393482,10,SUSPICIOUS
138,0,0,24.801685595731165,30,SUSPICIOUS
1465,0,0,0.8378389163254122,2,AI-GENERATED
144,2,0,53.57760191725166,24,SUSPICIOUS
146,2,1,51.85656792702818,15,SUSPICIOUS
4544,0,0,2.418847103244245,1,AI-GENERATED
4817,0,0,3.147111191930851,3,AI-GENERATED
131,1,1,61.19120781060535,11,SUSPICIOUS
137,4,2,44.796682623886504,37,SUSPICIOUS
123,4,2,56.214493296008555,39,SUSPICIOUS
109,2,1,47.85621887954858,28,SUSPICIOUS
131,0,1,54.64787357016897,12,SUSPICIOUS
158,2,1,34.61834142929014,34,SUSPICIOUS
164,3,2,55.58314688268246,17,SUSPICIOUS
1782,0,0,0.6290585177348369,1,AI-GENERATED
166,3,1,37.79293626751945,20,SUSPICIOUS
146,4,1,18.92731365197941,32,SUSPICIOUS
2682,0,0,1.829804810736379,2,AI-GENERATED
121,3,2,42.75754711156414,40,SUSPICIOUS
135,1,0,35.378736836953465,36,SUSPICIOUS
139,1,2,59.62514105745184,31,SUSPICIOUS
2842,0,0,1.5110319456668668,4,AI-GENERATED
133,2,0,48.43260265216884,25,SUSPICIOUS
3527,0,0,2.6999028413908737,4,AI-GENERATED
961,0,0,0.8326768774254247,3,AI-GENERATED
173,4,1,37.528506949077645,26,SUSPICIOUS
1241,0,0,3.4985202472907657,4,AI-GENERATED
4733,0,0,1.1212988906293786,4,AI-GENERATED
167,2,0,57.29697753010792,35,SUSPICIOUS
4210,0,0,0.9309397437492838,2,AI-GENERATED
126,2,2,43.52753937022752,43,SUSPICIOUS
163,4,1,45.08217046267784,41,SUSPICIOUS
1107,0,0,1.2086787498078435,1,AI-GENERATED
139,3,2,15.566028936213318,14,SUSPICIOUS
134,4,0,28.873940363684337,15,SUSPICIOUS
501,0,0,1.5263715842459384,1,AI-GENERATED
2577,0,0,3.1722858250139545,4,AI-GENERATED
123,2,1,62.750258964797474,19,SUSPICIOUS
4567,0,0,2.2256418881934366,2,AI-GENERATED
1086,0,0,0.7508677148681127,2,AI-GENERATED
788,0,0,2.927556373326405,1,AI-GENERATED
183,0,1,74.33276562849757,14,SUSPICIOUS
3263,0,0,3.2486167785119067,1,AI-GENERATED
3384,0,0,1.6325867918965258,2,AI-GENERATED
130,2,0,50.010428604146796,22,SUSPICIOUS
151,1,1,50.56815016957649,10,SUSPICIOUS
136,1,2,66.23158434062725,17,SUSPICIOUS
3477,0,0,3.2959823593425033,4,AI-GENERATED
152,3,1,51.58585214431465,12,SUSPICIOUS
136,2,0,51.1302237949667,26,SUSPICIOUS
2025,0,0,1.0689581003491315,3,AI-GENERATED
170,2,1,44.0592470170726,33,SUSPICIOUS
134,0,1,49.07292607360398,18,SUSPICIOUS
2060,0,0,1.0926343563651966,3,AI-GENERATED
1973,0,0,1.9202733376856453,3,AI-GENERATED
4480,0,0,2.218582874597755,4,AI-GENERATED
132,4,2,49.82602959486965,15,SUSPICIOUS
80,3,2,29.57811242234855,43,SUSPICIOUS
1649,0,0,2.8119072175644084,3,AI-GENERATED
1798,0,0,3.1161281689844444,3,AI-GENERATED
549,0,0,0.43005308836616885,4,AI-GENERATED
147,1,2,36.91293044561443,26,SUSPICIOUS
3800,0,0,1.1783310249827312,3,AI-GENERATED
157,1,0,51.8757676911844,18,SUSPICIOUS
832,0,0,1.1215966285456946,3,AI-GENERATED
140,3,1,36.51121812446299,26,SUSPICIOUS
117,2,1,55.77255357568412,16,SUSPICIOUS
881,0,0,3.3241941980846463,1,AI-GENERATED
4093,0,0,1.5159629243381105,4,AI-GENERATED
450,0,0,1.5490658024711792,4,AI-GENERATED
3686,0,0,0.10344757284668232,2,AI-GENERATED
1547,0,0,1.2229023598808129,3,AI-GENERATED
466,0,0,0.10624594973232476,4,AI-GENERATED
3025,0,0,0.19941489527104922,2,AI-GENERATED
1474,0,0,1.7296100457893262,3,AI-GENERATED
141,4,1,36.86105570499336,15,SUSPICIOUS
955,0,0,0.14921479213160183,1,AI-GENERATED
170,2,2,13.376548348592959,44,SUSPICIOUS
2683,0,0,2.3948857858750214,1,AI-GENERATED
3011,0,0,1.7548030306004234,3,AI-GENERATED
3645,0,0,2.3273357554496212,1,AI-GENERATED
109,2,1,49.61704268857515,31,SUSPICIOUS
160,1,2,43.95154594767034,10,SUSPICIOUS
126,4,0,45.657540803816346,44,SUSPICIOUS
117,0,2,51.60429859105132,32,SUSPICIOUS
534,0,0,0.3018172358531676,3,AI-GENERATED
128,3,0,43.29661363218873,28,SUSPICIOUS
4094,0,0,2.6508457933926106,1,AI-GENERATED
193,0,2,48.66421393326518,32,SUSPICIOUS
1187,0,0,0.3043113195482699,2,AI-GENERATED
99,4,2,69.56595622719385,30,SUSPICIOUS
1575,0,0,3.3972655195527026,1,AI-GENERATED
1637,0,0,3.087286871115117,4,AI-GENERATED
859,0,0,1.84128842155631,2,AI-GENERATED
166,0,0,59.87100177272085,27,SUSPICIOUS
125,0,1,44.10573936866232,20,SUSPICIOUS
4177,0,0,2.742028728420951,3,AI-GENERATED
1029,0,0,1.6985800805826816,4,AI-GENERATED
3368,0,0,3.2606332150717976,3,AI-GENERATED
158,2,1,28.63438596248113,40,SUSPICIOUS
2265,0,0,1.36328029710578,4,AI-GENERATED
150,0,0,49.66694959614499,16,SUSPICIOUS
156,0,2,44.008841661835774,11,SUSPICIOUS
154,3,1,46.805979949282694,29,SUSPICIOUS
4594,0,0,1.9689617628099063,4,AI-GENERATED
139,4,0,66.99069371682748,27,SUSPICIOUS
171,0,0,67.48324768473944,44,SUSPICIOUS
134,4,1,30.90064975278534,42,SUSPICIOUS
1291,0,0,0.29365892928730364,4,AI-GENERATED
137,2,0,37.548960171026636,17,SUSPICIOUS
3192,0,0,0.6220722965853085,4,AI-GENERATED
3179,0,0,0.29305069510559417,2,AI-GENERATED
3078,0,0,0.39102888117706536,1,AI-GENERATED
3905,0,0,3.0281573834487334,3,AI-GENERATED
2928,0,0,0.43311436665182557,4,AI-GENERATED
2909,0,0,0.9743278276048318,4,AI-GENERATED
2023,0,0,1.0930391033798963,4,AI-GENERATED
1718,0,0,3.2551815523051517,2,AI-GENERATED
162,1,1,30.87149390973081,16,SUSPICIOUS
156,3,0,32.52047611215852,12,SUSPICIOUS
3193,0,0,1.3728107278835675,4,AI-GENERATED
133,3,0,61.227749036224566,26,SUSPICIOUS
1897,0,0,1.9833018961432076,2,AI-GENERATED
4300,0,0,1.8027788807219913,4,AI-GENERATED
143,2,2,19.95269436750213,15,SUSPICIOUS
2907,0,0,0.18002854313438998,4,AI-GENERATED
131,1,0,40.91739413118728,28,SUSPICIOUS
3947,0,0,0.9465006646416491,2,AI-GENERATED
167,1,2,46.25899141525051,29,SUSPICIOUS
1149,0,0,3.0525335084865213,4,AI-GENERATED
1336,0,0,2.096314828277522,3,AI-GENERATED
2123,0,0,1.3767142496284333,4,AI-GENERATED
1923,0,0,0.14498214385085043,2,AI-GENERATED
3978,0,0,0.560153641119533,3,AI-GENERATED
145,1,2,55.735221484044516,35,SUSPICIOUS
132,3,2,42.89934505197736,11,SUSPICIOUS
165,1,1,34.35339953944366,36,SUSPICIOUS
149,0,2,47.61032943060398,33,SUSPICIOUS
127,2,0,48.38346072345316,21,SUSPICIOUS
162,4,2,57.04845561383781,41,SUSPICIOUS
111,3,2,39.34183339967136,41,SUSPICIOUS
161,4,2,23.76570652721348,24,SUSPICIOUS
147,3,0,46.93464154758355,29,SUSPICIOUS
3693,0,0,2.6050121983583074,3,AI-GENERATED
704,0,0,1.7245557133374725,3,AI-GENERATED
134,3,2,43.76029368171468,14,SUSPICIOUS
2948,0,0,2.235555930587325,1,AI-GENERATED
4834,0,0,2.732510575678094,4,AI-GENERATED
128,4,0,56.47524355611596,34,SUSPICIOUS
1528,0,0,1.1733699889985765,3,AI-GENERATED
3087,0,0,2.937366428381597,4,AI-GENERATED
145,4,1,40.074767943233766,17,SUSPICIOUS
2098,0,0,2.129864825425119,1,AI-GENERATED
148,1,1,32.990022908776105,43,SUSPICIOUS
102,4,2,32.991695720298296,29,SUSPICIOUS
139,4,0,49.903080871872206,13,SUSPICIOUS
4429,0,0,0.35457998483592224,2,AI-GENERATED
158,4,1,18.026169311798437,17,SUSPICIOUS
2663,0,0,2.554520527196853,2,AI-GENERATED
3067,0,0,0.295665022896603,2,AI-GENERATED
124,3,2,36.60694586232459,42,SUSPICIOUS
129,1,0,27.56588329074228,15,SUSPICIOUS
121,2,0,52.24870685752266,22,SUSPICIOUS
135,0,1,35.13362441587414,12,SUSPICIOUS
596,0,0,0.4594954061490515,3,AI-GENERATED
1904,0,0,3.066028094912745,4,AI-GENERATED
1274,0,0,0.3065492898490301,4,AI-GENERATED
133,3,1,37.04664186877379,40,SUSPICIOUS
3197,0,0,1.948181412083647,1,AI-GENERATED
2795,0,0,1.7950802534516646,1,AI-GENERATED
157,2,2,15.746800035148961,22,SUSPICIOUS
1152,0,0,2.2901689903469853,2,AI-GENERATED
4725,0,0,2.7740271725513432,3,AI-GENERATED
2115,0,0,1.3766342676398218,4,AI-GENERATED
4802,0,0,1.619870060039231,2,AI-GENERATED
174,0,2,39.024988159937415,26,SUSPICIOUS
142,3,2,54.215856917082846,11,SUSPICIOUS
142,1,2,39.19318661057898,44,SUSPICIOUS
176,0,2,47.36006909694764,24,SUSPICIOUS
4486,0,0,0.5492555325608844,3,AI-GENERATED
155,2,0,59.84544928258896,18,SUSPICIOUS
4302,0,0,1.3216203127222586,1,AI-GENERATED
908,0,0,2.898553227527016,2,AI-GENERATED
3813,0,0,1.888831571055389,4,AI-GENERATED
499,0,0,3.4555551946323004,2,AI-GENERATED
149,0,1,50.92063826365647,43,SUSPICIOUS
124,3,1,68.64645068036401,34,SUSPICIOUS
2499,0,0,0.1293789267718491,2,AI-GENERATED
1029,0,0,1.1241246189813314,3,AI-GENERATED
124,4,0,48.6054947195775,25,SUSPICIOUS
1514,0,0,2.2814739243543602,2,AI-GENERATED
138,2,1,37.7315425748472,18,SUSPICIOUS
125,1,1,49.7166263201659,40,SUSPICIOUS
2844,0,0,1.1548171718032483,4,AI-GENERATED
2778,0,0,2.3777031658432013,2,AI-GENERATED
123,1,0,55.948307988476515,14,SUSPICIOUS
135,2,0,47.68193134951957,34,SUSPICIOUS
170,0,1,40.57960785503855,38,SUSPICIOUS
158,4,1,61.19972241860722,22,SUSPICIOUS
1309,0,0,0.6989512351552486,3,AI-GENERATED
176,3,2,18.508602656510003,41,SUSPICIOUS
1423,0,0,1.690815532807226,2,AI-GENERATED
2223,0,0,2.1802015145004336,3,AI-GENERATED
190,1,0,64.14066975279545,12,SUSPICIOUS
114,3,2,45.75613743295819,37,SUSPICIOUS
152,1,1,35.15071953472771,40,SUSPICIOUS
2881,0,0,0.12656789549994324,3,AI-GENERATED
2097,0,0,0.423373268090976,4,AI-GENERATED
1498,0,0,1.1079053646305232,4,AI-GENERATED
2181,0,0,0.9093869921243765,4,AI-GENERATED
151,4,1,52.75643458032445,21,SUSPICIOUS
2056,0,0,3.339514236074232,1,AI-GENERATED
156,0,1,75.91006617754495,40,SUSPICIOUS
134,3,0,50.16393639753761,22,SUSPICIOUS
155,2,1,47.691936415353766,18,SUSPICIOUS
744,0,0,3.2517276682676464,3,AI-GENERATED
4364,0,0,2.0477470144658234,2,AI-GENERATED
3058,0,0,3.2150868059992113,3,AI-GENERATED
158,4,1,43.20233246739416,29,SUSPICIOUS
2981,0,0,0.7293880404070024,3,AI-GENERATED
2664,0,0,0.8333787236265963,4,AI-GENERATED
134,3,1,5.61555145260197,25,SUSPICIOUS
125,3,0,60.054016854154945,19,SUSPICIOUS
4791,0,0,0.3818504584208371,2,AI-GENERATED
1618,0,0,2.869023297116713,1,AI-GENERATED
3342,0,0,1.9430588681442842,3,AI-GENERATED
2946,0,0,2.716070715906635,3,AI-GENERATED
3935,0,0,3.043167616540413,2,AI-GENERATED
160,3,0,50.73217262341905,29,SUSPICIOUS
140,4,1,54.70570639394179,44,SUSPICIOUS
126,3,2,50.58660349408885,33,SUSPICIOUS
2214,0,0,0.3063723695824498,2,AI-GENERATED
158,1,2,36.86355158644145,38,SUSPICIOUS
3022,0,0,1.8700395384501316,4,AI-GENERATED
128,4,0,49.13530112836918,25,SUSPICIOUS
2214,0,0,1.9602290395126785,4,AI-GENERATED
144,2,0,56.257129885714896,26,SUSPICIOUS
1375,0,0,1.9094383366651904,4,AI-GENERATED
141,3,0,38.26597094108224,33,SUSPICIOUS
3898,0,0,2.259361079005209,3,AI-GENERATED
133,1,1,28.04983505851174,18,SUSPICIOUS
4424,0,0,0.3543638378335461,3,AI-GENERATED
541,0,0,2.6366062532593824,4,AI-GENERATED
169,4,1,21.321762893807012,27,SUSPICIOUS
2079,0,0,0.6675449952727753,3,AI-GENERATED
2835,0,0,0.1653052637370529,2,AI-GENERATED
4988,0,0,0.9843028224274095,4,AI-GENERATED
111,0,2,50.0639592992328,15,SUSPICIOUS
2105,0,0,0.17244893245282966,4,AI-GENERATED
137,1,2,52.96059164199521,40,SUSPICIOUS
1221,0,0,1.59602249847658,2,AI-GENERATED
1053,0,0,1.4942545952825583,2,AI-GENERATED
4180,0,0,0.2690420348350651,2,AI-GENERATED
4309,0,0,2.7456037530933037,4,AI-GENERATED
175,0,1,28.217585562989317,40,SUSPICIOUS
153,4,2,36.33929876134225,13,SUSPICIOUS
146,3,2,50.03315205139084,36,SUSPICIOUS
820,0,0,3.1026616585808524,4,AI-GENERATED
144,3,2,54.029893269550094,27,SUSPICIOUS
4574,0,0,2.420374272584293,1,AI-GENERATED
4585,0,0,2.9888760622604233,4,AI-GENERATED
136,4,0,61.95244012151779,29,SUSPICIOUS
2745,0,0,0.94549138892294,4,AI-GENERATED
1817,0,0,3.212611629648536,2,AI-GENERATED
142,0,2,51.226010145808615,41,SUSPICIOUS
158,1,2,12.234958321743498,43,SUSPICIOUS
4257,0,0,1.327081442993609,1,AI-GENERATED
118,4,1,34.39459553439034,35,SUSPICIOUS
2115,0,0,2.5035342432393795,2,AI-GENERATED
445,0,0,3.190402192018331,4,AI-GENERATED
853,0,0,2.4566357776477736,2,AI-GENERATED
1715,0,0,1.7721652907459884,2,AI-GENERATED
2199,0,0,2.238156457518379,4,AI-GENERATED
115,3,2,68.2554744247031,20,SUSPICIOUS
156,4,1,63.33322159106143,30,SUSPICIOUS
4703,0,0,0.9527115401250777,1,AI-GENERATED
3320,0,0,1.0302603589233919,4,AI-GENERATED
4937,0,0,1.9149470223673128,2,AI-GENERATED
2585,0,0,0.6170636327579233,3,AI-GENERATED
139,3,0,39.6907068559045,11,SUSPICIOUS
136,2,0,41.7679615446722,14,SUSPICIOUS
2575,0,0,2.8202654412439934,3,AI-GENERATED
151,0,0,22.88472053954991,10,SUSPICIOUS
152,0,2,47.65210049334146,20,SUSPICIOUS
1108,0,0,0.11152051796260619,4,AI-GENERATED
2884,0,0,0.41039799191787907,4,AI-GENERATED
4422,0,0,2.3235873401311053,1,AI-GENERATED
153,2,0,39.87828425459159,19,SUSPICIOUS
2868,0,0,3.1023111437805366,4,AI-GENERATED
144,3,0,38.28049232556125,18,SUSPICIOUS
1013,0,0,2.726360705497355,4,AI-GENERATED
122,4,0,60.867915350696734,13,SUSPICIOUS
744,0,0,0.38112188407278635,2,AI-GENERATED
161,4,1,48.52018857522276,15,SUSPICIOUS
1696,0,0,3.2583475554360053,1,AI-GENERATED
130,1,2,22.993008829605007,40,SUSPICIOUS
139,2,2,50.457817668286864,13,SUSPICIOUS
136,0,0,66.00899571156506,30,SUSPICIOUS
4346,0,0,1.6688694240316717,2,AI-GENERATED
3216,0,0,1.5838232437485966,1,AI-GENERATED
152,0,0,43.24954237714708,33,SUSPICIOUS
794,0,0,2.912533650789946,2,AI-GENERATED
1110,0,0,3.231798130075187,4,AI-GENERATED
155,3,0,27.071931401854542,14,SUSPICIOUS
157,1,1,32.52029442486513,13,SUSPICIOUS
2654,0,0,0.20122215268091237,3,AI-GENERATED
1176,0,0,1.964029599008908,4,AI-GENERATED
4084,0,0,2.8262290077521417,2,AI-GENERATED
2558,0,0,0.5448461535029409,4,AI-GENERATED
167,3,2,5.0,22,SUSPICIOUS
163,0,1,25.726788461462966,15,SUSPICIOUS
160,1,0,36.55240529166922,11,SUSPICIOUS
131,4,2,11.301391018167998,39,SUSPICIOUS
146,2,2,43.43797531484431,11,SUSPICIOUS
128,2,2,47.791480868014915,28,SUSPICIOUS
2316,0,0,0.3106953063243174,1,AI-GENERATED
4350,0,0,2.734975801593085,2,AI-GENERATED
3247,0,0,1.1262500564443123,3,AI-GENERATED
159,2,0,27.825368807977192,43,SUSPICIOUS
127,2,0,71.6588877821703,43,SUSPICIOUS
137,3,2,64.99439582750021,37,SUSPICIOUS
2738,0,0,2.4268566168412193,4,AI-GENERATED
141,4,1,60.13439816316372,26,SUSPICIOUS
3757,0,0,2.030314548277446,1,AI-GENERATED
4428,0,0,1.494344159902068,4,AI-GENERATED
132,4,0,50.851662685489565,15,SUSPICIOUS
2513,0,0,0.6967599992984499,4,AI-GENERATED
1197,0,0,0.8647535246089056,1,AI-GENERATED
130,4,2,61.504117165792415,20,SUSPICIOUS
130,1,2,50.74465364772111,20,SUSPICIOUS
165,4,0,62.90276577950566,33,SUSPICIOUS
3550,0,0,1.7922145227750876,4,AI-GENERATED
954,0,0,1.8997300070604168,3,AI-GENERATED
159,1,2,32.09662417426965,33,SUSPICIOUS
126,3,2,58.7617816816151,38,SUSPICIOUS
1523,0,0,1.3386724567387238,4,AI-GENERATED
186,1,0,72.03479247812984,16,SUSPICIOUS
1510,0,0,0.2828649869793708,1,AI-GENERATED
4744,0,0,1.3267441240303885,1,AI-GENERATED
123,4,0,48.82042210914736,36,SUSPICIOUS
3055,0,0,0.6523631962839979,4,AI-GENERATED
154,3,1,60.15008598681983,43,SUSPICIOUS
141,2,2,48.573795968676265,25,SUSPICIOUS
97,0,2,49.64687183161421,15,SUSPICIOUS
4754,0,0,0.26028808769855605,4,AI-GENERATED
4141,0,0,2.522121023618498,2,AI-GENERATED
1095,0,0,1.0819310872775165,4,AI-GENERATED
1360,0,0,3.0885561038543177,1,AI-GENERATED
150,0,2,47.911455130651376,37,SUSPICIOUS
108,3,2,42.00728798452089,32,SUSPICIOUS
2338,0,0,0.33625023139118637,2,AI-GENERATED
2486,0,0,1.0297096176844878,1,AI-GENERATED
2132,0,0,1.32131175330931,1,AI-GENERATED
127,1,1,61.23985045726037,29,SUSPICIOUS
134,2,2,34.956417700600575,40,SUSPICIOUS
3812,0,0,1.9077633890351156,2,AI-GENERATED
1906,0,0,2.6921826552787564,3,AI-GENERATED
4412,0,0,3.228929728341183,4,AI-GENERATED
791,0,0,2.512506951283433,1,AI-GENERATED
130,4,2,58.86980356264716,25,SUSPICIOUS
115,3,0,53.83143647350046,20,SUSPICIOUS
140,1,2,56.87661961674104,42,SUSPICIOUS
2423,0,0,1.166924638364474,4,AI-GENERATED
134,0,1,37.99118582160288,35,SUSPICIOUS
1763,0,0,0.9537511442251452,1,AI-GENERATED
152,3,0,39.87584962517036,13,SUSPICIOUS
3590,0,0,1.5267987381073829,1,AI-GENERATED
4070,0,0,0.9436244540038237,3,AI-GENERATED
3102,0,0,0.573679124094109,1,AI-GENERATED
154,2,0,62.60901245426315,15,SUSPICIOUS
135,0,2,32.5615786574742,44,SUSPICIOUS
1000,0,0,0.6003389889190764,2,AI-GENERATED
2647,0,0,2.923193429785829,3,AI-GENERATED
731,0,0,1.3895619333283147,1,AI-GENERATED
161,4,0,36.33389748808371,11,SUSPICIOUS
2066,0,0,3.0585698055364356,3,AI-GENERATED
110,0,2,36.051431963101464,27,SUSPICIOUS
146,4,0,48.24921710673909,14,SUSPICIOUS
4937,0,0,1.2667522751077758,2,AI-GENERATED
4754,0,0,3.2059653937764785,1,AI-GENERATED
571,0,0,0.8279058746488109,4,AI-GENERATED
173,4,2,20.30265184692886,41,SUSPICIOUS
80,4,1,66.81061296647187,17,SUSPICIOUS
158,1,0,41.89346356345194,18,SUSPICIOUS
1813,0,0,2.8502423727776476,1,AI-GENERATED
4429,0,0,1.3492472333493062,1,AI-GENERATED
3602,0,0,0.773904975807666,3,AI-GENERATED
148,2,2,27.67315609808058,12,SUSPICIOUS
125,2,0,47.51650635889135,18,SUSPICIOUS
3009,0,0,3.1113035691129585,4,AI-GENERATED
173,0,0,12.46685559292564,14,SUSPICIOUS
160,1,0,31.75402664812983,35,SUSPICIOUS
156,2,0,58.73835450613862,12,SUSPICIOUS
944,0,0,2.5291084523470704,1,AI-GENERATED
3923,0,0,1.0490691917791148,1,AI-GENERATED
1330,0,0,3.2438622059979423,1,AI-GENERATED
1301,0,0,2.744596326304469,1,AI-GENERATED
116,3,2,40.66114021768049,14,SUSPICIOUS
118,2,1,24.223075874285737,33,SUSPICIOUS
3945,0,0,0.30847743740087513,3,AI-GENERATED
130,4,1,37.818775495273464,33,SUSPICIOUS
3092,0,0,2.8960918266137967,2,AI-GENERATED
174,2,0,52.337060267190225,28,SUSPICIOUS
144,3,2,74.91953677478949,27,SUSPICIOUS
1886,0,0,0.9015838051674595,3,AI-GENERATED
126,1,0,35.408712946967164,36,SUSPICIOUS
2468,0,0,2.7793804900080645,3,AI-GENERATED
406,0,0,1.9188658999620567,2,AI-GENERATED
142,4,0,16.253169931104765,36,SUSPICIOUS
136,3,2,27.767930014722882,28,SUSPICIOUS
149,1,0,59.06967865959864,25,SUSPICIOUS
1666,0,0,1.076237494621558,4,AI-GENERATED
4376,0,0,2.7979294011350824,4,AI-GENERATED
132,2,1,47.49285952119208,34,SUSPICIOUS
97,4,1,59.40259920060413,20,SUSPICIOUS
136,1,1,62.31722088989783,22,SUSPICIOUS
2238,0,0,2.47732245282004,1,AI-GENERATED
126,1,0,72.19423627148863,19,SUSPICIOUS
4892,0,0,2.2075407100512394,4,AI-GENERATED
162,2,1,25.898379836326484,20,SUSPICIOUS
1307,0,0,0.4398394002473085,2,AI-GENERATED
1240,0,0,1.6021781377416833,3,AI-GENERATED
1989,0,0,1.7073270669707723,4,AI-GENERATED
176,4,0,29.166655877264503,16,SUSPICIOUS
3486,0,0,0.20879586878939632,3,AI-GENERATED
124,1,2,31.000860698368847,26,SUSPICIOUS
3525,0,0,2.7437057359990664,1,AI-GENERATED
177,1,2,26.363163025797338,15,SUSPICIOUS
121,1,2,28.80728140911888,21,SUSPICIOUS
155,1,0,26.075013211175577,37,SUSPICIOUS
4745,0,0,2.9704685157450714,3,AI-GENERATED
3676,0,0,0.6419104680238934,4,AI-GENERATED
1190,0,0,1.1577994776719724,4,AI-GENERATED
150,0,2,51.22622240343938,40,SUSPICIOUS
4629,0,0,3.0592769122327184,3,AI-GENERATED
1730,0,0,1.1211455530230094,3,AI-GENERATED
2313,0,0,1.901205165813241,4,AI-GENERATED
4977,0,0,2.7645209990241417,1,AI-GENERATED
131,0,1,50.793997982524374,22,SUSPICIOUS
159,0,1,52.592028514158514,17,SUSPICIOUS
126,3,2,62.054777105440884,11,SUSPICIOUS
4942,0,0,2.2312229787339692,4,AI-GENERATED
4662,0,0,3.470202913504921,3,AI-GENERATED
1173,0,0,0.3561412891156823,3,AI-GENERATED
144,1,0,37.33424100614409,41,SUSPICIOUS
112,4,0,76.41621269536653,14,SUSPICIOUS
4464,0,0,0.6010976877025085,3,AI-GENERATED
1141,0,0,2.4007865177680445,4,AI-GENERATED
1043,0,0,1.0920447736096703,1,AI-GENERATED
2071,0,0,2.839520469376544,1,AI-GENERATED
156,0,1,44.571200047886244,14,SUSPICIOUS
4368,0,0,3.0424694641904777,3,AI-GENERATED
3423,0,0,0.9909307303825556,4,AI-GENERATED
154,0,0,42.88574743111502,24,SUSPICIOUS
166,2,1,63.98844273412561,18,SUSPICIOUS
148,1,2,50.52945706096588,15,SUSPICIOUS
3011,0,0,0.384075235110383,1,AI-GENERATED
1107,0,0,0.24835854636682683,3,AI-GENERATED
151,1,1,69.20828315143234,12,SUSPICIOUS
742,0,0,3.41829774131386,4,AI-GENERATED
3885,0,0,2.745455804665147,3,AI-GENERATED
2006,0,0,0.5965951901592818,2,AI-GENERATED
127,3,2,20.92169288051718,26,SUSPICIOUS
4169,0,0,0.6747545113639939,4,AI-GENERATED
2222,0,0,3.4081628259665107,3,AI-GENERATED
2547,0,0,2.1210728439763926,2,AI-GENERATED
471,0,0,0.6357990606450619,4,AI-GENERATED
112,1,2,28.491752600384263,32,SUSPICIOUS
154,2,0,30.854286246779942,37,SUSPICIOUS
133,2,0,29.424516813092566,24,SUSPICIOUS
190,0,0,71.24223039934775,22,SUSPICIOUS
3485,0,0,0.8797585825041475,3,AI-GENERATED
154,0,1,35.777471849753226,37,SUSPICIOUS
84,4,2,33.416104299627776,17,SUSPICIOUS
3871,0,0,0.8056728424570245,2,AI-GENERATED
171,4,1,34.06549255377287,32,SUSPICIOUS
3577,0,0,0.8987698524046389,3,AI-GENERATED
1096,0,0,1.252524586973069,1,AI-GENERATED
2976,0,0,1.9855344000103177,1,AI-GENERATED
2307,0,0,3.4018786002454124,4,AI-GENERATED
2191,0,0,0.7445110900060367,3,AI-GENERATED
882,0,0,1.185068222429277,4,AI-GENERATED
174,4,0,59.187025473093655,13,SUSPICIOUS
163,2,1,33.853963499171655,26,SUSPICIOUS
2973,0,0,0.9161968897166666,1,AI-GENERATED
1655,0,0,2.7997519679565745,2,AI-GENERATED
165,4,1,45.70073319791464,25,SUSPICIOUS
133,0,0,26.11687709185715,43,SUSPICIOUS
4556,0,0,1.4057236037172818,4,AI-GENERATED
157,2,0,41.417138507155094,18,SUSPICIOUS
520,0,0,0.9744231869209351,4,AI-GENERATED
2649,0,0,1.9443280119909525,1,AI-GENERATED
144,3,2,71.41800636122773,32,SUSPICIOUS
3201,0,0,0.11308570542862227,3,AI-GENERATED
120,2,1,37.655969905354816,40,SUSPICIOUS
811,0,0,0.5294753157257217,2,AI-GENERATED
3667,0,0,2.293422536477111,3,AI-GENERATED
112,1,1,23.32500467527246,25,SUSPICIOUS
158,2,0,67.58804533692948,35,SUSPICIOUS
1687,0,0,0.9105288555358636,4,AI-GENERATED
114,2,0,64.0044137214766,16,SUSPICIOUS
156,2,2,20.9327931798146,40,SUSPICIOUS
3234,0,0,2.8593962442554264,3,AI-GENERATED
4490,0,0,2.831411584605576,2,AI-GENERATED
1964,0,0,0.2535001375957817,4,AI-GENERATED
2491,0,0,2.226972247057338,2,AI-GENERATED
4919,0,0,3.165983630457225,2,AI-GENERATED
137,1,2,81.0862294740939,39,SUSPICIOUS
174,3,1,28.11132795284691,30,SUSPICIOUS
178,0,1,51.940149497660265,41,SUSPICIOUS
135,3,0,54.56329174563034,24,SUSPICIOUS
144,3,0,40.66676319797499,13,SUSPICIOUS
156,1,0,48.58637873539017,27,SUSPICIOUS
150,4,2,24.083137750171378,43,SUSPICIOUS
4775,0,0,3.3748113176851127,4,AI-GENERATED
3031,0,0,1.0269547709169835,3,AI-GENERATED
91,3,2,39.09824940861492,14,SUSPICIOUS
1199,0,0,1.7917287813535931,2,AI-GENERATED
2126,0,0,3.1431773620388683,2,AI-GENERATED
114,1,1,45.14378983564531,24,SUSPICIOUS
190,4,1,31.05369762340502,30,SUSPICIOUS
124,0,1,79.05205373874045,13,SUSPICIOUS
130,2,0,49.70697274363608,16,SUSPICIOUS
3575,0,0,2.662838116417946,4,AI-GENERATED
139,2,2,19.720179512672782,16,SUSPICIOUS
1760,0,0,1.7198491615121494,4,AI-GENERATED
154,0,0,38.34501399227913,40,SUSPICIOUS
154,4,0,53.621170346982524,11,SUSPICIOUS
111,4,0,51.061845163381534,42,SUSPICIOUS
650,0,0,3.2799995726612976,4,AI-GENERATED
3246,0,0,1.7229400490515066,4,AI-GENERATED
3832,0,0,2.4273936928794964,2,AI-GENERATED
4176,0,0,0.3962459784258585,2,AI-GENERATED
128,4,2,58.199984203537724,11,SUSPICIOUS
118,1,1,43.85412683905149,44,SUSPICIOUS
140,3,2,56.35145522977162,21,SUSPICIOUS
420,0,0,0.689670386697571,4,AI-GENERATED
153,3,1,57.1840488832181,29,SUSPICIOUS
171,0,0,44.681579543085306,30,SUSPICIOUS
2428,0,0,2.0023243922450273,3,AI-GENERATED
406,0,0,3.0479686592778643,2,AI-GENERATED
138,4,1,46.77838834167198,40,SUSPICIOUS
139,2,2,39.58413842492976,12,SUSPICIOUS
1792,0,0,2.8118496669442044,3,AI-GENERATED
1130,0,0,1.0048016012150744,1,AI-GENERATED
133,4,1,50.27413221437473,26,SUSPICIOUS
1581,0,0,1.0465995529002703,1,AI-GENERATED
1779,0,0,2.664729643139402,1,AI-GENERATED
191,0,1,59.658811185696685,43,SUSPICIOUS
3164,0,0,1.96296480076817,3,AI-GENERATED
150,4,1,42.837572091668065,14,SUSPICIOUS
173,1,0,39.01515758826448,33,SUSPICIOUS
116,3,0,45.769050369827916,16,SUSPICIOUS
1429,0,0,1.9682933002570082,3,AI-GENERATED
1486,0,0,0.3205432222781457,4,AI-GENERATED
157,3,1,35.11343167295127,34,SUSPICIOUS
152,1,2,32.258346163911845,38,SUSPICIOUS
1784,0,0,0.8380137075075641,4,AI-GENERATED
142,4,0,58.630784310758514,28,SUSPICIOUS
734,0,0,0.5408002577160825,4,AI-GENERATED
1891,0,0,2.2688371970675236,1,AI-GENERATED
4294,0,0,0.7660582592525397,4,AI-GENERATED
173,1,2,56.3438751651682,36,SUSPICIOUS
1682,0,0,0.3679190096127444,3,AI-GENERATED
172,2,0,51.1653963122233,31,SUSPICIOUS
4003,0,0,3.0212167361750173,4,AI-GENERATED
152,0,2,46.65948146585148,17,SUSPICIOUS
2078,0,0,0.2094174001394261,4,AI-GENERATED
873,0,0,1.9452584160026667,2,AI-GENERATED
4548,0,0,2.5635011541166985,1,AI-GENERATED
124,1,1,44.57013064642935,16,SUSPICIOUS
100,0,0,53.21346556478744,15,SUSPICIOUS
142,1,1,43.8138306829372,19,SUSPICIOUS
3841,0,0,1.5039833961440165,2,AI-GENERATED
2289,0,0,1.8231890754685474,1,AI-GENERATED
3882,0,0,2.920241416032904,3,AI-GENERATED
1818,0,0,2.6390155361001453,3,AI-GENERATED
2262,0,0,2.24283010333624,3,AI-GENERATED
2872,0,0,1.5641350233077835,1,AI-GENERATED
3166,0,0,2.0103486565217854,3,AI-GENERATED
121,0,1,50.9506060905484,42,SUSPICIOUS
146,3,1,39.079260232827004,32,SUSPICIOUS
142,0,2,26.47082111509595,40,SUSPICIOUS
149,3,0,76.20558713787875,17,SUSPICIOUS
3793,0,0,1.9260441751646245,3,AI-GENERATED
139,3,1,43.86573223837568,14,SUSPICIOUS
124,4,0,10.105003588994663,37,SUSPICIOUS
160,2,1,54.924397123728575,20,SUSPICIOUS
4548,0,0,1.9658951459788714,3,AI-GENERATED
935,0,0,1.785130748579983,3,AI-GENERATED
126,3,0,43.12317327996729,28,SUSPICIOUS
591,0,0,1.2323953953957274,1,AI-GENERATED
152,4,2,79.42287081547602,18,SUSPICIOUS
159,3,2,53.86816632311268,33,SUSPICIOUS
3042,0,0,0.8912361214521449,2,AI-GENERATED
96,0,0,39.974490963377576,29,SUSPICIOUS
1357,0,0,2.8362868771109855,1,AI-GENERATED
1151,0,0,1.7363366947748056,2,AI-GENERATED
2487,0,0,1.0592203157466689,1,AI-GENERATED
155,2,0,51.781038156619,24,SUSPICIOUS
166,3,0,38.577861206041376,31,SUSPICIOUS
107,1,1,42.620599530712624,17,SUSPICIOUS
158,1,0,43.746886415653535,16,SUSPICIOUS
159,2,0,62.100719019860975,20,SUSPICIOUS
132,1,1,36.27780640929662,36,SUSPICIOUS
158,1,2,43.70502692566887,26,SUSPICIOUS
132,3,0,58.62356197338579,43,SUSPICIOUS
2449,0,0,2.9556834057778496,3,AI-GENERATED
136,1,0,63.93621528402648,28,SUSPICIOUS
573,0,0,3.114495292064483,3,AI-GENERATED
3592,0,0,2.8310161449914397,2,AI-GENERATED
153,0,1,40.952360022850556,13,SUSPICIOUS
109,1,1,18.86097585528061,32,SUSPICIOUS
1335,0,0,0.28940182213087645,2,AI-GENERATED
4747,0,0,0.6057516612884246,4,AI-GENERATED
3849,0,0,0.26337770807218003,1,AI-GENERATED
153,2,0,50.6618961372239,17,SUSPICIOUS
1114,0,0,3.106517194063737,4,AI-GENERATED
121,0,2,40.0517337210652,25,SUSPICIOUS
172,1,0,38.45797803122026,18,SUSPICIOUS
123,1,2,35.980952875181075,27,SUSPICIOUS
3262,0,0,2.9145119262920485,4,AI-GENERATED
2267,0,0,2.361188842945294,3,AI-GENERATED
414,0,0,2.2419875367238538,3,AI-GENERATED
3538,0,0,1.7713742607769483,1,AI-GENERATED
2899,0,0,1.1646168401027543,4,AI-GENERATED
154,0,0,66.75690488362628,16,SUSPICIOUS
121,3,0,56.61390830827413,32,SUSPICIOUS
898,0,0,0.9927254234951114,1,AI-GENERATED
2811,0,0,1.9454125404137956,1,AI-GENERATED
128,3,0,48.6251708291164,22,SUSPICIOUS
738,0,0,0.8162925282863788,1,AI-GENERATED
3822,0,0,0.3582096727413776,2,AI-GENERATED
108,2,0,59.722095862114784,27,SUSPICIOUS
111,1,2,45.82971812218105,29,SUSPICIOUS
3521,0,0,0.18412828502238904,1,AI-GENERATED
153,0,1,39.35279199527466,29,SUSPICIOUS
148,4,0,31.189295766449018,21,SUSPICIOUS
1424,0,0,1.9293081741730413,4,AI-GENERATED
3063,0,0,2.7199578179153536,1,AI-GENERATED
158,4,1,36.44121224076716,13,SUSPICIOUS
2555,0,0,2.0556321591578577,3,AI-GENERATED
651,0,0,3.3965402375124882,2,AI-GENERATED
4807,0,0,2.9232071973848686,1,AI-GENERATED
4684,0,0,0.29905952847895023,3,AI-GENERATED
132,1,1,41.06850205986821,13,SUSPICIOUS
3772,0,0,0.33149172900172297,4,AI-GENERATED
155,0,0,56.48871309553679,30,SUSPICIOUS
3445,0,0,3.499096935333147,1,AI-GENERATED
1007,0,0,3.1919032024765754,4,AI-GENERATED
133,4,0,54.0665592487214,17,SUSPICIOUS
2112,0,0,0.8373834763803969,1,AI-GENERATED
4924,0,0,1.6001420531641033,3,AI-GENERATED
144,3,2,53.21262809879301,39,SUSPICIOUS
724,0,0,2.7643799632176327,1,AI-GENERATED
459,0,0,2.2595461916018955,4,AI-GENERATED
122,4,2,54.29801470852141,15,SUSPICIOUS
120,4,1,46.26433790418709,29,SUSPICIOUS
3848,0,0,2.148600555187873,3,AI-GENERATED
151,2,0,28.182376607920638,10,SUSPICIOUS
1405,0,0,3.3205849981974778,1,AI-GENERATED
2688,0,0,0.14221009116116673,2,AI-GENERATED
105,1,0,44.94108745296072,15,SUSPICIOUS
1512,0,0,0.6632345694650249,3,AI-GENERATED
3931,0,0,0.14764796073581182,3,AI-GENERATED
158,0,1,43.33301125178808,19,SUSPICIOUS
1871,0,0,0.48828839121030476,4,AI-GENERATED
135,0,1,22.21052263104659,36,SUSPICIOUS
151,0,2,52.82118209437488,26,SUSPICIOUS
157,0,0,29.905968703213453,14,SUSPICIOUS
2480,0,0,1.2071775529478257,3,AI-GENERATED
151,3,2,29.165557396837137,17,SUSPICIOUS
2171,0,0,1.9165050094509979,2,AI-GENERATED
129,1,0,54.425202450455515,23,SUSPICIOUS
140,2,0,37.31050430256926,36,SUSPICIOUS
3191,0,0,2.4513023971547767,2,AI-GENERATED
174,1,1,27.287586754527677,19,SUSPICIOUS
205,2,0,27.749696470260304,44,SUSPICIOUS
1400,0,0,3.1816734277998893,1,AI-GENERATED
137,3,0,57.186878237565146,15,SUSPICIOUS
132,1,1,42.27042481168542,35,SUSPICIOUS
2868,0,0,0.8848326974926046,3,AI-GENERATED
142,0,2,19.5579994248721,40,SUSPICIOUS
130,1,2,24.041871163244565,42,SUSPICIOUS
2326,0,0,3.3787198521456543,1,AI-GENERATED
4306,0,0,2.884283599032967,1,AI-GENERATED
3902,0,0,0.23743555379253856,1,AI-GENERATED
134,1,2,44.73613874013113,43,SUSPICIOUS
1757,0,0,2.858518247466962,2,AI-GENERATED
4059,0,0,1.2664111581788364,3,AI-GENERATED
141,2,2,51.5042344122112,30,SUSPICIOUS
161,2,1,41.28828519823341,25,SUSPICIOUS
4940,0,0,1.2373628709433295,2,AI-GENERATED
138,0,0,46.30325849473451,19,SUSPICIOUS
3876,0,0,1.94164463150975,2,AI-GENERATED
2267,0,0,2.1261679756903766,3,AI-GENERATED
3191,0,0,2.2035758701028807,3,AI-GENERATED
141,4,1,36.48520913797157,24,SUSPICIOUS
114,1,2,45.34662974172947,10,SUSPICIOUS
146,4,0,45.19173246774668,41,SUSPICIOUS
166,1,0,56.376604191980334,16,SUSPICIOUS
3626,0,0,3.4715768791649735,4,AI-GENERATED
4583,0,0,3.24126108321968,3,AI-GENERATED
121,4,1,80.27903956420099,29,SUSPICIOUS
4569,0,0,0.3330471052190672,4,AI-GENERATED
482,0,0,1.6844910134224773,2,AI-GENERATED
135,2,0,59.31455721284931,17,SUSPICIOUS
1124,0,0,0.4691277609377865,3,AI-GENERATED
2842,0,0,0.6310740801375243,4,AI-GENERATED
1313,0,0,2.1559150602818424,1,AI-GENERATED
439,0,0,2.232126607246773,4,AI-GENERATED
2168,0,0,1.2234781894028812,4,AI-GENERATED
4723,0,0,0.6182656188848407,2,AI-GENERATED
141,0,0,54.64107684245799,11,SUSPICIOUS
147,2,1,51.3703469050688,14,SUSPICIOUS
123,4,0,42.17218967543953,24,SUSPICIOUS
796,0,0,0.21540675504225765,2,AI-GENERATED
141,0,2,41.17135263405376,35,SUSPICIOUS
121,3,1,38.272368697012936,37,SUSPICIOUS
3293,0,0,2.0576424828811786,3,AI-GENERATED
107,1,1,27.30589376383559,16,SUSPICIOUS
1890,0,0,0.4407012478698652,4,AI-GENERATED
142,2,2,60.48809709165209,32,SUSPICIOUS
2867,0,0,2.119651927479936,1,AI-GENERATED
4822,0,0,1.9878183455327818,2,AI-GENERATED
3425,0,0,0.6305279668177071,1,AI-GENERATED
152,3,0,53.863772852924846,38,SUSPICIOUS
145,3,0,28.99282545565361,15,SUSPICIOUS
1757,0,0,3.4165466030463594,2,AI-GENERATED
3388,0,0,3.030018949002375,4,AI-GENERATED
2295,0,0,3.3181528184536684,1,AI-GENERATED
3955,0,0,1.9083189909893263,3,AI-GENERATED
4356,0,0,3.3834032688772466,4,AI-GENERATED
163,1,1,21.363548685081785,22,SUSPICIOUS
161,0,2,58.60017251797883,40,SUSPICIOUS
136,2,1,31.414588424020767,38,SUSPICIOUS
4653,0,0,1.0027584812296615,1,AI-GENERATED
1665,0,0,1.5721452725281215,4,AI-GENERATED
119,3,2,28.657861428685838,29,SUSPICIOUS
1235,0,0,2.0336603138717573,2,AI-GENERATED
144,1,1,32.98465471809826,32,SUSPICIOUS
4424,0,0,1.4718798914543771,2,AI-GENERATED
593,0,0,0.6990509352119353,3,AI-GENERATED
142,2,2,43.319539349359054,15,SUSPICIOUS
2159,0,0,1.5339325295016792,3,AI-GENERATED
163,4,0,25.66182062743464,30,SUSPICIOUS
129,3,2,33.984408617709164,39,SUSPICIOUS
104,3,1,66.81599512759969,39,SUSPICIOUS
133,2,1,78.18007004617249,18,SUSPICIOUS
130,0,2,33.53056672624856,39,SUSPICIOUS
141,0,2,25.655566452495126,41,SUSPICIOUS
556,0,0,3.186980729202594,2,AI-GENERATED
133,0,1,27.271627929600502,36,SUSPICIOUS
1171,0,0,3.1334424280456985,2,AI-GENERATED
2921,0,0,1.9224330053647591,4,AI-GENERATED
4767,0,0,1.9836778236938304,2,AI-GENERATED
167,3,1,51.45050901745081,42,SUSPICIOUS
2755,0,0,2.635428038637231,1,AI-GENERATED
178,2,2,53.00519087641783,40,SUSPICIOUS
155,4,0,35.9356629537683,30,SUSPICIOUS
4038,0,0,1.777454659492045,2,AI-GENERATED
94,2,1,72.69796924945251,30,SUSPICIOUS
1117,0,0,3.0099906914218275,1,AI-GENERATED
3230,0,0,0.8368423445633536,3,AI-GENERATED
125,1,1,37.79946363298865,12,SUSPICIOUS
4496,0,0,3.282532450485368,2,AI-GENERATED
3510,0,0,1.1762911593067942,2,AI-GENERATED
1813,0,0,1.3631955193248624,4,AI-GENERATED
132,2,2,81.4716934076886,24,SUSPICIOUS
157,3,1,39.785552034600215,27,SUSPICIOUS
3804,0,0,0.8941715836869392,4,AI-GENERATED
2378,0,0,2.6012517507768154,2,AI-GENERATED
1014,0,0,0.5532998391262451,4,AI-GENERATED
2724,0,0,1.5683431531025855,3,AI-GENERATED
2861,0,0,0.1428702266172386,2,AI-GENERATED
1381,0,0,1.3208829678998906,1,AI-GENERATED
1566,0,0,3.0570554775849828,1,AI-GENERATED
2457,0,0,3.3490584172062605,1,AI-GENERATED
157,4,0,20.59438770555511,10,SUSPICIOUS
1706,0,0,2.8374617860366618,1,AI-GENERATED
113,2,1,59.44957006451747,41,SUSPICIOUS
157,3,1,75.06395430212473,20,SUSPICIOUS
3254,0,0,1.8916838331993533,4,AI-GENERATED
3871,0,0,0.21381058174800655,1,AI-GENERATED
127,1,1,37.452887937670944,29,SUSPICIOUS
125,4,0,21.330532044533175,25,SUSPICIOUS
4236,0,0,1.3377636328238631,3,AI-GENERATED
123,1,0,37.45266324806413,30,SUSPICIOUS
155,1,0,76.41468275279055,44,SUSPICIOUS
3711,0,0,0.23442984697350838,4,AI-GENERATED
125,2,2,52.82041651795128,19,SUSPICIOUS
105,1,1,58.816493660249684,22,SUSPICIOUS
116,4,0,50.79871540491578,30,SUSPICIOUS
3332,0,0,0.8282225406538737,1,AI-GENERATED
138,4,1,40.67287459638369,24,SUSPICIOUS
883,0,0,1.5134423457743673,2,AI-GENERATED
3462,0,0,2.5871398190865,1,AI-GENERATED
4291,0,0,0.7664901683444757,4,AI-GENERATED
152,3,0,26.597067535030316,11,SUSPICIOUS
157,4,1,55.309086312956,11,SUSPICIOUS
2033,0,0,0.5375034573397595,4,AI-GENERATED
141,4,0,64.01537668060146,16,SUSPICIOUS
1041,0,0,0.2431530325276497,2,AI-GENERATED
2913,0,0,0.9759448086290616,1,AI-GENERATED
2731,0,0,2.5039805534322683,1,AI-GENERATED
2486,0,0,0.5031633978177734,1,AI-GENERATED
2264,0,0,0.85048789751631,3,AI-GENERATED
182,3,2,67.00515140216064,20,SUSPICIOUS
128,4,1,58.78213807515684,42,SUSPICIOUS
1037,0,0,1.4191199511654073,3,AI-GENERATED
635,0,0,2.214746654329799,2,AI-GENERATED
605,0,0,1.8664325241472088,3,AI-GENERATED
162,1,2,32.975641782823615,14,SUSPICIOUS
124,1,0,37.526592712280156,26,SUSPICIOUS
1647,0,0,1.4782485975188138,4,AI-GENERATED
2641,0,0,2.2130409095468293,3,AI-GENERATED
3340,0,0,0.6518503788308998,2,AI-GENERATED
137,1,0,43.64274302907435,44,SUSPICIOUS
137,1,0,20.03127194855894,25,SUSPICIOUS
2556,0,0,2.747905357184617,4,AI-GENERATED
182,0,1,33.913072027683896,37,SUSPICIOUS
3031,0,0,1.39587814589718,2,AI-GENERATED
133,0,1,21.95067852794464,25,SUSPICIOUS
173,1,2,67.73824418161584,40,SUSPICIOUS
138,0,2,31.856470178463454,29,SUSPICIOUS
3435,0,0,0.7733502257265205,4,AI-GENERATED
2697,0,0,3.1996884272068864,4,AI-GENERATED
1294,0,0,2.4507533221310176,2,AI-GENERATED
163,2,1,63.837314089449634,20,SUSPICIOUS
4952,0,0,2.898670018849575,3,AI-GENERATED
1546,0,0,2.827328070446073,1,AI-GENERATED
114,1,2,58.01671955376079,20,SUSPICIOUS
148,2,1,28.287467961200786,35,SUSPICIOUS
142,2,0,59.65313129217533,16,SUSPICIOUS
2433,0,0,1.8743137384914266,2,AI-GENERATED
1816,0,0,1.0707447468747127,4,AI-GENERATED
142,0,0,38.41869092090418,16,SUSPICIOUS
122,0,0,34.22833117776661,19,SUSPICIOUS
2995,0,0,2.30361208421747,4,AI-GENERATED
729,0,0,0.5911817096206923,2,AI-GENERATED
125,0,0,64.1845880850183,11,SUSPICIOUS
162,3,0,23.751195981209182,34,SUSPICIOUS
1363,0,0,2.633562117161628,2,AI-GENERATED
128,1,2,34.54276875605012,15,SUSPICIOUS
159,1,0,57.570759312484974,37,SUSPICIOUS
166,4,2,56.97070131108367,36,SUSPICIOUS
124,3,1,66.78596375634157,36,SUSPICIOUS
135,3,2,26.10544819040469,29,SUSPICIOUS
140,3,0,35.08566133721122,19,SUSPICIOUS
140,3,1,26.98761498411862,10,SUSPICIOUS
161,2,2,38.95955805327403,22,SUSPICIOUS
1532,0,0,2.084028744897222,3,AI-GENERATED
1181,0,0,0.7897430793212976,3,AI-GENERATED
149,0,2,66.59940226193183,40,SUSPICIOUS
3615,0,0,3.4494563337385817,4,AI-GENERATED
139,4,0,59.78097245576683,32,SUSPICIOUS
2717,0,0,2.1361208072037554,4,AI-GENERATED
2213,0,0,0.9480273995461995,2,AI-GENERATED
139,1,1,49.858489526179866,43,SUSPICIOUS
478,0,0,0.9097389776581314,1,AI-GENERATED
1458,0,0,2.313254462119103,2,AI-GENERATED
142,3,0,5.0,42,SUSPICIOUS
773,0,0,1.830685269458449,2,AI-GENERATED
1248,0,0,0.37317539581802894,1,AI-GENERATED
146,3,1,73.87517328276624,10,SUSPICIOUS
111,0,0,33.30448330542619,29,SUSPICIOUS
99,0,2,53.637509826216444,15,SUSPICIOUS
116,2,2,31.41561375076102,18,SUSPICIOUS
138,3,1,40.01556048259177,19,SUSPICIOUS
4555,0,0,0.16065663754764856,3,AI-GENERATED
4773,0,0,3.1836237241539846,2,AI-GENERATED
925,0,0,0.4862023818571579,1,AI-GENERATED
146,1,1,29.41752344906535,26,SUSPICIOUS
123,2,2,47.8275547802198,16,SUSPICIOUS
154,3,2,48.60826127606693,30,SUSPICIOUS
2758,0,0,2.731790546866849,3,AI-GENERATED
2027,0,0,0.24987540619156023,2,AI-GENERATED
2440,0,0,2.0964251744499958,2,AI-GENERATED
2580,0,0,1.1752413156217967,2,AI-GENERATED
119,1,1,5.30929841461451,31,SUSPICIOUS
147,1,2,57.97383231272247,10,SUSPICIOUS
4148,0,0,3.497321897812215,1,AI-GENERATED
152,1,0,18.163528996882825,27,SUSPICIOUS
2922,0,0,0.17160938770330558,3,AI-GENERATED
141,1,0,35.0509160097512,11,SUSPICIOUS
3458,0,0,1.726676708700569,4,AI-GENERATED
3650,0,0,1.9997243427039495,3,AI-GENERATED
2448,0,0,2.4604257875775324,4,AI-GENERATED
4740,0,0,0.9958393601669908,2,AI-GENERATED
132,2,1,64.47741394295895,35,SUSPICIOUS
2132,0,0,2.2576993778862913,3,AI-GENERATED
139,0,2,52.41852997396193,20,SUSPICIOUS
4539,0,0,3.209252719206248,3,AI-GENERATED
739,0,0,2.0801073687486142,3,AI-GENERATED
135,2,2,47.16526370775485,38,SUSPICIOUS
134,4,1,65.89476151050773,16,SUSPICIOUS
2668,0,0,0.9893653605166223,2,AI-GENERATED
422,0,0,3.455474712537988,1,AI-GENERATED
2462,0,0,3.4550320203039333,4,AI-GENERATED
755,0,0,1.2344611797027611,2,AI-GENERATED
3393,0,0,2.7369238069715776,2,AI-GENERATED
149,4,1,43.69769799962331,34,SUSPICIOUS
1586,0,0,2.1614110671229487,4,AI-GENERATED
4422,0,0,1.3216759043487585,3,AI-GENERATED
4162,0,0,2.316908284648909,1,AI-GENERATED
152,4,1,32.50192657114631,24,SUSPICIOUS
4189,0,0,0.4819262812437739,3,AI-GENERATED
180,0,0,5.0,25,SUSPICIOUS
110,0,0,37.04408071295585,42,SUSPICIOUS
1552,0,0,3.444895752757559,4,AI-GENERATED
107,3,2,64.09862620362661,19,SUSPICIOUS
156,1,1,35.987813357139146,11,SUSPICIOUS
127,1,2,44.393864504655596,26,SUSPICIOUS
139,0,1,26.44541889267014,10,SUSPICIOUS
4946,0,0,0.9923295730469145,2,AI-GENERATED
3570,0,0,1.0224101198725641,2,AI-GENERATED
2675,0,0,2.496153906156341,3,AI-GENERATED
143,4,0,43.18811527878207,26,SUSPICIOUS
2936,0,0,0.5727964246159867,1,AI-GENERATED
1414,0,0,0.6141081990217538,4,AI-GENERATED
4183,0,0,3.4131422330357704,4,AI-GENERATED
140,3,2,23.769857589709826,33,SUSPICIOUS
191,4,1,54.74659406821807,21,SUSPICIOUS
2363,0,0,1.7661901992039577,2,AI-GENERATED
2559,0,0,0.41512169257118037,3,AI-GENERATED
96,1,1,51.42751653087097,38,SUSPICIOUS
158,2,2,61.42408575715734,42,SUSPICIOUS
4548,0,0,2.407104555773968,4,AI-GENERATED
4939,0,0,2.046823232789558,4,AI-GENERATED
3518,0,0,0.3784985104953078,1,AI-GENERATED
150,1,2,56.52150426582034,12,SUSPICIOUS
137,4,2,20.951527166050386,26,SUSPICIOUS
144,3,0,46.23936038761046,27,SUSPICIOUS
165,0,0,45.075317595751386,15,SUSPICIOUS
1491,0,0,2.516147667231503,2,AI-GENERATED
137,4,2,36.598209611436715,42,SUSPICIOUS
4724,0,0,1.7759244176003464,4,AI-GENERATED
127,4,2,54.91650422063373,44,SUSPICIOUS
145,4,2,28.979090862748834,40,SUSPICIOUS
136,4,1,55.04082868046231,34,SUSPICIOUS
4588,0,0,2.520786701456537,3,AI-GENERATED
148,2,1,50.9918148429137,31,SUSPICIOUS
145,2,1,36.35436224828905,41,SUSPICIOUS
131,2,0,56.73510571802596,44,SUSPICIOUS
4248,0,0,0.25955229385112666,4,AI-GENERATED
1211,0,0,1.918585107628173,2,AI-GENERATED
2721,0,0,2.027703788492167,3,AI-GENERATED
116,4,2,53.06039756235111,38,SUSPICIOUS
4564,0,0,1.0571369855252082,3,AI-GENERATED
2266,0,0,1.317280574341861,1,AI-GENERATED
1995,0,0,0.5304212414933063,2,AI-GENERATED
682,0,0,2.1293995429955177,2,AI-GENERATED
4620,0,0,2.144679119004515,4,AI-GENERATED
4658,0,0,0.5555619537142253,3,AI-GENERATED
126,3,1,43.30183903050149,41,SUSPICIOUS
2919,0,0,1.0105417340308736,4,AI-GENERATED
3049,0,0,2.2260578442950734,1,AI-GENERATED
138,2,1,34.88873134743476,40,SUSPICIOUS
116,2,0,62.1939516403265,26,SUSPICIOUS
1329,0,0,0.698266426557209,3,AI-GENERATED
151,1,0,47.59889941422676,33,SUSPICIOUS
155,3,1,40.87763557615372,10,SUSPICIOUS
157,3,0,43.039702668101064,38,SUSPICIOUS
146,4,0,38.74719220837514,10,SUSPICIOUS
1431,0,0,1.3310469849798143,1,AI-GENERATED
144,3,1,54.970887676614794,18,SUSPICIOUS
3695,0,0,3.435346153430826,1,AI-GENERATED
3887,0,0,0.4359585844015128,3,AI-GENERATED
1255,0,0,1.6347361366837487,4,AI-GENERATED
120,3,0,34.937239037680804,24,SUSPICIOUS
143,0,1,42.76135327473362,42,SUSPICIOUS
150,4,0,53.51451533490817,25,SUSPICIOUS
4106,0,0,2.9945107165323823,3,AI-GENERATED
4643,0,0,1.5461811621034778,3,AI-GENERATED
4264,0,0,0.32240858125701843,1,AI-GENERATED
4493,0,0,2.741667192707498,4,AI-GENERATED
112,2,0,63.22624158254902,11,SUSPICIOUS
138,3,1,54.0080975154551,28,SUSPICIOUS
3026,0,0,0.5212914763791507,1,AI-GENERATED
4353,0,0,0.3918886689440224,4,AI-GENERATED
135,4,1,61.21481942556162,33,SUSPICIOUS
2388,0,0,2.8011579836652185,2,AI-GENERATED
1740,0,0,1.4634154098795373,3,AI-GENERATED
1670,0,0,2.49228019245865,4,AI-GENERATED
147,1,1,61.75365005826913,15,SUSPICIOUS
167,3,2,49.79035810498327,15,SUSPICIOUS
1553,0,0,2.7338356782048727,4,AI-GENERATED
2834,0,0,0.5748103861850457,4,AI-GENERATED
1332,0,0,0.3785538879013598,1,AI-GENERATED
145,4,1,57.7509837594049,16,SUSPICIOUS
144,1,2,45.442832735986094,38,SUSPICIOUS
3231,0,0,3.4593686811580526,1,AI-GENERATED
108,0,0,28.412311449376393,23,SUSPICIOUS
127,1,2,55.44204031109333,31,SUSPICIOUS
169,0,1,38.99210927141171,41,SUSPICIOUS
152,1,1,36.36034118482183,16,SUSPICIOUS
111,0,1,44.82338868884144,20,SUSPICIOUS
114,2,0,57.785250860537424,44,SUSPICIOUS
1470,0,0,0.26666384652333847,1,AI-GENERATED
147,0,2,54.217467332726514,34,SUSPICIOUS
167,1,0,27.68344378279831,23,SUSPICIOUS
177,4,0,62.82439696645004,10,SUSPICIOUS
4527,0,0,2.3728221040795847,1,AI-GENERATED
627,0,0,1.7729841677224112,4,AI-GENERATED
2866,0,0,1.7526678002532763,2,AI-GENERATED
125,0,0,50.76063058529937,18,SUSPICIOUS
4358,0,0,0.3806762613064617,2,AI-GENERATED
163,0,0,53.56280085680086,18,SUSPICIOUS
2686,0,0,0.256272975522491,2,AI-GENERATED
150,0,0,64.81570349141035,11,SUSPICIOUS
139,2,1,37.70700667940448,42,SUSPICIOUS
142,3,1,21.6637369479319,12,SUSPICIOUS
133,0,1,48.341957297791694,13,SUSPICIOUS
3069,0,0,3.4702425949371962,1,AI-GENERATED
141,0,0,64.94137021369626,25,SUSPICIOUS
116,0,1,49.056629392663865,12,SUSPICIOUS
127,0,2,37.27294629102362,16,SUSPICIOUS
2586,0,0,0.5620977746413062,3,AI-GENERATED
123,4,2,35.58783628624483,16,SUSPICIOUS
4165,0,0,2.4928938453902716,2,AI-GENERATED
2932,0,0,1.4641567039532946,3,AI-GENERATED
106,3,2,33.74028876647481,26,SUSPICIOUS
3651,0,0,1.7432400663932786,1,AI-GENERATED
130,4,1,33.65141113602579,13,SUSPICIOUS
1825,0,0,3.2198179743214275,4,AI-GENERATED
116,2,2,71.45217087240047,32,SUSPICIOUS
4545,0,0,1.1545541092540068,2,AI-GENERATED
3666,0,0,0.7771623919231819,4,AI-GENERATED
118,1,2,79.81729216938398,18,SUSPICIOUS
137,4,2,61.227538314232135,40,SUSPICIOUS
3791,0,0,2.994686531844555,1,AI-GENERATED
961,0,0,0.49308456298344183,2,AI-GENERATED
3048,0,0,1.3885346099985116,3,AI-GENERATED
1563,0,0,1.2060261656197857,4,AI-GENERATED
109,0,1,33.01655644908132,42,SUSPICIOUS
153,3,1,30.52551995042627,33,SUSPICIOUS
152,3,1,46.6353309979736,35,SUSPICIOUS
145,1,1,58.17998677666624,39,SUSPICIOUS
112,2,1,45.66400071770953,42,SUSPICIOUS
4646,0,0,1.4730580004046854,2,AI-GENERATED
668,0,0,1.004829570935294,4,AI-GENERATED
160,2,1,52.02457930984382,43,SUSPICIOUS
149,3,0,47.66459762010592,29,SUSPICIOUS
1461,0,0,3.306663491008862,4,AI-GENERATED
140,0,1,42.914251855792514,34,SUSPICIOUS
3790,0,0,1.1979376608400232,1,AI-GENERATED
157,3,1,53.13085089529148,38,SUSPICIOUS
4050,0,0,0.9721851199056808,1,AI-GENERATED
2716,0,0,2.1808766149275085,4,AI-GENERATED
140,2,1,22.48165127758189,20,SUSPICIOUS
140,3,1,34.07303460135515,24,SUSPICIOUS
129,4,0,40.479603115483535,22,SUSPICIOUS
3790,0,0,2.910798767003157,3,AI-GENERATED
149,0,0,44.704630514482524,32,SUSPICIOUS
182,1,1,46.754416119394165,17,SUSPICIOUS
552,0,0,1.5375195950566907,1,AI-GENERATED
489,0,0,2.145188518671979,2,AI-GENERATED
141,3,0,33.45275773716395,44,SUSPICIOUS
1838,0,0,0.7891975093728801,4,AI-GENERATED
1969,0,0,2.8773222144203126,4,AI-GENERATED
112,1,0,51.0558742576869,23,SUSPICIOUS
1649,0,0,2.403864122447583,3,AI-GENERATED
2237,0,0,1.4034357234197228,4,AI-GENERATED
136,3,1,28.313841813959428,22,SUSPICIOUS
2555,0,0,2.3483329688201025,3,AI-GENERATED
112,3,1,33.393073710228606,23,SUSPICIOUS
154,1,2,50.718850233457225,16,SUSPICIOUS
2708,0,0,3.363947379975919,3,AI-GENERATED
3644,0,0,1.4345728377973082,3,AI-GENERATED
4070,0,0,1.2960030427854468,2,AI-GENERATED
4254,0,0,0.35609754510844427,2,AI-GENERATED
1680,0,0,2.1153197124175342,4,AI-GENERATED
138,1,1,60.477759987040585,29,SUSPICIOUS
152,0,2,47.17869231228008,15,SUSPICIOUS
1025,0,0,3.0379557398854558,3,AI-GENERATED
796,0,0,1.2965640052659593,4,AI-GENERATED
407,0,0,1.5803196101431207,3,AI-GENERATED
1463,0,0,3.2017592605317726,4,AI-GENERATED
147,3,2,52.817463870014976,16,SUSPICIOUS
2126,0,0,1.7918094310514143,2,AI-GENERATED
1247,0,0,2.2753972813101258,4,AI-GENERATED
1972,0,0,2.9389006081396034,3,AI-GENERATED
3712,0,0,1.5701570718054314,4,AI-GENERATED
415,0,0,1.6779901684784577,1,AI-GENERATED
128,2,1,46.88558140126352,38,SUSPICIOUS
108,3,1,39.03116741080235,44,SUSPICIOUS
128,1,1,61.325308578851896,37,SUSPICIOUS
1988,0,0,2.0778398501400694,3,AI-GENERATED
118,1,1,22.070729601319876,12,SUSPICIOUS
156,2,0,50.96818409850045,29,SUSPICIOUS
121,4,2,33.405810253831866,42,SUSPICIOUS
118,1,2,60.9670352479955,15,SUSPICIOUS
2564,0,0,3.309369746764922,2,AI-GENERATED
868,0,0,1.962551567018429,4,AI-GENERATED
2333,0,0,2.2811812561641935,1,AI-GENERATED
1154,0,0,3.231597997069643,4,AI-GENERATED
1390,0,0,2.7163129897986233,4,AI-GENERATED
140,1,0,35.07122374809994,17,SUSPICIOUS
4263,0,0,3.1493179640879907,3,AI-GENERATED
115,2,0,53.18740187366263,16,SUSPICIOUS
141,3,1,22.902274485630183,11,SUSPICIOUS
115,3,1,22.639315816179455,44,SUSPICIOUS
1205,0,0,3.1081281296533443,1,AI-GENERATED
117,3,1,39.45866335412748,27,SUSPICIOUS
137,4,2,50.78419516453469,21,SUSPICIOUS
120,3,2,23.863100230330215,19,SUSPICIOUS
2885,0,0,3.241862035583206,2,AI-GENERATED
4709,0,0,2.642589639177583,2,AI-GENERATED
162,1,1,66.66186871876276,17,SUSPICIOUS
3407,0,0,1.2654184022582358,1,AI-GENERATED
120,4,2,39.01853116231176,10,SUSPICIOUS
121,0,0,15.17951787345011,37,SUSPICIOUS
133,0,1,57.61939630721455,27,SUSPICIOUS
180,0,2,36.83561231158822,23,SUSPICIOUS
134,1,1,65.8348249181521,35,SUSPICIOUS
168,0,1,65.11938730242065,25,SUSPICIOUS
1270,0,0,1.7957647485686428,3,AI-GENERATED
128,0,0,42.51552177586774,25,SUSPICIOUS
3231,0,0,2.894780328151913,2,AI-GENERATED
170,4,2,34.916162617303314,41,SUSPICIOUS
759,0,0,2.9756160117255277,3,AI-GENERATED
97,0,0,62.424613597198736,26,SUSPICIOUS
4280,0,0,1.9020230247851535,2,AI-GENERATED
2645,0,0,3.115532757669125,4,AI-GENERATED
124,3,0,45.81664515810048,36,SUSPICIOUS
4030,0,0,1.8936317196869514,2,AI-GENERATED
123,1,0,65.20791732583626,40,SUSPICIOUS
118,3,1,75.61757088235933,24,SUSPICIOUS
125,1,2,52.94743570246733,39,SUSPICIOUS
123,0,2,52.39222601426579,41,SUSPICIOUS
3542,0,0,3.303072153590404,3,AI-GENERATED
162,1,2,40.57935531025766,31,SUSPICIOUS
139,3,0,52.61224378001267,40,SUSPICIOUS
123,4,1,29.077331632046747,20,SUSPICIOUS
120,0,0,46.93873688521216,30,SUSPICIOUS
153,3,1,38.99018440347951,23,SUSPICIOUS
123,0,1,65.94108414550988,22,SUSPICIOUS
511,0,0,3.12590510695548,2,AI-GENERATED
4401,0,0,2.1121781320674904,4,AI-GENERATED
111,1,2,41.78890782983494,44,SUSPICIOUS
4772,0,0,1.0474028912145954,1,AI-GENERATED
728,0,0,3.118034966820907,1,AI-GENERATED
4160,0,0,2.698349290246459,3,AI-GENERATED
4154,0,0,2.4606053008543314,3,AI-GENERATED
1706,0,0,0.3492042235434763,3,AI-GENERATED
622,0,0,1.0611207647987035,4,AI-GENERATED
163,4,1,54.67590612779127,31,SUSPICIOUS
1148,0,0,2.818435691612206,3,AI-GENERATED
460,0,0,2.8840134891164633,2,AI-GENERATED
153,3,1,39.31275784000615,44,SUSPICIOUS
2859,0,0,0.3397739743423722,3,AI-GENERATED
4618,0,0,2.347813715283651,4,AI-GENERATED
4018,0,0,2.1083744772017,3,AI-GENERATED
4296,0,0,2.488572521262521,1,AI-GENERATED
689,0,0,1.6276829800819088,3,AI-GENERATED
2191,0,0,2.288010844418172,2,AI-GENERATED
135,4,2,25.221572822135208,44,SUSPICIOUS
418,0,0,1.7310761761157867,1,AI-GENERATED
150,2,0,61.75451171844118,29,SUSPICIOUS
146,2,1,47.52608173321907,28,SUSPICIOUS
768,0,0,2.334085406917431,2,AI-GENERATED
4652,0,0,1.1875170149228287,2,AI-GENERATED
132,0,1,36.922268030770205,31,SUSPICIOUS
97,2,1,38.0902702147794,44,SUSPICIOUS
3934,0,0,1.7338729347622002,4,AI-GENERATED
149,2,1,56.56809875393799,14,SUSPICIOUS
136,2,0,52.60617275286499,32,SUSPICIOUS
146,0,2,52.6109832739815,42,SUSPICIOUS
136,4,0,49.2283780334909,23,SUSPICIOUS
1293,0,0,3.4848031766269187,4,AI-GENERATED
96,1,1,22.36878079094792,24,SUSPICIOUS
132,0,0,41.414002723829405,44,SUSPICIOUS
2993,0,0,2.5631444905947314,4,AI-GENERATED
1362,0,0,2.157376410860037,3,AI-GENERATED
157,3,1,45.241346219373376,16,SUSPICIOUS
146,1,0,64.97751271159247,29,SUSPICIOUS
123,2,2,61.2984591946813,27,SUSPICIOUS
155,4,2,36.449117383644726,37,SUSPICIOUS
153,4,0,44.79557106310538,28,SUSPICIOUS
1762,0,0,3.324725859087335,3,AI-GENERATED
647,0,0,2.7429060330755504,1,AI-GENERATED
143,3,2,58.92850890451319,28,SUSPICIOUS
767,0,0,3.002194053586568,1,AI-GENERATED
925,0,0,3.188950939120911,4,AI-GENERATED
142,2,2,42.916382804480236,34,SUSPICIOUS
115,0,1,33.78189059720383,40,SUSPICIOUS
151,0,2,45.74075808108865,19,SUSPICIOUS
161,2,2,54.4751247462422,40,SUSPICIOUS
128,3,1,39.343505178897004,19,SUSPICIOUS
3276,0,0,1.8275312581910472,2,AI-GENERATED
146,1,0,61.33382684891794,44,SUSPICIOUS
120,3,2,49.1156536323783,17,SUSPICIOUS
106,0,1,46.29830762801635,22,SUSPICIOUS
144,3,1,85.46085211498985,35,SUSPICIOUS
132,4,2,53.95115462357776,13,SUSPICIOUS
156,2,2,42.22296883047656,15,SUSPICIOUS
127,1,1,29.09213085888463,30,SUSPICIOUS
4025,0,0,2.945472976827339,2,AI-GENERATED
125,4,0,28.645773092085516,42,SUSPICIOUS
3483,0,0,0.2770676836552136,3,AI-GENERATED
721,0,0,1.854635671866407,1,AI-GENERATED
4704,0,0,2.009958699066181,2,AI-GENERATED
151,0,0,54.34671252846921,18,SUSPICIOUS
3182,0,0,1.2717729650215257,3,AI-GENERATED
129,0,2,61.481945199205086,14,SUSPICIOUS
4332,0,0,2.217779668033538,2,AI-GENERATED
3539,0,0,0.2676572323095695,2,AI-GENERATED
169,1,2,66.62050725364305,33,SUSPICIOUS
2402,0,0,3.0695527607872433,3,AI-GENERATED
113,0,2,17.26694731555491,19,SUSPICIOUS
117,4,1,62.90483510691113,41,SUSPICIOUS
1223,0,0,0.6708873030300997,1,AI-GENERATED
4938,0,0,0.582929171287676,3,AI-GENERATED
1059,0,0,0.3297124730512614,1,AI-GENERATED
176,0,0,44.08085840148118,18,SUSPICIOUS
3330,0,0,0.7447556738074684,3,AI-GENERATED
128,2,1,72.7497859329004,17,SUSPICIOUS
171,3,1,56.43492336864686,20,SUSPICIOUS
845,0,0,1.6488272335646117,4,AI-GENERATED
2598,0,0,3.243342000982241,2,AI-GENERATED
131,3,2,34.116394626759174,30,SUSPICIOUS
144,0,1,56.61952274908692,31,SUSPICIOUS
1450,0,0,3.3225536111631744,1,AI-GENERATED
147,1,2,49.82426255513792,33,SUSPICIOUS
2900,0,0,2.8847767013914583,3,AI-GENERATED
128,1,2,43.27274349831172,32,SUSPICIOUS
147,4,0,51.74902326348088,21,SUSPICIOUS
87,0,2,35.706664191409914,27,SUSPICIOUS
2649,0,0,1.8065226738533409,4,AI-GENERATED
3049,0,0,0.873466537498996,4,AI-GENERATED
121,0,2,35.09323198421992,40,SUSPICIOUS
2738,0,0,1.9392127536010657,3,AI-GENERATED
1342,0,0,1.0452180078443714,4,AI-GENERATED
153,0,2,72.43751436721051,40,SUSPICIOUS
125,3,1,41.952822416846175,34,SUSPICIOUS
140,0,0,53.782156857040896,38,SUSPICIOUS
163,4,2,36.370567807616325,39,SUSPICIOUS
159,4,0,53.622133930779654,22,SUSPICIOUS
3455,0,0,0.36673039719413336,3,AI-GENERATED
4708,0,0,1.8023325245819637,2,AI-GENERATED
4412,0,0,3.052236914793435,4,AI-GENERATED
4862,0,0,1.5054530705620879,4,AI-GENERATED
2075,0,0,1.1911548713040658,2,AI-GENERATED
165,4,1,44.55899508310712,39,SUSPICIOUS
3918,0,0,2.819897185410126,2,AI-GENERATED
94,1,1,52.54991205273155,37,SUSPICIOUS
113,4,0,63.74731005926868,41,SUSPICIOUS
151,4,0,28.50871903871263,14,SUSPICIOUS
144,0,2,27.030431698310544,22,SUSPICIOUS
142,3,1,53.951813581567805,44,SUSPICIOUS
3670,0,0,2.3067756064398126,4,AI-GENERATED
465,0,0,1.1839847807522141,4,AI-GENERATED
144,1,0,71.63812973169942,23,SUSPICIOUS
148,0,2,41.589693549494505,16,SUSPICIOUS
1629,0,0,0.15770460622880156,3,AI-GENERATED
4301,0,0,2.3931773705878263,4,AI-GENERATED
3432,0,0,1.4695347282287274,2,AI-GENERATED
103,2,0,35.769309795544736,44,SUSPICIOUS
4214,0,0,2.374057956818433,3,AI-GENERATED
617,0,0,1.4280986703230036,2,AI-GENERATED
4391,0,0,1.8455976583852838,3,AI-GENERATED
128,3,1,54.218380508525996,26,SUSPICIOUS
2970,0,0,1.1484541551817375,1,AI-GENERATED
125,4,2,31.50694344091798,22,SUSPICIOUS
4328,0,0,1.4514940083782335,2,AI-GENERATED
1295,0,0,3.4578663866955432,1,AI-GENERATED
1415,0,0,1.304581057205216,2,AI-GENERATED
574,0,0,1.80241010718453,1,AI-GENERATED
3394,0,0,0.5007842818725151,1,AI-GENERATED
4562,0,0,3.3060748930979194,4,AI-GENERATED
167,0,2,36.92628313971665,21,SUSPICIOUS
126,0,0,57.28646889172843,15,SUSPICIOUS
4014,0,0,2.1941617705095093,3,AI-GENERATED
4218,0,0,0.7779519427561924,2,AI-GENERATED
1213,0,0,1.3734242235792233,1,AI-GENERATED
138,0,1,71.79177213561192,16,SUSPICIOUS
148,1,2,36.349691828625765,19,SUSPICIOUS
1684,0,0,1.6556209966253648,4,AI-GENERATED
1775,0,0,2.808739394031846,2,AI-GENERATED
134,0,1,58.63652380666875,30,SUSPICIOUS
3756,0,0,2.330115304483356,2,AI-GENERATED
119,3,2,38.66832756292326,28,SUSPICIOUS
141,4,1,22.053512544096094,19,SUSPICIOUS
1091,0,0,1.2551086330386123,1,AI-GENERATED
140,4,2,37.759047879387595,22,SUSPICIOUS
2448,0,0,2.1022420437213936,1,AI-GENERATED
139,4,2,82.27985159843072,39,SUSPICIOUS
4955,0,0,1.9311552265926841,3,AI-GENERATED
1701,0,0,0.8259314260974909,1,AI-GENERATED
139,4,1,42.014624020629455,36,SUSPICIOUS
3421,0,0,2.3829889631142986,1,AI-GENERATED
3468,0,0,1.7314624469963071,1,AI-GENERATED
155,1,0,52.34093015202871,30,SUSPICIOUS
113,0,0,17.04759513070082,10,SUSPICIOUS
1103,0,0,0.5861963118157029,3,AI-GENERATED
2975,0,0,0.3497766898685571,2,AI-GENERATED
1152,0,0,2.424762848007586,3,AI-GENERATED
99,3,1,52.62519515852275,25,SUSPICIOUS
132,4,2,43.28863352728596,38,SUSPICIOUS
689,0,0,1.5150759277842336,3,AI-GENERATED
3839,0,0,0.366163006108407,4,AI-GENERATED
716,0,0,0.1328488356469179,4,AI-GENERATED
122,0,2,39.72453560545102,39,SUSPICIOUS
1640,0,0,1.3470756082863404,3,AI-GENERATED
137,3,2,47.95785862765767,18,SUSPICIOUS
1859,0,0,2.077546440011151,3,AI-GENERATED
119,2,0,53.78914649495842,15,SUSPICIOUS
1101,0,0,1.7715950638609166,2,AI-GENERATED
148,4,2,41.17157476134531,33,SUSPICIOUS
519,0,0,2.0704241473135148,1,AI-GENERATED
4789,0,0,0.47614040381544764,3,AI-GENERATED
3881,0,0,3.0640037807159173,3,AI-GENERATED
4581,0,0,2.9368209591058356,1,AI-GENERATED
108,2,2,39.406320316264214,25,SUSPICIOUS
166,3,1,42.72060584300589,41,SUSPICIOUS
168,4,0,46.49073417251649,35,SUSPICIOUS
2612,0,0,1.019343507429867,1,AI-GENERATED
846,0,0,0.4057419407379571,1,AI-GENERATED
125,2,1,15.368598815217723,16,SUSPICIOUS
140,3,0,57.802707047132806,12,SUSPICIOUS
556,0,0,2.5102277939897086,3,AI-GENERATED
4357,0,0,0.9828165970874958,1,AI-GENERATED
1188,0,0,2.0481554954236483,1,AI-GENERATED
2270,0,0,1.0068197420814058,3,AI-GENERATED
3578,0,0,1.1851934100957833,2,AI-GENERATED
150,0,0,67.01245428242107,15,SUSPICIOUS
2416,0,0,2.9298122245075584,1,AI-GENERATED
2469,0,0,0.11256802383959166,4,AI-GENERATED
3751,0,0,2.4030553158072396,2,AI-GENERATED
125,4,2,65.79915738172015,10,SUSPICIOUS
98,4,2,50.11588594009467,33,SUSPICIOUS
116,1,2,43.802995344808444,22,SUSPICIOUS
110,3,2,56.92435802985425,37,SUSPICIOUS
137,1,2,61.316132391010214,29,SUSPICIOUS
170,0,1,35.90059305808245,18,SUSPICIOUS
116,2,0,42.11531924801763,15,SUSPICIOUS
153,1,1,49.930517220183376,32,SUSPICIOUS
2429,0,0,1.1852522182694856,3,AI-GENERATED
150,1,1,65.95293492123562,44,SUSPICIOUS
142,0,1,51.11899428858173,16,SUSPICIOUS
164,3,2,16.29796470165159,27,SUSPICIOUS
152,3,1,33.12674816435108,38,SUSPICIOUS
128,1,0,5.0,39,SUSPICIOUS
182,1,1,55.20020141186049,12,SUSPICIOUS
2536,0,0,3.394656901085227,4,AI-GENERATED
124,3,0,75.95423212312753,26,SUSPICIOUS
4186,0,0,2.317711956198952,3,AI-GENERATED
2788,0,0,1.0713960525730801,3,AI-GENERATED
2995,0,0,2.227052661903478,1,AI-GENERATED
3123,0,0,1.5511096421534594,3,AI-GENERATED
3516,0,0,0.8556477921501846,2,AI-GENERATED
4961,0,0,0.6219435585457619,1,AI-GENERATED
1786,0,0,0.9395371584822182,1,AI-GENERATED
103,1,2,36.545787728136986,39,SUSPICIOUS
155,3,1,49.28612379309864,27,SUSPICIOUS
1692,0,0,0.40866489269920403,4,AI-GENERATED
4505,0,0,1.859892363993506,1,AI-GENERATED
118,4,1,76.1416724113744,14,SUSPICIOUS
2253,0,0,3.4086199468490856,3,AI-GENERATED
161,1,0,57.98480275236442,20,SUSPICIOUS
2255,0,0,1.557180006519492,4,AI-GENERATED
153,0,2,39.22253566653461,42,SUSPICIOUS
164,3,0,45.95730176434455,34,SUSPICIOUS
2667,0,0,0.7889781023699017,1,AI-GENERATED
2619,0,0,2.335002288121106,3,AI-GENERATED
3911,0,0,2.0267859892483813,2,AI-GENERATED
117,3,0,53.104609090844335,17,SUSPICIOUS
144,4,2,60.48224750006087,38,SUSPICIOUS
1683,0,0,1.8516000930145167,4,AI-GENERATED
1620,0,0,1.0228960840964691,3,AI-GENERATED
153,3,2,43.95136547506167,41,SUSPICIOUS
157,3,1,55.714580247533746,29,SUSPICIOUS
137,1,2,51.025744392541924,24,SUSPICIOUS
147,4,0,64.47507567463046,14,SUSPICIOUS
4680,0,0,2.9677785947320308,3,AI-GENERATED
164,1,0,26.461810007917297,10,SUSPICIOUS
139,0,2,31.190899111958576,43,SUSPICIOUS
150,1,1,24.30203312375925,25,SUSPICIOUS
155,4,2,58.55241266835573,30,SUSPICIOUS
2958,0,0,1.233255779658192,4,AI-GENERATED
133,4,1,60.366213840374584,40,SUSPICIOUS
175,3,1,50.437790922540074,31,SUSPICIOUS
4997,0,0,2.8952801080688446,1,AI-GENERATED
1820,0,0,0.7601561877059101,4,AI-GENERATED
1730,0,0,1.3859947674444744,1,AI-GENERATED
4393,0,0,0.5342601738726004,2,AI-GENERATED
1935,0,0,1.4359521848359618,4,AI-GENERATED
3043,0,0,1.6254750800123372,2,AI-GENERATED
2733,0,0,3.1497681502745545,2,AI-GENERATED
3159,0,0,0.8278492294857891,3,AI-GENERATED
129,1,0,55.730879547603806,38,SUSPICIOUS
178,2,2,41.193343546680815,16,SUSPICIOUS
3627,0,0,3.3827395769481536,1,AI-GENERATED
134,0,1,53.279051867450534,22,SUSPICIOUS
1551,0,0,3.2145237397778166,4,AI-GENERATED
131,1,0,64.7163857751955,11,SUSPICIOUS
159,3,2,41.03175329031035,32,SUSPICIOUS
1560,0,0,1.3934487848123405,4,AI-GENERATED
148,3,0,44.43252883842406,37,SUSPICIOUS
1341,0,0,0.5630457494895814,3,AI-GENERATED
1379,0,0,1.9877071533539818,1,AI-GENERATED
122,1,1,38.88341852868291,34,SUSPICIOUS
3439,0,0,1.5263461766274682,1,AI-GENERATED
144,0,0,37.02908032777809,44,SUSPICIOUS
2872,0,0,1.0393153175018828,4,AI-GENERATED
133,0,0,52.78258096719262,39,SUSPICIOUS
2609,0,0,3.2887539231368015,3,AI-GENERATED
1340,0,0,0.5273768988346866,3,AI-GENERATED
170,4,2,34.8572729019953,36,SUSPICIOUS
2393,0,0,3.3293097706802275,3,AI-GENERATED
121,1,2,36.88317013841483,38,SUSPICIOUS
2072,0,0,0.26619903345415635,4,AI-GENERATED
165,3,0,51.698610956969404,39,SUSPICIOUS
448,0,0,1.8944079980629445,2,AI-GENERATED
2258,0,0,3.467336699982912,4,AI-GENERATED
2198,0,0,2.143184025110563,2,AI-GENERATED
163,3,2,35.64567402490185,39,SUSPICIOUS
122,3,2,57.0789574016502,29,SUSPICIOUS
145,0,0,27.52477029077955,18,SUSPICIOUS
151,4,0,25.384103393871598,33,SUSPICIOUS
108,0,1,24.500618680599683,16,SUSPICIOUS
128,4,1,63.82585602045696,41,SUSPICIOUS
1386,0,0,2.0469567469657672,2,AI-GENERATED
155,1,0,62.21079083878529,11,SUSPICIOUS
152,3,2,60.442226239160775,30,SUSPICIOUS
137,2,2,46.38780907223813,11,SUSPICIOUS
136,0,0,80.30199419354443,27,SUSPICIOUS
187,2,1,31.131469957868795,29,SUSPICIOUS
125,0,1,56.94470728097238,16,SUSPICIOUS
4776,0,0,2.1701699388834523,1,AI-GENERATED
2000,0,0,1.5890400053606424,4,AI-GENERATED
4585,0,0,1.5952448072565952,2,AI-GENERATED
2735,0,0,3.0322619261865755,1,AI-GENERATED
127,3,1,37.27736426397359,38,SUSPICIOUS
495,0,0,0.2900585034438428,4,AI-GENERATED
1899,0,0,2.5331496499708357,2,AI-GENERATED
148,3,1,48.57867310128485,25,SUSPICIOUS
2346,0,0,1.6358931000878414,1,AI-GENERATED
111,1,2,47.83846714813685,11,SUSPICIOUS
2435,0,0,1.5823180615361216,3,AI-GENERATED
1232,0,0,2.1699855161199935,4,AI-GENERATED
141,3,1,59.40770259923597,28,SUSPICIOUS
164,2,1,52.57041271083708,28,SUSPICIOUS
4926,0,0,3.0587181791929625,2,AI-GENERATED
147,2,2,23.833857725173118,27,SUSPICIOUS
1726,0,0,2.3925025794719197,1,AI-GENERATED
1704,0,0,1.416163292667117,4,AI-GENERATED
116,3,1,35.6484763660668,36,SUSPICIOUS
1110,0,0,0.3358198241093346,1,AI-GENERATED
138,1,0,46.1700566779533,24,SUSPICIOUS
3426,0,0,2.3554997234802326,1,AI-GENERATED
424,0,0,0.12738961968140913,4,AI-GENERATED
3618,0,0,1.4089256607198675,3,AI-GENERATED
168,2,0,46.050545183074405,22,SUSPICIOUS
133,4,1,37.38742284586775,10,SUSPICIOUS
4492,0,0,1.8256100149457546,1,AI-GENERATED
2973,0,0,3.0370341726789323,3,AI-GENERATED
115,4,1,56.25349957554028,41,SUSPICIOUS
3657,0,0,1.667040390309883,4,AI-GENERATED
3537,0,0,2.3862291267630913,1,AI-GENERATED
125,0,0,51.63816832962273,10,SUSPICIOUS
4930,0,0,1.2704647702395355,3,AI-GENERATED
144,0,2,35.31925190644274,13,SUSPICIOUS
1358,0,0,0.757270864156531,2,AI-GENERATED
3524,0,0,0.7847274985517424,1,AI-GENERATED
1706,0,0,2.596893870887477,4,AI-GENERATED
147,4,0,32.849334961920384,30,SUSPICIOUS
132,3,2,11.601471537957671,35,SUSPICIOUS
2865,0,0,1.0121170939323243,4,AI-GENERATED
122,1,0,70.58891206140294,21,SUSPICIOUS
3977,0,0,3.496561200307429,3,AI-GENERATED
4384,0,0,1.28494453025459,3,AI-GENERATED
87,0,0,57.64185633006555,26,SUSPICIOUS
4565,0,0,1.627089755072901,3,AI-GENERATED
4034,0,0,3.058553556007416,1,AI-GENERATED
131,2,0,50.8936434081032,11,SUSPICIOUS
123,3,2,22.455991177678463,34,SUSPICIOUS
3436,0,0,1.5412819676546854,2,AI-GENERATED
146,3,2,48.73729070394712,19,SUSPICIOUS
149,4,0,59.50172921551655,20,SUSPICIOUS
142,4,2,54.62944652575032,34,SUSPICIOUS
1442,0,0,1.016824433692604,2,AI-GENERATED
153,4,2,42.21532530705169,18,SUSPICIOUS
143,1,0,39.43241375450131,13,SUSPICIOUS
147,2,2,54.13787035174641,10,SUSPICIOUS
125,3,2,61.77904580794861,12,SUSPICIOUS
128,1,2,27.67605967544614,19,SUSPICIOUS
4028,0,0,1.2756507207729209,4,AI-GENERATED
3158,0,0,2.7282712871376362,3,AI-GENERATED
2128,0,0,1.0249845369237252,4,AI-GENERATED
1075,0,0,1.9764851802328247,4,AI-GENERATED
130,1,0,69.81563332703703,30,SUSPICIOUS
3614,0,0,2.0766794547780556,3,AI-GENERATED
2267,0,0,1.4868459117119948,2,AI-GENERATED
1981,0,0,1.1960827369753282,1,AI-GENERATED
159,4,0,12.843593371718775,18,SUSPICIOUS
168,1,0,26.359181877240736,34,SUSPICIOUS
153,0,0,55.91186871755086,38,SUSPICIOUS
583,0,0,2.7083390937054075,3,AI-GENERATED
4251,0,0,1.1660748624545767,1,AI-GENERATED
1059,0,0,2.912072426005602,2,AI-GENERATED
2925,0,0,2.781963114133744,1,AI-GENERATED
138,0,0,61.455313741713866,38,SUSPICIOUS
4130,0,0,1.062172548106383,3,AI-GENERATED
127,4,1,50.7281408456996,34,SUSPICIOUS
2446,0,0,2.785825446649914,3,AI-GENERATED
117,1,2,61.101670602647545,33,SUSPICIOUS
3597,0,0,0.16093754704697588,4,AI-GENERATED
487,0,0,1.3655525330967253,2,AI-GENERATED
1531,0,0,0.1406253898712128,2,AI-GENERATED
2413,0,0,0.9078459100741787,2,AI-GENERATED
142,0,2,55.14337232503357,33,SUSPICIOUS
2739,0,0,1.999847082070338,4,AI-GENERATED
3983,0,0,1.2463935642480108,2,AI-GENERATED
1529,0,0,2.006070189902028,3,AI-GENERATED
166,3,1,40.34958396110161,40,SUSPICIOUS
128,0,1,82.42554443511497,36,SUSPICIOUS
133,4,0,64.71128278140515,31,SUSPICIOUS
105,1,2,48.932507887840266,26,SUSPICIOUS
3726,0,0,2.3462463330475587,1,AI-GENERATED
914,0,0,1.8798136417997917,2,AI-GENERATED
106,3,2,40.192251910933614,33,SUSPICIOUS
4949,0,0,1.903906716327793,2,AI-GENERATED
105,3,2,41.39975974089847,43,SUSPICIOUS
136,0,2,21.6353317651137,44,SUSPICIOUS
3922,0,0,3.4968065079939485,4,AI-GENERATED
4912,0,0,2.090435062543854,4,AI-GENERATED
2794,0,0,1.7672541364122991,4,AI-GENERATED
578,0,0,1.1494054319676807,1,AI-GENERATED
147,1,0,37.559829548220414,19,SUSPICIOUS
129,2,2,41.111407220285685,10,SUSPICIOUS
132,0,1,51.01894277624993,18,SUSPICIOUS
2146,0,0,2.315859526050688,1,AI-GENERATED
149,3,0,30.997713192304467,15,SUSPICIOUS
139,1,1,39.833917922963025,41,SUSPICIOUS
3368,0,0,2.626855715617359,1,AI-GENERATED
171,2,2,25.093250966795566,44,SUSPICIOUS
3950,0,0,0.2837939943277681,4,AI-GENERATED
1620,0,0,1.6794747883166028,4,AI-GENERATED
147,2,0,40.44589752523948,13,SUSPICIOUS
4413,0,0,1.7918444027152638,4,AI-GENERATED
3373,0,0,0.22816518963767368,3,AI-GENERATED
176,2,0,42.44142921658607,42,SUSPICIOUS
3856,0,0,2.586289983326135,3,AI-GENERATED
191,0,0,31.06618518623822,21,SUSPICIOUS
4864,0,0,1.2940013859365596,2,AI-GENERATED
3711,0,0,1.7455246475643313,3,AI-GENERATED
148,0,2,28.425274922819792,15,SUSPICIOUS
1510,0,0,1.0073457556986676,1,AI-GENERATED
2090,0,0,1.0874367813733192,1,AI-GENERATED
173,0,0,30.45320198123999,33,SUSPICIOUS
4498,0,0,1.4656253815799403,3,AI-GENERATED
2772,0,0,0.32646562418646674,4,AI-GENERATED
3383,0,0,2.1398975940124036,4,AI-GENERATED
925,0,0,3.081431237853951,3,AI-GENERATED
991,0,0,3.397802458197324,4,AI-GENERATED
143,1,1,44.76418275228625,39,SUSPICIOUS
2933,0,0,0.9829553776706976,3,AI-GENERATED
697,0,0,1.5648477961149907,4,AI-GENERATED
685,0,0,1.1979703256204943,3,AI-GENERATED
4101,0,0,2.3454095865913094,3,AI-GENERATED
1984,0,0,1.3380227408949268,3,AI-GENERATED
135,4,2,68.59161738669158,14,SUSPICIOUS
167,2,2,55.59672010948056,12,SUSPICIOUS
3046,0,0,1.3100244695142589,3,AI-GENERATED
105,4,2,44.97745763400802,33,SUSPICIOUS
4092,0,0,1.3669769968973942,1,AI-GENERATED
148,0,2,73.88966811980035,20,SUSPICIOUS
1942,0,0,1.8803568357172875,2,AI-GENERATED
1750,0,0,2.0065350393332437,2,AI-GENERATED
136,2,0,37.79183179847366,26,SUSPICIOUS
4164,0,0,1.1799356608281162,3,AI-GENERATED
1422,0,0,3.0067956113944962,4,AI-GENERATED
1927,0,0,0.32074540017311026,3,AI-GENERATED
135,0,1,44.852231130457355,18,SUSPICIOUS
1593,0,0,0.6006456983720853,4,AI-GENERATED
144,1,1,43.618438983200974,15,SUSPICIOUS
146,2,0,52.100121422795596,26,SUSPICIOUS
1839,0,0,1.7348828735120954,4,AI-GENERATED
3911,0,0,0.12645888832997898,1,AI-GENERATED
152,2,0,8.005613906161479,28,SUSPICIOUS
1651,0,0,2.1541247367279266,4,AI-GENERATED
1308,0,0,2.0669450000977854,3,AI-GENERATED
138,4,0,45.86082728534552,23,SUSPICIOUS
119,3,2,54.962521137268354,42,SUSPICIOUS
87,2,0,54.69960409227613,34,SUSPICIOUS
1660,0,0,0.9781429004820593,1,AI-GENERATED
4358,0,0,0.5538102848084024,4,AI-GENERATED
2051,0,0,1.538507384400823,1,AI-GENERATED
152,2,2,59.77072954575337,38,SUSPICIOUS
1983,0,0,1.694536158600545,1,AI-GENERATED
2205,0,0,2.456235156221439,3,AI-GENERATED
116,0,2,44.04636536724397,30,SUSPICIOUS
130,1,1,53.22321167348508,24,SUSPICIOUS
142,4,0,38.87996222216534,25,SUSPICIOUS
3360,0,0,0.8250363104215273,3,AI-GENERATED
112,2,2,75.47166591538348,39,SUSPICIOUS
147,4,0,29.983443330153044,33,SUSPICIOUS
3644,0,0,0.38036061950353905,2,AI-GENERATED
107,1,0,63.45179656811223,29,SUSPICIOUS
1493,0,0,3.379096235927169,4,AI-GENERATED
3351,0,0,3.1052198625205536,2,AI-GENERATED
141,3,2,30.153252966195026,19,SUSPICIOUS
158,1,0,67.68626379236359,43,SUSPICIOUS
131,1,1,41.48186786214783,21,SUSPICIOUS
4355,0,0,1.5511960805565037,3,AI-GENERATED
4711,0,0,2.1602551305026365,1,AI-GENERATED
3918,0,0,0.7446506182115441,3,AI-GENERATED
173,2,1,50.30749971972814,21,SUSPICIOUS
2222,0,0,2.989648926084708,1,AI-GENERATED
3578,0,0,3.1072305739410626,3,AI-GENERATED
2947,0,0,1.1765957195868686,3,AI-GENERATED
138,4,1,17.37871087097061,16,SUSPICIOUS
130,3,1,61.7698426438521,29,SUSPICIOUS
688,0,0,2.404808026856518,1,AI-GENERATED
3230,0,0,2.104281485694074,4,AI-GENERATED
485,0,0,1.279528900643811,3,AI-GENERATED
151,3,2,46.69212315875163,11,SUSPICIOUS
139,1,0,48.94104179434923,36,SUSPICIOUS
159,3,1,28.355614542570837,44,SUSPICIOUS
161,3,0,67.4576217191724,19,SUSPICIOUS
2509,0,0,2.8756920984880137,2,AI-GENERATED
169,2,1,19.586926503021402,19,SUSPICIOUS
171,0,0,37.7262907874453,10,SUSPICIOUS
4348,0,0,1.629463526728097,2,AI-GENERATED
135,1,1,41.943952732876824,40,SUSPICIOUS
3678,0,0,0.41368172334308717,1,AI-GENERATED
145,1,1,58.904598235434115,21,SUSPICIOUS
125,4,2,39.13831869408185,42,SUSPICIOUS
450,0,0,3.2744665576865932,2,AI-GENERATED
3909,0,0,0.5977130784738849,3,AI-GENERATED
2527,0,0,2.491376642209939,4,AI-GENERATED
160,2,0,55.398496428381414,26,SUSPICIOUS
135,1,2,34.97137551652896,15,SUSPICIOUS
4626,0,0,3.2488831136718073,3,AI-GENERATED
140,2,0,54.18116294466975,28,SUSPICIOUS
4516,0,0,2.5147245312131576,3,AI-GENERATED
159,0,1,27.976278438135633,29,SUSPICIOUS
2898,0,0,0.21231357164218234,1,AI-GENERATED
156,1,2,12.42350699700902,20,SUSPICIOUS
2359,0,0,3.1658706830559917,4,AI-GENERATED
446,0,0,2.2010273855090023,4,AI-GENERATED
115,4,1,32.89449417523612,14,SUSPICIOUS
3887,0,0,1.127289331172108,2,AI-GENERATED
787,0,0,3.357683716287444,3,AI-GENERATED
4446,0,0,1.4144739095125571,3,AI-GENERATED
140,0,1,24.86992052008498,13,SUSPICIOUS
2396,0,0,3.3984190848211817,4,AI-GENERATED
4510,0,0,1.18772351639635,2,AI-GENERATED
2315,0,0,0.22834421046150427,2,AI-GENERATED
165,0,1,43.398308756926056,15,SUSPICIOUS
147,3,1,39.15656718418072,41,SUSPICIOUS
4345,0,0,0.3455190668621357,2,AI-GENERATED
116,3,1,61.55464599100375,34,SUSPICIOUS
3087,0,0,3.4674087046043005,2,AI-GENERATED
4014,0,0,1.8907031309193054,2,AI-GENERATED
123,1,0,32.341852502046414,34,SUSPICIOUS
183,4,1,65.43559292902917,27,SUSPICIOUS
141,1,2,66.4334141442495,36,SUSPICIOUS
152,3,2,44.97428054632892,35,SUSPICIOUS
4580,0,0,1.7898265286308426,2,AI-GENERATED
2623,0,0,0.2432768148283458,3,AI-GENERATED
140,3,0,38.80975944093939,15,SUSPICIOUS
129,2,1,69.05969576444319,31,SUSPICIOUS
161,3,0,58.76226808040933,29,SUSPICIOUS
3923,0,0,1.7276314488002753,1,AI-GENERATED
1246,0,0,1.2855491763145963,3,AI-GENERATED
166,2,1,33.355088762203756,22,SUSPICIOUS
147,1,1,43.98659029105233,35,SUSPICIOUS
137,1,0,34.68031977421597,33,SUSPICIOUS
2542,0,0,0.8347007151560393,2,AI-GENERATED
1965,0,0,3.3843988883901575,1,AI-GENERATED
3021,0,0,1.2905029274993125,4,AI-GENERATED
136,3,1,52.072752056951394,39,SUSPICIOUS
114,3,0,50.18763523083022,30,SUSPICIOUS
3934,0,0,1.9623824342641247,1,AI-GENERATED
131,1,0,27.13816204294278,36,SUSPICIOUS
128,1,1,56.95025317068614,24,SUSPICIOUS
156,1,0,26.008850626690673,16,SUSPICIOUS
140,4,1,50.84487582073107,22,SUSPICIOUS
4899,0,0,1.358102845765948,1,AI-GENERATED
3335,0,0,0.8180942250186486,3,AI-GENERATED
167,1,1,45.045648779522026,22,SUSPICIOUS
971,0,0,1.909829837686821,4,AI-GENERATED
1551,0,0,2.007745154336139,3,AI-GENERATED
4277,0,0,2.1817190213918938,4,AI-GENERATED
121,4,2,37.39647975665743,20,SUSPICIOUS
2591,0,0,3.416967070552332,1,AI-GENERATED
2062,0,0,0.102812140769293,3,AI-GENERATED
118,4,1,48.75802063645642,44,SUSPICIOUS
117,0,1,47.912628482863745,28,SUSPICIOUS
3804,0,0,3.4974763309968706,2,AI-GENERATED
2441,0,0,0.6131358525752624,2,AI-GENERATED
1979,0,0,0.11069100921328522,4,AI-GENERATED
2426,0,0,2.419915766900581,3,AI-GENERATED
1844,0,0,0.15396460821858426,3,AI-GENERATED
2482,0,0,3.386260452478057,3,AI-GENERATED
3338,0,0,3.2541590737365826,2,AI-GENERATED
110,4,0,36.97959621929511,24,SUSPICIOUS
2421,0,0,2.9377309411350248,1,AI-GENERATED
4897,0,0,2.2381608366905446,1,AI-GENERATED
149,4,2,71.94140553323797,17,SUSPICIOUS
4014,0,0,2.591104432522942,4,AI-GENERATED
2739,0,0,0.2271418840249414,2,AI-GENERATED
4987,0,0,3.220890631948425,3,AI-GENERATED
2081,0,0,0.9397225923523373,1,AI-GENERATED
1599,0,0,1.0512470360082518,3,AI-GENERATED
1797,0,0,1.343330734109264,2,AI-GENERATED
3754,0,0,2.439923884262787,2,AI-GENERATED
3639,0,0,1.8636515154805502,1,AI-GENERATED
160,3,2,41.53527668620388,35,SUSPICIOUS
1580,0,0,0.3389110783781895,4,AI-GENERATED
155,0,0,52.65047383611645,36,SUSPICIOUS
4574,0,0,1.5660525888664707,1,AI-GENERATED
152,0,2,38.53064568896646,15,SUSPICIOUS
162,4,0,44.40818132785066,19,SUSPICIOUS
2283,0,0,2.277449170896627,4,AI-GENERATED
3504,0,0,0.2318137858816961,3,AI-GENERATED
2096,0,0,0.9553949784056791,2,AI-GENERATED
2105,0,0,3.339257238298502,3,AI-GENERATED
117,0,0,37.37100243383455,44,SUSPICIOUS
4482,0,0,0.5048181926889137,1,AI-GENERATED
2258,0,0,1.274819973521906,1,AI-GENERATED
3012,0,0,3.4187590681461506,2,AI-GENERATED
158,0,0,65.52151183731144,19,SUSPICIOUS
4631,0,0,0.5773275311756713,3,AI-GENERATED
136,2,2,86.23403116446362,29,SUSPICIOUS
555,0,0,1.9019104129816278,1,AI-GENERATED
197,1,1,36.017442797737175,12,SUSPICIOUS
1581,0,0,1.601077421197451,3,AI-GENERATED
2212,0,0,0.7124058735841563,4,AI-GENERATED
119,4,0,48.710154299981504,26,SUSPICIOUS
1963,0,0,1.1332620992997016,3,AI-GENERATED
95,3,2,26.578516293708113,30,SUSPICIOUS
143,2,0,45.69120114687019,21,SUSPICIOUS
2238,0,0,2.509482676474106,1,AI-GENERATED
124,0,1,58.531334609247445,29,SUSPICIOUS
150,1,0,54.31413284686797,44,SUSPICIOUS
142,0,2,48.30056302377555,21,SUSPICIOUS
170,4,1,28.656414067480043,38,SUSPICIOUS
3704,0,0,1.4830100950172111,1,AI-GENERATED
2073,0,0,0.5003353838901585,2,AI-GENERATED
95,1,0,41.21337393520744,32,SUSPICIOUS
124,0,2,59.46544273296827,36,SUSPICIOUS
138,3,0,17.759356721658296,35,SUSPICIOUS
2242,0,0,2.0849890740626305,2,AI-GENERATED
4854,0,0,0.33880176738189904,4,AI-GENERATED
149,2,2,51.435126155331346,18,SUSPICIOUS
3326,0,0,2.2234255627149278,1,AI-GENERATED
136,1,0,52.01126832040415,17,SUSPICIOUS
143,0,1,38.590084232318844,43,SUSPICIOUS
3501,0,0,1.70806621255562,4,AI-GENERATED
3088,0,0,1.3365095220634915,4,AI-GENERATED
129,1,0,56.74424195491436,31,SUSPICIOUS
132,2,1,71.13815722010366,44,SUSPICIOUS
4534,0,0,1.6559261963880894,1,AI-GENERATED
4641,0,0,3.2723344001403025,3,AI-GENERATED
145,1,1,41.369484628683956,27,SUSPICIOUS
87,3,2,30.34442141689952,22,SUSPICIOUS
136,2,2,42.843991917797354,15,SUSPICIOUS
1805,0,0,1.3332367010947548,1,AI-GENERATED
2326,0,0,1.2521439304990152,3,AI-GENERATED
139,3,2,34.35973630074409,25,SUSPICIOUS
3155,0,0,2.8472256565832996,4,AI-GENERATED
137,1,0,44.105980030967764,40,SUSPICIOUS
4612,0,0,2.202413115717838,4,AI-GENERATED
146,1,1,59.01671688878817,15,SUSPICIOUS
132,1,2,25.591826275112073,41,SUSPICIOUS
156,1,0,52.33057772714118,37,SUSPICIOUS
4613,0,0,2.6108479369563797,4,AI-GENERATED
1579,0,0,0.3489588341359917,2,AI-GENERATED
3677,0,0,2.527774099312092,1,AI-GENERATED
3368,0,0,0.7266826618938811,4,AI-GENERATED
163,2,2,30.048139379824775,36,SUSPICIOUS
646,0,0,1.5627271168042,4,AI-GENERATED
99,2,1,51.80044333768702,37,SUSPICIOUS
421,0,0,2.346290246577906,2,AI-GENERATED
110,4,2,47.35886547827919,16,SUSPICIOUS
108,4,1,63.27892654472618,26,SUSPICIOUS
2170,0,0,1.8968288685107837,3,AI-GENERATED
1814,0,0,0.47025591015640644,4,AI-GENERATED
1613,0,0,3.1928491103745795,2,AI-GENERATED
105,3,1,27.663510761655004,40,SUSPICIOUS
126,4,0,60.07398471819151,41,SUSPICIOUS
189,2,0,19.66534731573961,19,SUSPICIOUS
122,2,2,50.388039472999154,21,SUSPICIOUS
133,0,2,49.81054043743173,14,SUSPICIOUS
2178,0,0,0.197035092949279,1,AI-GENERATED
149,1,2,35.9688874318623,40,SUSPICIOUS
146,2,1,18.296129825643995,26,SUSPICIOUS
150,0,2,46.25111862070956,16,SUSPICIOUS
1694,0,0,1.4001100064297465,3,AI-GENERATED
2993,0,0,0.7684508965151154,2,AI-GENERATED
161,3,1,64.82959955827413,42,SUSPICIOUS
450,0,0,2.2141165913486747,2,AI-GENERATED
3626,0,0,3.4841575712322506,2,AI-GENERATED
3525,0,0,0.7097632585626604,1,AI-GENERATED
122,3,0,23.9424138468407,19,SUSPICIOUS
3197,0,0,0.18393267058607313,4,AI-GENERATED
145,2,2,42.04991108622778,33,SUSPICIOUS
118,3,0,46.78260315826847,36,SUSPICIOUS
152,4,2,74.67081339550997,19,SUSPICIOUS
120,2,1,53.75879390946759,31,SUSPICIOUS
2876,0,0,1.8973245954646536,1,AI-GENERATED
134,0,1,58.613935330897434,41,SUSPICIOUS
869,0,0,1.2886874392378591,3,AI-GENERATED
115,4,0,24.4230651854691,36,SUSPICIOUS
162,2,1,45.53619299321851,31,SUSPICIOUS
1242,0,0,1.1467583878376622,4,AI-GENERATED
148,3,2,69.18564612008971,34,SUSPICIOUS
128,0,1,46.70772135887435,16,SUSPICIOUS
2367,0,0,1.2617608129250448,1,AI-GENERATED
4998,0,0,0.8401024358535957,4,AI-GENERATED
1577,0,0,0.23295395508585498,4,AI-GENERATED
118,3,1,43.68270738167956,42,SUSPICIOUS
2121,0,0,3.2132529884744256,4,AI-GENERATED
3539,0,0,0.4737043749358568,4,AI-GENERATED
757,0,0,0.9230557099177634,4,AI-GENERATED
184,4,0,22.26376842228254,38,SUSPICIOUS
140,1,2,17.874065685377374,27,SUSPICIOUS
2335,0,0,3.137576141829322,2,AI-GENERATED
131,3,1,37.394073641664484,44,SUSPICIOUS
149,4,2,30.45404849959272,37,SUSPICIOUS
3219,0,0,2.3594593653525866,3,AI-GENERATED
158,4,0,30.23747866267992,11,SUSPICIOUS
3209,0,0,1.3492421232249106,3,AI-GENERATED
3174,0,0,2.9947212013114988,4,AI-GENERATED
645,0,0,2.5430154072305933,2,AI-GENERATED
4386,0,0,1.2902569465812834,4,AI-GENERATED
146,2,1,42.08361888071882,25,SUSPICIOUS
4927,0,0,0.12530985596191183,4,AI-GENERATED
3235,0,0,1.41259516423294,3,AI-GENERATED
144,2,0,63.652502293074626,36,SUSPICIOUS
2666,0,0,0.5969589020186293,3,AI-GENERATED
2130,0,0,2.716475694794135,3,AI-GENERATED
123,4,2,55.149637569235885,36,SUSPICIOUS
174,2,1,74.746700113706,19,SUSPICIOUS
164,3,1,68.2713563775826,41,SUSPICIOUS
114,3,1,38.96013295251944,14,SUSPICIOUS
130,0,2,65.0595462472511,41,SUSPICIOUS
151,1,1,39.612337876905485,10,SUSPICIOUS
110,1,1,60.656896694722185,38,SUSPICIOUS
1932,0,0,2.1849647301970716,3,AI-GENERATED
3030,0,0,2.357681921092011,1,AI-GENERATED
4362,0,0,2.186424152208614,3,AI-GENERATED
130,4,2,63.89419011267154,34,SUSPICIOUS
4017,0,0,0.7295186721056287,1,AI-GENERATED
129,4,0,33.882465993590166,19,SUSPICIOUS
4476,0,0,2.541331988221721,2,AI-GENERATED
872,0,0,0.9597074277147006,4,AI-GENERATED
141,1,2,28.413710580231026,36,SUSPICIOUS
133,1,0,33.126778026051156,14,SUSPICIOUS
129,1,0,39.04550463453392,34,SUSPICIOUS
1624,0,0,1.7296446315814742,4,AI-GENERATED
3135,0,0,0.638298846006718,2,AI-GENERATED
109,2,0,24.08308079827829,39,SUSPICIOUS
128,1,0,50.09658130261453,33,SUSPICIOUS
1651,0,0,2.6268277054706615,4,AI-GENERATED
167,1,0,65.45313712651793,42,SUSPICIOUS
908,0,0,0.19475212129561095,3,AI-GENERATED
2204,0,0,0.6710709023593625,3,AI-GENERATED
3606,0,0,1.7418293897972406,2,AI-GENERATED
1699,0,0,3.2469033285742483,1,AI-GENERATED
158,1,1,49.980604850708026,18,SUSPICIOUS
128,0,0,78.18356452074678,44,SUSPICIOUS
4213,0,0,2.710966612260757,1,AI-GENERATED
547,0,0,1.2495172479798746,1,AI-GENERATED
4729,0,0,0.4420704930084839,3,AI-GENERATED
4405,0,0,0.5198306330392918,1,AI-GENERATED
3779,0,0,2.6316381076650432,3,AI-GENERATED
4053,0,0,1.15565437240049,4,AI-GENERATED
2596,0,0,2.154513682600555,4,AI-GENERATED
3603,0,0,0.8675691678776946,3,AI-GENERATED
1661,0,0,1.5993090860362702,3,AI-GENERATED
4597,0,0,2.6388915401937396,1,AI-GENERATED
140,0,0,54.08592951589469,30,SUSPICIOUS
3757,0,0,1.6260507966857314,1,AI-GENERATED
2594,0,0,1.1421113341460283,2,AI-GENERATED
911,0,0,3.4851405635281973,1,AI-GENERATED
142,4,1,57.12040667033061,41,SUSPICIOUS
161,0,2,31.05675799410775,25,SUSPICIOUS
4636,0,0,0.7374863098451041,3,AI-GENERATED
165,2,0,34.40851154890737,36,SUSPICIOUS
792,0,0,2.232924061755528,3,AI-GENERATED
4497,0,0,0.10156265878738382,1,AI-GENERATED
3315,0,0,3.0983771439742873,1,AI-GENERATED
4755,0,0,0.9858946920348033,2,AI-GENERATED
136,2,1,56.3733823299895,33,SUSPICIOUS
171,1,2,78.2888590174204,43,SUSPICIOUS
4203,0,0,0.993631361151017,4,AI-GENERATED
1354,0,0,2.572038088210398,2,AI-GENERATED
618,0,0,1.2679212629483088,4,AI-GENERATED
171,3,0,56.44187562084741,23,SUSPICIOUS
136,1,0,58.19947821655563,38,SUSPICIOUS
119,4,2,39.307602617524466,22,SUSPICIOUS
128,3,2,51.49213763019622,20,SUSPICIOUS
2115,0,0,2.7056076380121996,1,AI-GENERATED
120,4,1,62.462924308563686,28,SUSPICIOUS
114,0,0,47.904664853617234,28,SUSPICIOUS
1175,0,0,0.4293134730563458,4,AI-GENERATED
161,0,0,48.97709544144992,32,SUSPICIOUS
1759,0,0,1.293934652930127,1,AI-GENERATED
175,4,1,56.989092938211385,41,SUSPICIOUS
477,0,0,0.21937067961617066,3,AI-GENERATED
747,0,0,1.698898201895366,3,AI-GENERATED
3711,0,0,3.4264348321811835,4,AI-GENERATED
126,1,1,35.98341738738682,36,SUSPICIOUS
3274,0,0,2.4263314656073396,1,AI-GENERATED
2840,0,0,1.4718007706920868,4,AI-GENERATED
3957,0,0,0.888051106782147,2,AI-GENERATED
146,1,0,37.68828061094685,13,SUSPICIOUS
165,2,1,60.6733326144908,35,SUSPICIOUS
108,0,1,52.000506075079315,27,SUSPICIOUS
146,3,0,47.424131599576796,44,SUSPICIOUS
2472,0,0,2.0147216753366215,1,AI-GENERATED
169,3,2,32.451151435468745,41,SUSPICIOUS
468,0,0,1.6926666045044447,1,AI-GENERATED
2727,0,0,0.8303094923825761,1,AI-GENERATED
4285,0,0,0.7270444044159716,4,AI-GENERATED
156,3,0,29.1516004631086,10,SUSPICIOUS
4618,0,0,2.767654900853502,4,AI-GENERATED
1811,0,0,1.3280174254155943,2,AI-GENERATED
148,1,2,43.89206708016974,36,SUSPICIOUS
93,2,0,27.17768932030816,43,SUSPICIOUS
157,0,2,46.30964918866518,25,SUSPICIOUS
148,3,2,42.379352815490236,40,SUSPICIOUS
134,0,0,23.733513290937985,23,SUSPICIOUS
113,4,1,49.9173727750484,11,SUSPICIOUS
4072,0,0,0.7083529532335158,3,AI-GENERATED
4259,0,0,3.377149626244182,4,AI-GENERATED
154,3,0,35.504501745671085,43,SUSPICIOUS
1455,0,0,0.18669297413589359,3,AI-GENERATED
144,3,0,25.818983078879,33,SUSPICIOUS
136,2,1,48.02612645964751,44,SUSPICIOUS
132,2,0,49.69222251312232,19,SUSPICIOUS
153,4,2,58.26883588153226,21,SUSPICIOUS
115,4,0,44.11197900032792,34,SUSPICIOUS
143,4,2,64.37532079437183,42,SUSPICIOUS
126,0,1,15.624567515984268,24,SUSPICIOUS
959,0,0,0.47176175181005264,2,AI-GENERATED
4186,0,0,2.437722538600057,2,AI-GENERATED
133,3,0,51.03916657328836,15,SUSPICIOUS
158,0,1,61.45864703893717,42,SUSPICIOUS
2866,0,0,1.5729078311549505,4,AI-GENERATED
610,0,0,0.15081824368636196,2,AI-GENERATED
108,2,1,49.31544494369817,38,SUSPICIOUS
122,0,1,64.46322857353344,32,SUSPICIOUS
148,4,0,27.434599808208667,35,SUSPICIOUS
116,1,2,59.04163947046389,19,SUSPICIOUS
4845,0,0,0.6575961599875348,2,AI-GENERATED
126,1,0,56.32805323712237,30,SUSPICIOUS
141,2,2,33.98611948988602,29,SUSPICIOUS
3313,0,0,2.4252304043081483,1,AI-GENERATED
2959,0,0,1.120937987095165,3,AI-GENERATED
2229,0,0,0.45912938327848685,2,AI-GENERATED
1600,0,0,2.4720746713589388,1,AI-GENERATED
4527,0,0,2.3712247524416625,4,AI-GENERATED
4483,0,0,1.822727249345887,2,AI-GENERATED
880,0,0,3.477773355707861,4,AI-GENERATED
141,3,1,69.31021470041874,12,SUSPICIOUS
156,4,2,35.84545533144503,25,SUSPICIOUS
2157,0,0,1.7261086233571712,1,AI-GENERATED
2886,0,0,0.4464266470586298,3,AI-GENERATED
1339,0,0,3.3075147596590817,1,AI-GENERATED
481,0,0,1.6440782639578815,2,AI-GENERATED
4859,0,0,2.2455687191583946,4,AI-GENERATED
130,0,1,23.644428641082225,27,SUSPICIOUS
120,1,2,48.98924505520127,34,SUSPICIOUS
136,2,0,20.692875313646475,17,SUSPICIOUS
3523,0,0,0.44931961852047575,3,AI-GENERATED
1773,0,0,0.1717769389726518,4,AI-GENERATED
115,1,0,43.23989728054155,28,SUSPICIOUS
154,2,2,35.54773188274898,40,SUSPICIOUS
129,4,0,58.12023782564371,33,SUSPICIOUS
3835,0,0,1.6669202231200755,4,AI-GENERATED
3621,0,0,0.2490550287107701,2,AI-GENERATED
138,0,1,33.07358627578539,26,SUSPICIOUS
150,1,1,55.19035984173922,12,SUSPICIOUS
4255,0,0,3.448131038878217,2,AI-GENERATED
1104,0,0,1.1629818774695833,4,AI-GENERATED
117,2,1,31.429118914698527,29,SUSPICIOUS
2534,0,0,0.818284965368079,3,AI-GENERATED
137,1,0,80.06826447016421,18,SUSPICIOUS
147,3,1,68.31498248459819,29,SUSPICIOUS
145,2,2,58.98469610572639,43,SUSPICIOUS
4102,0,0,2.525390253476084,1,AI-GENERATED
151,1,1,65.53160636065753,37,SUSPICIOUS
124,2,2,18.355898908591637,28,SUSPICIOUS
4470,0,0,1.413430831838545,2,AI-GENERATED
1991,0,0,3.0837366546375953,2,AI-GENERATED
2990,0,0,2.6381259784468165,2,AI-GENERATED
4666,0,0,3.0733978945334153,1,AI-GENERATED
1702,0,0,2.237222213374902,3,AI-GENERATED
165,0,2,58.33494442320508,33,SUSPICIOUS
141,2,0,36.545350994938346,31,SUSPICIOUS
149,4,1,49.57569443706878,29,SUSPICIOUS
152,2,1,46.782892884366795,15,SUSPICIOUS
186,2,1,57.05300726457748,23,SUSPICIOUS
2941,0,0,1.8311188951993091,1,AI-GENERATED
1762,0,0,2.2162030247602234,2,AI-GENERATED
128,1,2,67.34816045180585,29,SUSPICIOUS
3591,0,0,0.17062086284937994,3,AI-GENERATED
141,3,2,72.00358232982333,32,SUSPICIOUS
1985,0,0,0.8926315294436857,3,AI-GENERATED
141,0,1,45.82705006931442,28,SUSPICIOUS
3015,0,0,1.064936001693671,3,AI-GENERATED
140,3,0,29.282273339409784,37,SUSPICIOUS
4582,0,0,0.4079230560997439,4,AI-GENERATED
3528,0,0,3.4275023819692865,2,AI-GENERATED
132,4,2,42.973856582079776,23,SUSPICIOUS
164,2,0,42.76292687381363,26,SUSPICIOUS
129,2,0,43.279228228840545,22,SUSPICIOUS
148,2,2,41.38772007065078,28,SUSPICIOUS
3736,0,0,2.9664637034804664,1,AI-GENERATED
140,3,1,78.17384317070491,15,SUSPICIOUS
4137,0,0,2.979892310735556,1,AI-GENERATED
1083,0,0,3.4799995668567187,1,AI-GENERATED
137,1,2,16.950283096771432,41,SUSPICIOUS
114,4,0,10.555349190241579,30,SUSPICIOUS
3623,0,0,1.1409365170898134,3,AI-GENERATED
144,2,2,59.65757555693276,37,SUSPICIOUS
129,1,0,58.831685534030946,20,SUSPICIOUS
2527,0,0,2.8556542160593583,3,AI-GENERATED
406,0,0,3.292451773965626,2,AI-GENERATED
1669,0,0,2.420777014078585,1,AI-GENERATED
161,1,0,43.01035953363464,13,SUSPICIOUS
4090,0,0,0.4948156892490344,2,AI-GENERATED
3782,0,0,3.304934543276743,2,AI-GENERATED
2438,0,0,2.48260059255077,2,AI-GENERATED
141,4,1,44.96046343035425,31,SUSPICIOUS
150,2,1,47.939216793498225,14,SUSPICIOUS
128,0,1,44.364232526896174,30,SUSPICIOUS
4755,0,0,0.5127005000663661,3,AI-GENERATED
3706,0,0,1.0334131339957482,3,AI-GENERATED
1739,0,0,1.2803737839308464,1,AI-GENERATED
2865,0,0,2.532647264396082,1,AI-GENERATED
97,4,0,58.7544384723221,16,SUSPICIOUS
3613,0,0,3.4126431472644447,1,AI-GENERATED
177,4,1,58.71699447876978,31,SUSPICIOUS
150,3,2,57.37572830201839,34,SUSPICIOUS
1510,0,0,2.4193430952178345,3,AI-GENERATED
3506,0,0,3.194622846012565,4,AI-GENERATED
4660,0,0,0.6706205900658249,1,AI-GENERATED
1494,0,0,0.9406313415255948,2,AI-GENERATED
1434,0,0,0.5775345759956142,3,AI-GENERATED
148,1,1,60.894973180189375,41,SUSPICIOUS
2446,0,0,3.428942973755002,1,AI-GENERATED
3581,0,0,0.11171995898594803,3,AI-GENERATED
4831,0,0,1.9740917618331884,2,AI-GENERATED
4898,0,0,2.3248432897536664,1,AI-GENERATED
1638,0,0,0.8445773234466776,1,AI-GENERATED
725,0,0,0.7700561442099412,1,AI-GENERATED
1696,0,0,1.6870612403413952,2,AI-GENERATED
108,2,1,72.98254540322534,34,SUSPICIOUS
149,3,1,39.47574509257071,44,SUSPICIOUS
136,1,1,37.64458621430564,33,SUSPICIOUS
2990,0,0,0.7832095894507672,4,AI-GENERATED
602,0,0,0.16467372569979266,4,AI-GENERATED
1483,0,0,2.160488042304137,3,AI-GENERATED
1412,0,0,0.24761098624138686,2,AI-GENERATED
2829,0,0,0.1181605307564228,1,AI-GENERATED
115,2,2,23.605365609186244,21,SUSPICIOUS
413,0,0,2.339651246091532,2,AI-GENERATED
2658,0,0,2.708971544035351,2,AI-GENERATED
143,4,2,35.97348245576353,17,SUSPICIOUS
121,2,1,32.137897235916576,11,SUSPICIOUS
117,0,2,51.811493300810554,42,SUSPICIOUS
118,0,0,55.02361315543657,10,SUSPICIOUS
2012,0,0,1.0834801161286234,4,AI-GENERATED
2910,0,0,2.534838852893148,4,AI-GENERATED
4672,0,0,2.648632949643431,2,AI-GENERATED
3000,0,0,1.0317310503924122,2,AI-GENERATED
1099,0,0,0.3464684581364891,1,AI-GENERATED
167,4,1,47.17277639635949,13,SUSPICIOUS
142,1,1,23.796224486380307,23,SUSPICIOUS
133,3,2,76.82974161885895,22,SUSPICIOUS
705,0,0,2.000974717346665,1,AI-GENERATED
1108,0,0,1.2388834282748358,1,AI-GENERATED
187,2,2,59.33147502250373,14,SUSPICIOUS
4075,0,0,1.7243945589032346,1,AI-GENERATED
4395,0,0,0.684573688442753,1,AI-GENERATED
3570,0,0,1.0961378012289607,1,AI-GENERATED
472,0,0,1.6164601939802676,2,AI-GENERATED
135,4,1,64.7156597860604,36,SUSPICIOUS
1561,0,0,0.3379120725697738,2,AI-GENERATED
884,0,0,0.42589480087265397,3,AI-GENERATED
2663,0,0,1.0784511307019888,2,AI-GENERATED
133,2,0,17.64076114304959,20,SUSPICIOUS
123,1,1,38.31072873523522,29,SUSPICIOUS
4752,0,0,0.6853431139958339,2,AI-GENERATED
139,1,0,46.883031369655626,16,SUSPICIOUS
130,4,2,42.50661114335038,22,SUSPICIOUS
167,3,2,30.774620885821633,21,SUSPICIOUS
3081,0,0,0.8286324532904551,4,AI-GENERATED
1825,0,0,1.2085402838368324,1,AI-GENERATED
123,0,1,65.90935326918796,13,SUSPICIOUS
3093,0,0,1.6127168466277324,4,AI-GENERATED
140,2,2,72.49019487887233,34,SUSPICIOUS
173,0,2,70.48735656242411,21,SUSPICIOUS
3989,0,0,2.1061021161946467,2,AI-GENERATED
124,0,0,21.958635342416237,30,SUSPICIOUS
3998,0,0,3.1539792829024225,3,AI-GENERATED
3496,0,0,0.826204140913781,1,AI-GENERATED
123,4,2,64.32573126193105,44,SUSPICIOUS
4030,0,0,2.312140964996949,4,AI-GENERATED
150,1,2,47.21872589631646,31,SUSPICIOUS
145,0,1,48.04677103284005,31,SUSPICIOUS
134,1,0,53.515813708824645,10,SUSPICIOUS
1094,0,0,0.8791290927162049,1,AI-GENERATED
3162,0,0,1.7498622466832452,1,AI-GENERATED
2847,0,0,2.234416524271953,1,AI-GENERATED
807,0,0,0.7883546978712491,2,AI-GENERATED
4642,0,0,1.406578014854488,2,AI-GENERATED
96,1,2,52.26717152220306,39,SUSPICIOUS
120,4,0,67.16898687093381,19,SUSPICIOUS
3682,0,0,0.7689865260522364,3,AI-GENERATED
2232,0,0,1.2956184499848742,1,AI-GENERATED
2896,0,0,0.8119216984831453,1,AI-GENERATED
879,0,0,3.2315089701545925,3,AI-GENERATED
131,2,2,46.118102712067746,31,SUSPICIOUS
4208,0,0,0.7940544688643248,2,AI-GENERATED
111,3,0,11.446313959814908,25,SUSPICIOUS
175,1,2,53.65563398651108,23,SUSPICIOUS
167,1,2,39.26797943135439,21,SUSPICIOUS
126,4,0,48.79114993700678,35,SUSPICIOUS
1779,0,0,1.8595497955559022,1,AI-GENERATED
117,3,1,23.321292073281022,34,SUSPICIOUS
106,3,1,38.66395090560893,30,SUSPICIOUS
4926,0,0,2.0830205728682785,2,AI-GENERATED
180,0,1,49.21457925969714,39,SUSPICIOUS
1743,0,0,1.0350126893339744,3,AI-GENERATED
151,3,1,50.151284687715005,12,SUSPICIOUS
154,0,2,44.17132665095453,44,SUSPICIOUS
103,2,2,60.10319635371076,14,SUSPICIOUS
2282,0,0,1.4899594545989017,4,AI-GENERATED
194,0,2,37.266257692478135,26,SUSPICIOUS
1245,0,0,2.0866623294814475,3,AI-GENERATED
1297,0,0,1.8354226355980234,2,AI-GENERATED
130,0,0,50.1473184902837,12,SUSPICIOUS
108,3,0,37.696106587466225,32,SUSPICIOUS
150,1,2,63.010841029753614,20,SUSPICIOUS
170,1,2,61.20587937672773,14,SUSPICIOUS
134,3,0,34.10141230632857,16,SUSPICIOUS
142,4,1,72.9820460739204,20,SUSPICIOUS
149,3,1,48.253275051049194,29,SUSPICIOUS
4549,0,0,2.882234942924377,2,AI-GENERATED
3371,0,0,1.37614555894522,2,AI-GENERATED
181,1,1,46.99241210152184,17,SUSPICIOUS
699,0,0,0.2743589112033,2,AI-GENERATED
4475,0,0,0.4199726379340699,4,AI-GENERATED
4125,0,0,2.7092412992616732,2,AI-GENERATED
122,4,2,51.02194385444211,35,SUSPICIOUS
140,4,0,67.25214901327217,11,SUSPICIOUS
3692,0,0,1.2377048027739463,2,AI-GENERATED
138,1,0,38.54676228145257,21,SUSPICIOUS
2251,0,0,1.4997745038332566,3,AI-GENERATED
131,2,1,83.09398976443191,35,SUSPICIOUS
140,3,0,43.68974719342118,16,SUSPICIOUS
2640,0,0,1.1176468061899962,3,AI-GENERATED
132,4,1,51.415883150672485,17,SUSPICIOUS
4894,0,0,0.446446991025072,1,AI-GENERATED
112,1,0,39.3939178374922,44,SUSPICIOUS
3084,0,0,2.7880305147113074,2,AI-GENERATED
156,0,0,56.79885020370161,28,SUSPICIOUS
2674,0,0,1.675964707600828,4,AI-GENERATED
180,4,2,24.160523716812854,15,SUSPICIOUS
139,3,2,19.80782483358214,30,SUSPICIOUS
1698,0,0,3.2268085691743815,2,AI-GENERATED
2724,0,0,3.1466482558726945,2,AI-GENERATED
136,0,2,69.43214998954309,24,SUSPICIOUS
3000,0,0,3.470665742739495,2,AI-GENERATED
124,2,0,50.46390152621414,16,SUSPICIOUS
4002,0,0,0.24967810643329655,1,AI-GENERATED
186,3,0,24.213310705170915,27,SUSPICIOUS
2837,0,0,1.0397738868977282,2,AI-GENERATED
110,3,1,33.57223262715989,14,SUSPICIOUS
129,0,1,37.2698926604266,21,SUSPICIOUS
3089,0,0,1.66592401898455,2,AI-GENERATED
2306,0,0,3.2692009135819826,3,AI-GENERATED
1036,0,0,0.5639117811870709,4,AI-GENERATED
168,3,1,44.84266282295595,36,SUSPICIOUS
110,0,1,38.56460449238938,32,SUSPICIOUS
143,3,0,48.44842412220095,43,SUSPICIOUS
3997,0,0,3.1593895091718656,3,AI-GENERATED
2654,0,0,1.2343514917447025,4,AI-GENERATED
2880,0,0,1.2993991637085942,4,AI-GENERATED
4200,0,0,3.3155906389735508,3,AI-GENERATED
1898,0,0,2.7775810477166303,2,AI-GENERATED
143,1,1,42.1777299498984,27,SUSPICIOUS
4911,0,0,3.472003178247756,3,AI-GENERATED
142,3,2,36.80965988046801,22,SUSPICIOUS
4718,0,0,2.2701965390998478,2,AI-GENERATED
168,2,2,30.437745226409763,31,SUSPICIOUS
2051,0,0,0.3672092359696868,4,AI-GENERATED
142,1,0,57.488348547837134,14,SUSPICIOUS
131,0,1,43.62504651684357,35,SUSPICIOUS
197,0,0,42.22061256061584,20,SUSPICIOUS
132,4,1,36.834934753311096,17,SUSPICIOUS
176,0,1,44.248129377455044,24,SUSPICIOUS
132,2,2,66.31745278678567,36,SUSPICIOUS
139,3,0,63.248569729924625,18,SUSPICIOUS
4265,0,0,2.004578780470933,2,AI-GENERATED
4522,0,0,0.19701102115069652,3,AI-GENERATED
171,2,1,39.41449594397746,39,SUSPICIOUS
1206,0,0,1.995939849724826,4,AI-GENERATED
156,4,0,47.64825475821846,14,SUSPICIOUS
141,1,1,72.09343666267677,38,SUSPICIOUS
4506,0,0,0.5110929723977671,4,AI-GENERATED
150,1,0,36.933077015211765,41,SUSPICIOUS
180,1,1,13.49381793668195,44,SUSPICIOUS
161,2,1,32.451997395385185,32,SUSPICIOUS
1327,0,0,2.416718793006914,1,AI-GENERATED
185,4,1,44.065787974901276,21,SUSPICIOUS
1803,0,0,2.1758700525484955,4,AI-GENERATED
749,0,0,0.15993901065521007,3,AI-GENERATED
119,4,2,75.33857574816797,28,SUSPICIOUS
110,1,2,10.335470764862492,26,SUSPICIOUS
2741,0,0,1.1421693183266102,3,AI-GENERATED
4860,0,0,1.6393581149409904,4,AI-GENERATED
4176,0,0,1.7402467695447317,4,AI-GENERATED
2912,0,0,2.749943926105745,2,AI-GENERATED
1294,0,0,0.6011733772818494,4,AI-GENERATED
157,3,2,36.22001449278249,26,SUSPICIOUS
3732,0,0,2.987407297021761,2,AI-GENERATED
2590,0,0,3.201192021347153,4,AI-GENERATED
2959,0,0,0.7103393815926935,3,AI-GENERATED
1975,0,0,1.5533737042676743,4,AI-GENERATED
151,4,2,34.63564896728533,16,SUSPICIOUS
4325,0,0,2.040400606666322,2,AI-GENERATED
147,0,2,36.5591872053056,26,SUSPICIOUS
144,2,2,49.19806531974258,15,SUSPICIOUS
3093,0,0,1.738637111908174,1,AI-GENERATED
139,1,1,55.21328928003334,11,SUSPICIOUS
127,4,1,29.95969394162818,29,SUSPICIOUS
795,0,0,0.6773706639911957,2,AI-GENERATED
153,4,2,29.583595729453833,44,SUSPICIOUS
672,0,0,2.9826759743187643,3,AI-GENERATED
4170,0,0,0.9889721490032106,2,AI-GENERATED
154,0,1,49.772347562690015,41,SUSPICIOUS
4932,0,0,2.1818314488794113,3,AI-GENERATED
171,2,0,24.055551931613973,35,SUSPICIOUS
92,1,1,43.17612609847636,26,SUSPICIOUS
3311,0,0,0.13471904181871003,1,AI-GENERATED
2245,0,0,0.9774171419484453,3,AI-GENERATED
127,2,1,47.636331062604825,44,SUSPICIOUS
139,1,1,26.306180661176192,41,SUSPICIOUS
2163,0,0,0.28191305760796237,1,AI-GENERATED
141,0,2,54.26383953986978,27,SUSPICIOUS
189,0,1,67.4273749408212,37,SUSPICIOUS
174,4,2,51.498334272637756,30,SUSPICIOUS
3267,0,0,3.129118860407485,3,AI-GENERATED
3084,0,0,0.4367403583471572,4,AI-GENERATED
141,2,2,25.07618024107271,41,SUSPICIOUS
3684,0,0,3.146801234254649,2,AI-GENERATED
2858,0,0,2.3164706338479797,4,AI-GENERATED
2822,0,0,3.2344831594101784,2,AI-GENERATED
1825,0,0,0.8589330613351515,1,AI-GENERATED
110,1,1,46.31592478626102,29,SUSPICIOUS
147,2,2,17.862723597115803,36,SUSPICIOUS
3147,0,0,3.3998978873045727,3,AI-GENERATED
649,0,0,2.1903887231683536,2,AI-GENERATED
3079,0,0,1.2681552001492726,4,AI-GENERATED
2825,0,0,0.524469442505165,4,AI-GENERATED
126,3,1,38.32084414765538,20,SUSPICIOUS
2196,0,0,0.6870307200668165,4,AI-GENERATED
150,1,0,38.24894519122002,20,SUSPICIOUS
134,2,0,47.58376983653071,16,SUSPICIOUS
539,0,0,2.578434078493664,3,AI-GENERATED
139,4,0,46.866588561663036,42,SUSPICIOUS
165,3,0,69.16603337320065,20,SUSPICIOUS
4066,0,0,0.21522193320474525,4,AI-GENERATED
2150,0,0,1.8037767791074126,4,AI-GENERATED
149,0,2,31.24298354627614,38,SUSPICIOUS
141,0,0,45.686076126944776,29,SUSPICIOUS
796,0,0,2.5051582497504925,1,AI-GENERATED
2119,0,0,1.1387020589158483,1,AI-GENERATED
4885,0,0,2.994611109896266,3,AI-GENERATED
1196,0,0,2.3577663770130224,4,AI-GENERATED
1489,0,0,1.009643687166774,1,AI-GENERATED
116,3,0,36.13073478573522,33,SUSPICIOUS
159,0,1,52.38100595796534,35,SUSPICIOUS
1312,0,0,3.1230629475972074,2,AI-GENERATED
833,0,0,0.10920516133062051,2,AI-GENERATED
107,3,0,59.26530107234129,17,SUSPICIOUS
135,1,0,52.88656316339593,14,SUSPICIOUS
121,1,0,42.94526572917335,17,SUSPICIOUS
159,4,2,55.89639522717333,18,SUSPICIOUS
4353,0,0,2.542536776974699,3,AI-GENERATED
541,0,0,2.2417023970876255,2,AI-GENERATED
121,4,0,37.816406977009585,14,SUSPICIOUS
2881,0,0,1.5670367938819572,4,AI-GENERATED
108,4,0,27.354421282555,35,SUSPICIOUS
128,0,0,51.43793233163242,20,SUSPICIOUS
134,1,2,46.34653456149361,29,SUSPICIOUS
4276,0,0,0.2531183750138732,1,AI-GENERATED
133,3,0,65.26718780734663,18,SUSPICIOUS
160,0,0,37.91983883808279,44,SUSPICIOUS
2446,0,0,1.1305498587809972,2,AI-GENERATED
140,2,0,55.91824531091651,40,SUSPICIOUS
126,1,2,11.174731635209675,10,SUSPICIOUS
159,4,1,41.01343284228551,43,SUSPICIOUS
1291,0,0,2.18851166825743,4,AI-GENERATED
134,3,2,57.01671988109291,10,SUSPICIOUS
3852,0,0,3.280390570001754,2,AI-GENERATED
149,3,2,48.8337368193036,12,SUSPICIOUS
2266,0,0,2.9529337148290566,2,AI-GENERATED
1537,0,0,1.5549641156609069,4,AI-GENERATED
3326,0,0,0.2634103043598572,2,AI-GENERATED
1859,0,0,2.759254880791552,4,AI-GENERATED
4635,0,0,1.250849784169215,3,AI-GENERATED
115,0,0,48.48697546247116,44,SUSPICIOUS
172,3,2,23.427602258471342,39,SUSPICIOUS
964,0,0,2.0923512319890283,2,AI-GENERATED
144,1,1,57.842988412327024,39,SUSPICIOUS
108,2,2,46.88302849180634,30,SUSPICIOUS
157,1,1,63.679226684148006,15,SUSPICIOUS
3611,0,0,3.325719691571364,2,AI-GENERATED
104,0,1,32.869390251969335,31,SUSPICIOUS
164,0,2,52.27496286096587,31,SUSPICIOUS
2453,0,0,2.4896204452407424,1,AI-GENERATED
2287,0,0,0.9875629687304255,2,AI-GENERATED
2699,0,0,0.21109054442552222,1,AI-GENERATED
3798,0,0,1.1192675377629626,1,AI-GENERATED
4968,0,0,2.9135501502632857,4,AI-GENERATED
4115,0,0,1.392934410179205,4,AI-GENERATED
139,0,2,39.76343735227886,15,SUSPICIOUS
155,2,2,74.44058286162507,43,SUSPICIOUS
143,4,0,33.49678399923692,35,SUSPICIOUS
153,2,0,42.92348629911158,30,SUSPICIOUS
88,3,0,49.529964041905075,36,SUSPICIOUS
142,4,2,33.754369333843286,23,SUSPICIOUS
156,1,1,36.17376785554639,15,SUSPICIOUS
4828,0,0,0.3869130692716337,1,AI-GENERATED
111,2,2,44.18145905146801,27,SUSPICIOUS
1658,0,0,2.4225653306539727,4,AI-GENERATED
126,1,1,48.665463366836946,21,SUSPICIOUS
123,3,1,35.76034163571944,10,SUSPICIOUS
4570,0,0,2.715317164880265,2,AI-GENERATED
1091,0,0,1.8907562389695551,2,AI-GENERATED
1417,0,0,1.211331524796701,1,AI-GENERATED
2585,0,0,2.616494228164557,2,AI-GENERATED
159,2,2,69.45587772622453,32,SUSPICIOUS
4148,0,0,2.974214636462261,4,AI-GENERATED
4388,0,0,1.0286930374434866,3,AI-GENERATED
675,0,0,1.3594681246593239,1,AI-GENERATED
129,3,1,37.591435130477905,30,SUSPICIOUS
132,1,0,47.234999143551306,28,SUSPICIOUS
1289,0,0,0.11914144023409504,4,AI-GENERATED
129,0,1,33.360076074403764,32,SUSPICIOUS
166,3,0,45.06098897207408,13,SUSPICIOUS
122,0,0,73.87858165122624,43,SUSPICIOUS
168,0,0,61.31074434361693,11,SUSPICIOUS
155,1,0,57.36525860189632,36,SUSPICIOUS
2644,0,0,2.963485067370355,3,AI-GENERATED
173,0,1,72.04773223738461,33,SUSPICIOUS
144,0,0,16.88621865863127,38,SUSPICIOUS
135,4,1,26.19606343150137,17,SUSPICIOUS
139,4,2,23.83066190225606,43,SUSPICIOUS
103,3,1,39.64631250425116,33,SUSPICIOUS
136,1,2,63.759388175221886,43,SUSPICIOUS
127,0,2,41.5174864363777,32,SUSPICIOUS
144,1,1,54.93545231317647,43,SUSPICIOUS
125,0,0,73.05300567410538,43,SUSPICIOUS
144,0,2,40.41828660212291,31,SUSPICIOUS
110,4,0,53.47704261920255,24,SUSPICIOUS
3141,0,0,0.17664806261960533,1,AI-GENERATED
3319,0,0,2.7460728023622685,1,AI-GENERATED
163,0,1,36.33203051909991,44,SUSPICIOUS
132,2,2,55.0571258912063,10,SUSPICIOUS
1194,0,0,1.9016186073771597,3,AI-GENERATED
125,2,0,45.107113137499105,17,SUSPICIOUS
1530,0,0,2.738222211507528,3,AI-GENERATED
109,4,2,64.86430594641817,42,SUSPICIOUS
120,1,0,42.075344812253945,39,SUSPICIOUS
1489,0,0,3.307071947596054,4,AI-GENERATED
2597,0,0,0.793053799024889,1,AI-GENERATED
166,3,2,73.90864962206086,19,SUSPICIOUS
134,0,2,57.90098741239478,39,SUSPICIOUS
119,3,0,48.17792588487366,35,SUSPICIOUS
636,0,0,0.9421276597319371,3,AI-GENERATED
4662,0,0,2.046516909337772,4,AI-GENERATED
128,3,1,30.813425949399708,11,SUSPICIOUS
147,1,2,38.896403706720136,11,SUSPICIOUS
419,0,0,3.285638809751637,1,AI-GENERATED
131,1,0,56.9997811191398,37,SUSPICIOUS
153,4,2,42.41448165357156,39,SUSPICIOUS
104,2,0,51.44937528019416,19,SUSPICIOUS
144,0,0,21.8818208533516,15,SUSPICIOUS
1084,0,0,1.0608720663730418,2,AI-GENERATED
4638,0,0,1.1148416920456026,2,AI-GENERATED
4376,0,0,0.5762275589139487,4,AI-GENERATED
3424,0,0,1.383445586128591,3,AI-GENERATED
3438,0,0,2.801727992344369,1,AI-GENERATED
114,1,1,62.88010327575654,37,SUSPICIOUS
3416,0,0,1.5355128476313524,2,AI-GENERATED
129,3,2,40.15745593445338,37,SUSPICIOUS
1666,0,0,2.1727125992815273,4,AI-GENERATED
1981,0,0,3.455573030039641,2,AI-GENERATED
137,2,1,50.76023885993903,31,SUSPICIOUS
1544,0,0,0.11450690298659799,2,AI-GENERATED
113,4,2,37.101516235427844,30,SUSPICIOUS
160,1,2,52.639660135601034,15,SUSPICIOUS
2885,0,0,2.76324775498371,1,AI-GENERATED
136,4,0,42.07939572017507,43,SUSPICIOUS
2436,0,0,2.2874289751937384,1,AI-GENERATED
128,0,2,52.43357004997616,38,SUSPICIOUS
136,2,2,58.24988339030296,36,SUSPICIOUS
139,2,2,47.75683856526774,22,SUSPICIOUS
137,4,1,35.21471154467159,37,SUSPICIOUS
168,4,2,53.42672624168754,28,SUSPICIOUS
2116,0,0,2.3201059754223947,1,AI-GENERATED
3032,0,0,0.9911842370112284,3,AI-GENERATED
2064,0,0,0.37961813414633017,2,AI-GENERATED
1742,0,0,0.13422753476043386,2,AI-GENERATED
410,0,0,3.301715986854784,1,AI-GENERATED
2405,0,0,1.638080932849974,4,AI-GENERATED
154,3,0,63.55353278823567,15,SUSPICIOUS
2658,0,0,3.451421843454332,4,AI-GENERATED
4482,0,0,2.4084310836860903,1,AI-GENERATED
103,4,0,50.24086798785484,33,SUSPICIOUS
4742,0,0,1.488970511421606,3,AI-GENERATED
3676,0,0,0.7010327394377978,3,AI-GENERATED
2239,0,0,1.5281073117988475,2,AI-GENERATED
109,3,0,54.78622427076533,13,SUSPICIOUS
509,0,0,1.7308575532367474,1,AI-GENERATED
2893,0,0,1.1667679680543335,2,AI-GENERATED
130,0,0,54.77617623599434,29,SUSPICIOUS
1141,0,0,0.21779292909735787,3,AI-GENERATED
2463,0,0,0.16784554473933455,3,AI-GENERATED
2013,0,0,1.3090858991593108,1,AI-GENERATED
120,1,1,35.26595361602371,22,SUSPICIOUS
126,3,2,68.54808495971594,27,SUSPICIOUS
182,1,2,50.32019928746818,41,SUSPICIOUS
138,0,0,43.402467807704966,11,SUSPICIOUS
96,0,0,51.5389118818783,41,SUSPICIOUS
132,0,0,38.63273204629769,43,SUSPICIOUS
3242,0,0,1.8147206439077281,1,AI-GENERATED
152,0,1,50.38971849437493,11,SUSPICIOUS
133,3,2,45.06234900000039,38,SUSPICIOUS
167,0,2,51.057444143715045,39,SUSPICIOUS
109,3,0,70.80162519625193,11,SUSPICIOUS
3400,0,0,2.6043579813782465,4,AI-GENERATED
126,0,1,5.0,20,SUSPICIOUS
2603,0,0,3.0840078355709313,2,AI-GENERATED
148,4,2,43.8645428606391,35,SUSPICIOUS
116,4,2,67.2675406424178,44,SUSPICIOUS
2732,0,0,3.0484250757038023,2,AI-GENERATED
622,0,0,0.8391396846622049,1,AI-GENERATED
2859,0,0,2.0386751623826123,1,AI-GENERATED
2795,0,0,0.40276711452449665,3,AI-GENERATED
148,2,1,40.696413356548234,14,SUSPICIOUS
1880,0,0,0.12266551513098722,4,AI-GENERATED
4929,0,0,0.21589004697340647,4,AI-GENERATED
138,1,1,27.12075276933948,31,SUSPICIOUS
2385,0,0,1.666904651888407,2,AI-GENERATED
134,4,2,39.510473468736166,21,SUSPICIOUS
163,1,1,54.52462983613581,27,SUSPICIOUS
1975,0,0,1.1178541739577774,1,AI-GENERATED
165,2,2,48.250675996105585,23,SUSPICIOUS
141,1,2,29.37585479707247,39,SUSPICIOUS
137,4,0,60.06829267179499,16,SUSPICIOUS
135,4,0,54.40129170261225,43,SUSPICIOUS
4063,0,0,2.551185763456306,3,AI-GENERATED
3160,0,0,0.28638009327680214,1,AI-GENERATED
140,0,2,34.9319869211998,23,SUSPICIOUS
3110,0,0,3.0541182041381654,4,AI-GENERATED
1214,0,0,2.6715996171600938,2,AI-GENERATED
172,4,1,65.66156078622993,39,SUSPICIOUS
121,1,2,46.38119046184045,28,SUSPICIOUS
144,3,1,42.68764004704658,10,SUSPICIOUS
162,2,1,57.009008491557864,33,SUSPICIOUS
135,2,1,57.28227954829127,38,SUSPICIOUS
120,2,1,32.05975478807002,20,SUSPICIOUS
155,4,1,53.61335579988185,32,SUSPICIOUS
860,0,0,2.005163241867409,3,AI-GENERATED
141,3,2,58.17539134505595,44,SUSPICIOUS
152,2,0,37.325953539139114,35,SUSPICIOUS
162,2,2,43.186289295605896,31,SUSPICIOUS
1107,0,0,2.61324195674109,2,AI-GENERATED
3480,0,0,1.6521810280231601,1,AI-GENERATED
145,4,1,49.229708086779155,31,SUSPICIOUS
2837,0,0,2.8437194641779864,2,AI-GENERATED
141,1,1,19.343033611232194,35,SUSPICIOUS
2621,0,0,0.5217117951913026,1,AI-GENERATED
152,1,1,38.130558273464146,24,SUSPICIOUS
122,2,2,39.80409031236785,15,SUSPICIOUS
135,1,1,24.659854605294296,28,SUSPICIOUS
152,1,2,34.892320680609025,23,SUSPICIOUS
647,0,0,1.420959893850837,1,AI-GENERATED
509,0,0,0.8457969563556523,1,AI-GENERATED
122,2,2,44.92400137876643,40,SUSPICIOUS
128,1,0,57.0408186369369,26,SUSPICIOUS
103,1,0,39.4682878109116,30,SUSPICIOUS
3311,0,0,2.96564113105564,2,AI-GENERATED
4355,0,0,0.5874765217149127,2,AI-GENERATED
180,3,0,39.79104850374826,14,SUSPICIOUS
2591,0,0,2.850978850506457,1,AI-GENERATED
1100,0,0,0.9438803644461161,1,AI-GENERATED
1118,0,0,2.8734664217079886,3,AI-GENERATED
872,0,0,2.9010502448386903,3,AI-GENERATED
124,2,1,69.42925220379446,40,SUSPICIOUS
158,3,0,26.564225298221114,42,SUSPICIOUS
123,1,0,64.70040638368609,35,SUSPICIOUS
152,3,0,64.92394628927859,38,SUSPICIOUS
3294,0,0,1.2997139537189477,3,AI-GENERATED
136,2,0,75.82718592213482,33,SUSPICIOUS
2941,0,0,2.73816588985051,4,AI-GENERATED
143,0,0,49.041368090053595,13,SUSPICIOUS
146,3,1,36.58998668147059,15,SUSPICIOUS
4445,0,0,1.3626135733462872,3,AI-GENERATED
3063,0,0,0.7106863885380752,4,AI-GENERATED
144,1,1,36.028896301885254,31,SUSPICIOUS
118,0,0,81.12948419169626,41,SUSPICIOUS
158,2,2,36.41172554262752,25,SUSPICIOUS
975,0,0,1.6146110376479301,1,AI-GENERATED
4653,0,0,2.4246602307192715,3,AI-GENERATED
171,2,0,46.95040074789338,42,SUSPICIOUS
150,1,1,63.746130507870646,43,SUSPICIOUS
104,3,1,48.45078975265053,14,SUSPICIOUS
152,3,2,42.884445874322104,16,SUSPICIOUS
152,4,1,36.09154494312913,14,SUSPICIOUS
828,0,0,0.33619657191577734,2,AI-GENERATED
3464,0,0,0.6948090071038983,2,AI-GENERATED
164,4,0,54.340074035093124,12,SUSPICIOUS
147,4,0,16.792017591551662,38,SUSPICIOUS
147,2,0,48.41049955063014,10,SUSPICIOUS
3883,0,0,1.633652520535932,4,AI-GENERATED
4140,0,0,1.425766777943302,1,AI-GENERATED
144,4,1,55.57648740046751,25,SUSPICIOUS
4180,0,0,1.7769706653286683,1,AI-GENERATED
4641,0,0,1.450986462357129,4,AI-GENERATED
1363,0,0,2.860512683355899,3,AI-GENERATED
152,2,0,17.60425621630483,10,SUSPICIOUS
1926,0,0,2.2826963584142317,1,AI-GENERATED
3912,0,0,0.6322408132486705,2,AI-GENERATED
4130,0,0,0.7909271552126125,3,AI-GENERATED
2232,0,0,2.870409363423471,2,AI-GENERATED
141,2,0,41.58667298409549,38,SUSPICIOUS
173,0,0,35.70843159332111,22,SUSPICIOUS
139,0,2,35.59402697073415,40,SUSPICIOUS
131,4,0,5.0,34,SUSPICIOUS
3067,0,0,3.0556900574524226,3,AI-GENERATED
166,1,2,55.83017501521954,17,SUSPICIOUS
4492,0,0,0.38229914226029826,4,AI-GENERATED
2125,0,0,1.5776690213972429,3,AI-GENERATED
4293,0,0,1.4834792953013842,3,AI-GENERATED
2712,0,0,1.0669875952915686,3,AI-GENERATED
4104,0,0,2.155814764336294,1,AI-GENERATED
2859,0,0,3.226445306278137,4,AI-GENERATED
2334,0,0,2.817102828743109,4,AI-GENERATED
121,2,0,44.0652060872519,30,SUSPICIOUS
763,0,0,2.5076964898244722,4,AI-GENERATED
156,3,1,33.4196580587852,40,SUSPICIOUS
121,3,2,42.64987100319961,16,SUSPICIOUS
157,1,1,47.23835595800071,25,SUSPICIOUS
2363,0,0,3.3797612865724886,4,AI-GENERATED
143,2,0,67.23112832422945,15,SUSPICIOUS
119,3,1,46.70346707389663,40,SUSPICIOUS
3925,0,0,1.3526561063139282,2,AI-GENERATED
2874,0,0,3.398485524280696,1,AI-GENERATED
1438,0,0,0.886057157759842,1,AI-GENERATED
3258,0,0,1.055427315826869,1,AI-GENERATED
2526,0,0,1.149144733450045,2,AI-GENERATED
107,2,0,34.31297769000315,29,SUSPICIOUS
1649,0,0,1.2954051894806546,4,AI-GENERATED
4876,0,0,2.054153760548664,2,AI-GENERATED
3071,0,0,1.9983460758578857,2,AI-GENERATED
1459,0,0,1.0170727369651298,4,AI-GENERATED
2115,0,0,3.031120903812579,3,AI-GENERATED
3060,0,0,1.9512260434385953,1,AI-GENERATED
152,0,2,53.281376723159426,20,SUSPICIOUS
125,3,2,31.994828337079696,27,SUSPICIOUS
1963,0,0,3.3422747504849695,1,AI-GENERATED
122,4,0,26.19025309674734,36,SUSPICIOUS
133,1,0,58.339786208264385,36,SUSPICIOUS
150,4,0,63.130479907380526,19,SUSPICIOUS
854,0,0,3.4413040708965803,2,AI-GENERATED
80,3,1,23.871498351531013,25,SUSPICIOUS
4504,0,0,3.075265887789533,1,AI-GENERATED
702,0,0,2.644663786621205,1,AI-GENERATED
3561,0,0,0.4068745166950799,4,AI-GENERATED
2230,0,0,0.11975528432294456,3,AI-GENERATED
3939,0,0,0.1560078873673547,3,AI-GENERATED
140,0,1,51.46776365429399,40,SUSPICIOUS
1124,0,0,0.4041776820269356,1,AI-GENERATED
173,2,1,72.35181417872653,33,SUSPICIOUS
969,0,0,1.8155875862372994,3,AI-GENERATED
2872,0,0,3.476707579192926,2,AI-GENERATED
3620,0,0,1.5251288071904396,1,AI-GENERATED
128,3,1,58.60788164083296,29,SUSPICIOUS
130,2,0,71.2160893250388,31,SUSPICIOUS
138,4,2,51.3286181172387,31,SUSPICIOUS
4073,0,0,0.6565138039986863,2,AI-GENERATED
128,0,0,87.42845503025549,32,SUSPICIOUS
2743,0,0,2.6327554266077935,2,AI-GENERATED
137,3,2,43.568705680138194,11,SUSPICIOUS
4044,0,0,2.562302634356886,1,AI-GENERATED
3759,0,0,2.729235865475121,1,AI-GENERATED
4653,0,0,0.678941699821072,1,AI-GENERATED
146,0,2,66.02007999316,37,SUSPICIOUS
125,1,1,57.259855875567354,12,SUSPICIOUS
182,2,0,34.92709552270422,12,SUSPICIOUS
4429,0,0,3.3313400495074768,2,AI-GENERATED
121,3,0,71.58222288057084,39,SUSPICIOUS
135,2,0,48.75215095353682,37,SUSPICIOUS
131,2,0,45.77449405624242,36,SUSPICIOUS
2105,0,0,3.4475812934142795,3,AI-GENERATED
2385,0,0,0.5046894161127488,3,AI-GENERATED
2857,0,0,1.2055018415044152,2,AI-GENERATED
3115,0,0,0.849349998548379,2,AI-GENERATED
1228,0,0,2.011507261040001,2,AI-GENERATED
4871,0,0,1.8605152738367958,2,AI-GENERATED
143,3,2,45.59918362966718,24,SUSPICIOUS
125,2,0,52.72875848042757,20,SUSPICIOUS
1364,0,0,2.3172140456238695,2,AI-GENERATED
3611,0,0,0.7423260643968337,3,AI-GENERATED
4332,0,0,0.29225329000154376,2,AI-GENERATED
143,0,0,41.225787477188206,12,SUSPICIOUS
188,4,1,41.16214905961697,28,SUSPICIOUS
3172,0,0,2.9050819770555347,4,AI-GENERATED
998,0,0,0.16481834343326562,1,AI-GENERATED
1727,0,0,1.0977672578732196,4,AI-GENERATED
135,3,2,42.21181255185396,23,SUSPICIOUS
142,2,0,24.609127424258972,23,SUSPICIOUS
3605,0,0,3.3291145406736558,3,AI-GENERATED
4502,0,0,1.4968140162503876,3,AI-GENERATED
2301,0,0,0.515353017610721,1,AI-GENERATED
120,4,0,35.515573400947126,24,SUSPICIOUS
738,0,0,0.8596121021363832,1,AI-GENERATED
161,1,0,59.03848803136246,44,SUSPICIOUS
4994,0,0,3.1738144712897998,4,AI-GENERATED
2249,0,0,3.186551647829292,4,AI-GENERATED
2390,0,0,2.811791254146757,2,AI-GENERATED
3811,0,0,1.9784209637858603,2,AI-GENERATED
129,2,0,54.80244045195772,15,SUSPICIOUS
122,0,1,35.425334291183596,24,SUSPICIOUS
568,0,0,3.0040332490946313,3,AI-GENERATED
81,2,1,32.22206360305658,36,SUSPICIOUS
4430,0,0,2.4426488296410205,1,AI-GENERATED
117,0,1,61.87463677151558,30,SUSPICIOUS
579,0,0,0.8811864979518506,3,AI-GENERATED
165,1,2,59.41561948144016,36,SUSPICIOUS
4698,0,0,0.8168047873553176,1,AI-GENERATED
3133,0,0,3.1487168893747723,3,AI-GENERATED
2313,0,0,2.781680178456425,3,AI-GENERATED
1816,0,0,3.1761002382363994,1,AI-GENERATED
171,1,0,14.423538812520558,25,SUSPICIOUS
138,3,0,29.500551033735245,22,SUSPICIOUS
3413,0,0,0.6254523929001614,2,AI-GENERATED
2428,0,0,1.6034214116430956,2,AI-GENERATED
480,0,0,0.24609450689412132,4,AI-GENERATED
167,2,1,48.12339663775961,39,SUSPICIOUS
4534,0,0,2.0936791282185556,2,AI-GENERATED
2436,0,0,1.8189393346476819,2,AI-GENERATED
2947,0,0,1.1118206807664894,2,AI-GENERATED
140,1,0,45.11818756171599,18,SUSPICIOUS
131,3,1,32.08584409000916,40,SUSPICIOUS
4755,0,0,2.6813817607932267,2,AI-GENERATED
1992,0,0,0.5442484845482258,3,AI-GENERATED
126,0,0,44.03449606727425,33,SUSPICIOUS
112,3,0,40.29328529507818,35,SUSPICIOUS
1968,0,0,0.43077978035094744,2,AI-GENERATED
155,0,2,34.134285332276036,41,SUSPICIOUS
3316,0,0,1.230490871156539,3,AI-GENERATED
4695,0,0,1.5262377468573511,2,AI-GENERATED
113,3,1,78.2437708118728,34,SUSPICIOUS
2134,0,0,2.360303976342478,2,AI-GENERATED
145,4,2,30.471558037547176,12,SUSPICIOUS
151,1,1,51.62657829331291,39,SUSPICIOUS
3096,0,0,0.4258139301086068,3,AI-GENERATED
140,0,0,33.14349358968064,16,SUSPICIOUS
999,0,0,2.1020336282393823,3,AI-GENERATED
141,0,1,30.460378189437357,43,SUSPICIOUS
138,3,2,60.844916048459794,36,SUSPICIOUS
113,1,2,70.41028992738295,20,SUSPICIOUS
2170,0,0,1.8567076372947189,3,AI-GENERATED
520,0,0,3.147943984901955,2,AI-GENERATED
108,0,2,54.800860771708976,33,SUSPICIOUS
3237,0,0,1.360837869663251,1,AI-GENERATED
2657,0,0,1.5724773504468288,4,AI-GENERATED
138,2,2,48.88450223023973,24,SUSPICIOUS
139,3,0,50.49275164528167,14,SUSPICIOUS
1380,0,0,0.39985534716295823,3,AI-GENERATED
3218,0,0,3.3278828552135757,3,AI-GENERATED
1601,0,0,2.91674273181471,3,AI-GENERATED
129,0,0,33.20138220650217,28,SUSPICIOUS
135,0,1,48.129002694221256,24,SUSPICIOUS
141,2,2,19.769751135056488,35,SUSPICIOUS
1424,0,0,3.3273851342859952,2,AI-GENERATED
2733,0,0,2.8206983262786096,2,AI-GENERATED
1048,0,0,3.2082551766366763,2,AI-GENERATED
131,3,2,38.15846019319911,19,SUSPICIOUS
4086,0,0,2.4499691614527737,2,AI-GENERATED
1752,0,0,2.1876279230146323,3,AI-GENERATED
137,1,0,47.329033094485474,43,SUSPICIOUS
4156,0,0,0.36048270462038245,2,AI-GENERATED
120,0,0,27.518276168654868,42,SUSPICIOUS
1956,0,0,2.7604300409451126,1,AI-GENERATED
105,0,1,46.13343012068418,32,SUSPICIOUS
144,4,0,55.78590463643425,36,SUSPICIOUS
4984,0,0,2.5069649827304024,1,AI-GENERATED
170,4,1,45.96054449485914,34,SUSPICIOUS
150,1,0,39.858986625122085,10,SUSPICIOUS
97,2,1,34.486405214375246,25,SUSPICIOUS
151,3,0,51.50241062472209,23,SUSPICIOUS
788,0,0,2.1597161505723697,2,AI-GENERATED
4553,0,0,2.4248530785391367,4,AI-GENERATED
141,0,0,20.107818115665584,41,SUSPICIOUS
143,0,1,29.398673814076567,32,SUSPICIOUS
166,0,1,35.95165064507682,13,SUSPICIOUS
136,4,0,55.0545914053871,24,SUSPICIOUS
3016,0,0,3.336935382086729,2,AI-GENERATED
146,1,1,14.517333526978714,43,SUSPICIOUS
81,1,1,38.01285345237834,10,SUSPICIOUS
4478,0,0,0.8038597249309404,2,AI-GENERATED
1376,0,0,1.4837998097760667,3,AI-GENERATED
1573,0,0,2.4061629648667564,4,AI-GENERATED
3346,0,0,2.3802761473235363,1,AI-GENERATED
1037,0,0,3.3147111098412596,3,AI-GENERATED
134,3,1,73.48608779154593,36,SUSPICIOUS
1389,0,0,0.335723717504705,4,AI-GENERATED
156,0,1,28.213573872201643,33,SUSPICIOUS
193,2,0,24.901003614588607,36,SUSPICIOUS
2140,0,0,0.7383751914614932,4,AI-GENERATED
2752,0,0,2.2219835502588507,3,AI-GENERATED
1645,0,0,2.065557289094917,3,AI-GENERATED
131,1,0,59.80488658978747,43,SUSPICIOUS
4418,0,0,1.1942033953405191,2,AI-GENERATED
125,4,1,21.804613789944973,39,SUSPICIOUS
124,4,1,45.66601298994885,27,SUSPICIOUS
152,2,1,42.289226577317926,25,SUSPICIOUS
138,0,2,32.177284117007275,42,SUSPICIOUS
196,3,2,40.97795782206042,17,SUSPICIOUS
134,2,2,25.57396122056586,25,SUSPICIOUS
149,3,2,19.903304797549776,34,SUSPICIOUS
3786,0,0,2.567306487847631,4,AI-GENERATED
106,0,2,35.15619954751388,20,SUSPICIOUS
2826,0,0,0.9843225256581012,4,AI-GENERATED
153,3,0,71.46596962929767,44,SUSPICIOUS
4514,0,0,2.9538265519736133,4,AI-GENERATED
4825,0,0,2.6641907144387127,3,AI-GENERATED
111,0,2,72.24941359660374,35,SUSPICIOUS
3776,0,0,2.7323859877900656,2,AI-GENERATED
134,1,2,30.812720970919592,23,SUSPICIOUS
143,0,1,53.13264316076999,31,SUSPICIOUS
159,0,0,14.649329722429506,10,SUSPICIOUS
130,2,1,50.561537643653395,17,SUSPICIOUS
186,3,2,16.2126704218123,21,SUSPICIOUS
920,0,0,2.4139210828082565,2,AI-GENERATED
4792,0,0,1.489775172868802,4,AI-GENERATED
4045,0,0,0.7261946066013099,2,AI-GENERATED
3183,0,0,1.8594074847438224,2,AI-GENERATED
4646,0,0,0.6694845960129931,1,AI-GENERATED
3753,0,0,0.4613040995783483,2,AI-GENERATED
2891,0,0,2.256769862043945,3,AI-GENERATED
144,2,0,13.738675714296875,34,SUSPICIOUS
161,4,0,62.18138361192236,40,SUSPICIOUS
137,1,1,23.964421221196154,40,SUSPICIOUS
139,1,0,53.925282104328865,38,SUSPICIOUS
145,0,0,69.53740019525381,33,SUSPICIOUS
176,3,2,44.467198942704286,39,SUSPICIOUS
1922,0,0,3.1497536740688443,4,AI-GENERATED
2002,0,0,1.6399540688915744,3,AI-GENERATED
769,0,0,3.070097388989632,2,AI-GENERATED
2172,0,0,0.19658770553763466,3,AI-GENERATED
131,4,0,58.028342494792454,26,SUSPICIOUS
2213,0,0,3.1929872781546553,1,AI-GENERATED
141,1,2,61.039928893813375,36,SUSPICIOUS
147,0,1,38.36634685939919,17,SUSPICIOUS
1222,0,0,0.4938812086158161,3,AI-GENERATED
117,0,0,42.507887902322,40,SUSPICIOUS
142,3,0,29.35328008344831,33,SUSPICIOUS
1761,0,0,1.835350785712131,4,AI-GENERATED
144,3,2,30.65311068877903,21,SUSPICIOUS
2382,0,0,0.330382019838588,1,AI-GENERATED
4618,0,0,3.092230811232443,3,AI-GENERATED
663,0,0,0.12491643319232924,4,AI-GENERATED
3035,0,0,3.0007417941032806,1,AI-GENERATED
102,1,0,62.84667321966629,25,SUSPICIOUS
132,0,2,33.28901320320812,44,SUSPICIOUS
2999,0,0,2.8157865715281964,2,AI-GENERATED
137,2,1,57.63583626771135,14,SUSPICIOUS
403,0,0,2.301348123756136,2,AI-GENERATED
150,3,1,42.63209531331263,30,SUSPICIOUS
2465,0,0,3.1256784192068263,1,AI-GENERATED
97,4,0,58.013888278447084,24,SUSPICIOUS
1113,0,0,2.6440490458473076,4,AI-GENERATED
141,0,0,48.31489679553314,18,SUSPICIOUS
468,0,0,2.2023944980706145,1,AI-GENERATED
142,0,2,9.241636896688881,34,SUSPICIOUS
4119,0,0,2.5619592884086124,2,AI-GENERATED
4461,0,0,1.1125613822760483,4,AI-GENERATED
2368,0,0,2.8223000188354277,4,AI-GENERATED
3166,0,0,0.47565725595830555,1,AI-GENERATED
3480,0,0,1.586418856891723,4,AI-GENERATED
152,1,0,30.457485591469357,44,SUSPICIOUS
753,0,0,0.30073197966688453,3,AI-GENERATED
155,2,2,22.890728102581814,35,SUSPICIOUS
2218,0,0,1.9719521294568578,1,AI-GENERATED
4509,0,0,1.7849516790678668,4,AI-GENERATED
4782,0,0,1.8322107662761042,3,AI-GENERATED
117,3,0,32.010632133403675,21,SUSPICIOUS
3166,0,0,3.230079616714408,4,AI-GENERATED
168,2,1,33.39218427219096,23,SUSPICIOUS
754,0,0,2.0617796922751093,1,AI-GENERATED
4077,0,0,0.7218047621547964,2,AI-GENERATED
430,0,0,1.185995388308667,3,AI-GENERATED
116,3,1,37.74276051157426,40,SUSPICIOUS
1162,0,0,0.8503788028104037,3,AI-GENERATED
4579,0,0,0.9106042194176366,1,AI-GENERATED
499,0,0,2.441124323018251,4,AI-GENERATED
3646,0,0,0.5151331504515011,2,AI-GENERATED
1991,0,0,1.7192430998915513,1,AI-GENERATED
109,4,1,64.59417599995803,22,SUSPICIOUS
4847,0,0,1.2743428369611212,3,AI-GENERATED
420,0,0,0.3276338478848039,4,AI-GENERATED
916,0,0,1.2292050454293946,1,AI-GENERATED
4769,0,0,1.763484933794377,3,AI-GENERATED
136,3,2,56.90145618452169,37,SUSPICIOUS
147,1,2,25.319140386835585,32,SUSPICIOUS
512,0,0,2.914711506392479,2,AI-GENERATED
4024,0,0,1.5279282664470941,4,AI-GENERATED
872,0,0,2.5974098040782185,4,AI-GENERATED
1646,0,0,0.6095019108720334,4,AI-GENERATED
493,0,0,1.587991481116285,3,AI-GENERATED
1571,0,0,0.5628900197932587,4,AI-GENERATED
102,2,2,48.60385534369159,29,SUSPICIOUS
135,3,0,54.10772210680546,33,SUSPICIOUS
155,3,0,22.070495308589276,26,SUSPICIOUS
1598,0,0,2.218824051205953,4,AI-GENERATED
4301,0,0,3.1768914399356056,3,AI-GENERATED
91,2,0,36.99646677710327,42,SUSPICIOUS
1195,0,0,1.592960868958467,3,AI-GENERATED
4576,0,0,0.7310034663023175,1,AI-GENERATED
112,2,0,54.31283309617748,36,SUSPICIOUS
134,1,2,32.54967011708473,31,SUSPICIOUS
3375,0,0,0.5623344117572229,3,AI-GENERATED
1776,0,0,1.4497886720638806,1,AI-GENERATED
3759,0,0,3.34555808580366,2,AI-GENERATED
3824,0,0,0.7277113548203334,1,AI-GENERATED
152,3,2,44.509948537467956,42,SUSPICIOUS
173,4,0,32.631089560436216,13,SUSPICIOUS
1362,0,0,2.313993637828658,3,AI-GENERATED
1967,0,0,1.17126434319842,3,AI-GENERATED
3383,0,0,2.7021921630368033,2,AI-GENERATED
1449,0,0,3.299952285713894,1,AI-GENERATED
1416,0,0,2.287882871508144,2,AI-GENERATED
118,0,1,8.415717531076773,19,SUSPICIOUS
152,4,1,57.90770735421872,24,SUSPICIOUS
3804,0,0,0.698683072478353,2,AI-GENERATED
2094,0,0,2.604072267626426,1,AI-GENERATED
4403,0,0,0.8954457787663365,1,AI-GENERATED
4709,0,0,2.398637826984301,2,AI-GENERATED
3500,0,0,3.4853663872044907,4,AI-GENERATED
133,3,2,57.49071149398532,37,SUSPICIOUS
133,0,1,49.38715790970373,38,SUSPICIOUS
3595,0,0,2.0489356820261593,1,AI-GENERATED
1201,0,0,3.0875013971022733,4,AI-GENERATED
1882,0,0,0.6469975069049322,2,AI-GENERATED
3078,0,0,1.9541260098985367,3,AI-GENERATED
152,0,2,40.211764584082204,23,SUSPICIOUS
121,3,0,36.39315788335572,25,SUSPICIOUS
4030,0,0,3.268003474221395,2,AI-GENERATED
3915,0,0,0.6729439053610293,4,AI-GENERATED
124,4,2,31.404958186977744,26,SUSPICIOUS
2754,0,0,2.944611776853069,2,AI-GENERATED
4029,0,0,0.6125780070839304,3,AI-GENERATED
144,3,2,14.27784675526232,11,SUSPICIOUS
4541,0,0,2.32381998926577,1,AI-GENERATED
1040,0,0,0.31013072759640764,2,AI-GENERATED
3750,0,0,3.274010550154891,1,AI-GENERATED
1491,0,0,3.461614084986446,4,AI-GENERATED
139,2,1,27.00658734794598,17,SUSPICIOUS
407,0,0,0.9258236082590223,2,AI-GENERATED
1878,0,0,2.5123526719420695,2,AI-GENERATED
2667,0,0,1.8454510311032992,3,AI-GENERATED
159,4,0,75.47216763174202,44,SUSPICIOUS
674,0,0,2.7112397739972076,4,AI-GENERATED
3366,0,0,2.263684542107423,2,AI-GENERATED
3174,0,0,2.8739535141238357,3,AI-GENERATED
143,1,1,44.08515872530828,44,SUSPICIOUS
157,3,2,57.45691459029222,36,SUSPICIOUS
433,0,0,2.1745232975505435,1,AI-GENERATED
127,0,0,55.64287595167941,41,SUSPICIOUS
1012,0,0,3.3103751766308447,1,AI-GENERATED
4276,0,0,1.249395063935593,1,AI-GENERATED
142,2,2,19.275659186239086,14,SUSPICIOUS
4780,0,0,0.8876767653027132,1,AI-GENERATED
3946,0,0,1.6702682940076823,4,AI-GENERATED
154,4,1,65.05824279759679,14,SUSPICIOUS
625,0,0,1.0707546572713929,3,AI-GENERATED
3909,0,0,1.3225850816246572,1,AI-GENERATED
1191,0,0,0.3226762816613232,2,AI-GENERATED
2172,0,0,1.9471247589805156,1,AI-GENERATED
722,0,0,0.9860206835516917,1,AI-GENERATED
165,0,1,60.684800106005,42,SUSPICIOUS
4773,0,0,0.7081928563049121,4,AI-GENERATED
96,4,0,36.679517711190826,21,SUSPICIOUS
4193,0,0,2.294539700113012,1,AI-GENERATED
1720,0,0,0.4733361407071298,3,AI-GENERATED
119,0,2,53.153851120165825,44,SUSPICIOUS
105,3,0,40.97761393924616,19,SUSPICIOUS
167,1,2,49.8449193142039,42,SUSPICIOUS
135,2,2,39.9577124563758,24,SUSPICIOUS
4546,0,0,0.1534602954311339,3,AI-GENERATED
937,0,0,1.2234663365997458,2,AI-GENERATED
3588,0,0,3.447520851062643,3,AI-GENERATED
4093,0,0,2.843424995046262,3,AI-GENERATED
131,1,0,61.25094081260655,12,SUSPICIOUS
811,0,0,2.306910995183517,4,AI-GENERATED
156,1,0,41.02188026925435,15,SUSPICIOUS
178,2,0,49.4941733519229,13,SUSPICIOUS
3319,0,0,1.382897449013485,2,AI-GENERATED
171,2,0,37.38565858333978,21,SUSPICIOUS
406,0,0,0.42334850344825403,3,AI-GENERATED
131,4,0,60.27076211053047,17,SUSPICIOUS
1643,0,0,1.1266250117991667,1,AI-GENERATED
162,4,1,22.65187931033708,40,SUSPICIOUS
168,3,1,32.80342791536799,29,SUSPICIOUS
182,2,0,51.43324371402455,25,SUSPICIOUS
145,4,1,33.574313961370876,17,SUSPICIOUS
143,4,2,40.73642586528825,40,SUSPICIOUS
134,3,2,46.536302040730305,29,SUSPICIOUS
108,1,0,49.461930356886526,33,SUSPICIOUS
4002,0,0,0.5127119171963151,2,AI-GENERATED
132,2,2,21.61685496352136,42,SUSPICIOUS
2919,0,0,0.9204841006373491,3,AI-GENERATED
4289,0,0,3.1124165964182744,4,AI-GENERATED
151,2,1,47.19018078797199,30,SUSPICIOUS
4755,0,0,1.9083642789943092,4,AI-GENERATED
114,3,2,18.642009879549683,19,SUSPICIOUS
119,2,0,34.399162928915324,13,SUSPICIOUS
4333,0,0,0.908703843840787,1,AI-GENERATED
133,0,1,48.6563796416423,27,SUSPICIOUS
3133,0,0,0.1335289771653739,4,AI-GENERATED
4179,0,0,0.1860231755632278,2,AI-GENERATED
1644,0,0,3.3920456343989187,4,AI-GENERATED
173,1,0,57.385824827667314,18,SUSPICIOUS
826,0,0,0.6231638414650982,3,AI-GENERATED
4581,0,0,0.81025670945345,4,AI-GENERATED
608,0,0,0.6007021367903295,3,AI-GENERATED
2100,0,0,2.555833560303744,3,AI-GENERATED
123,1,1,49.95200344600353,28,SUSPICIOUS
4829,0,0,1.9814091433145034,1,AI-GENERATED
3835,0,0,2.001767735370937,1,AI-GENERATED
128,2,2,17.152502405240426,20,SUSPICIOUS
167,4,2,55.33460323967606,18,SUSPICIOUS
143,4,1,32.71439824545347,12,SUSPICIOUS
3511,0,0,2.688279592136242,1,AI-GENERATED
144,4,0,61.63803235808109,35,SUSPICIOUS
133,4,1,44.1925686561336,15,SUSPICIOUS
121,1,0,57.206368148570846,24,SUSPICIOUS
128,3,0,53.30569079485479,31,SUSPICIOUS
3158,0,0,0.609351584656007,1,AI-GENERATED
1955,0,0,1.5013729669602456,3,AI-GENERATED
1527,0,0,3.4736308267835323,2,AI-GENERATED
721,0,0,3.33031814178239,2,AI-GENERATED
104,0,1,43.14921570086555,18,SUSPICIOUS
142,2,2,63.80485326782791,12,SUSPICIOUS
3566,0,0,1.2468246168702954,3,AI-GENERATED
4347,0,0,2.577861683777403,4,AI-GENERATED
2567,0,0,1.7258354200889692,1,AI-GENERATED
1394,0,0,2.8886677308780735,1,AI-GENERATED
4039,0,0,1.2882498992004177,2,AI-GENERATED
128,3,2,56.244429185354356,25,SUSPICIOUS
115,3,0,54.12353642377077,21,SUSPICIOUS
112,1,1,37.63955144228522,32,SUSPICIOUS
116,4,1,53.03177456826237,13,SUSPICIOUS
147,2,1,54.73484446293468,40,SUSPICIOUS
122,2,2,53.466841475670684,10,SUSPICIOUS
3899,0,0,2.94651616857143,2,AI-GENERATED
169,4,1,71.15708972665128,18,SUSPICIOUS
873,0,0,0.14202252161872636,3,AI-GENERATED
4956,0,0,3.3632541569147936,4,AI-GENERATED
96,2,0,34.99535298442804,35,SUSPICIOUS
178,4,0,53.702454760052426,19,SUSPICIOUS
719,0,0,0.5635338487556137,1,AI-GENERATED
3794,0,0,2.5142957907006247,2,AI-GENERATED
1475,0,0,1.7028081893773954,2,AI-GENERATED
4495,0,0,2.550164451075607,3,AI-GENERATED
3104,0,0,2.8803891617396014,1,AI-GENERATED
136,3,2,68.37363738208055,17,SUSPICIOUS
137,4,0,55.796804356984694,39,SUSPICIOUS
2360,0,0,2.0662295970394786,1,AI-GENERATED
143,3,1,62.45310554560385,42,SUSPICIOUS
1493,0,0,1.88194707951917,4,AI-GENERATED
3855,0,0,2.123730734834615,3,AI-GENERATED
1329,0,0,1.684808953776041,3,AI-GENERATED
92,3,1,43.47017537073665,13,SUSPICIOUS
175,0,2,38.917756848223725,20,SUSPICIOUS
601,0,0,0.6067370325845867,2,AI-GENERATED
140,4,1,29.468178296661875,24,SUSPICIOUS
127,4,0,39.31466403869088,38,SUSPICIOUS
1326,0,0,2.0181625234608753,3,AI-GENERATED
133,1,2,9.025549767695857,11,SUSPICIOUS
120,1,0,54.67380090344266,28,SUSPICIOUS
108,2,0,46.20758280302819,27,SUSPICIOUS
136,0,2,34.10576174366946,13,SUSPICIOUS
139,0,0,17.862236081483456,37,SUSPICIOUS
3727,0,0,2.014749276231204,1,AI-GENERATED
145,2,2,57.84096391017633,14,SUSPICIOUS
158,2,1,36.70903150533799,31,SUSPICIOUS
136,0,2,38.634153308884535,27,SUSPICIOUS
4187,0,0,3.3028130455713836,4,AI-GENERATED
793,0,0,2.2782388497819164,2,AI-GENERATED
157,4,0,49.87561891679018,17,SUSPICIOUS
116,4,2,57.594833927135404,24,SUSPICIOUS
418,0,0,1.8249130626785777,4,AI-GENERATED
143,0,0,64.35708948576533,11,SUSPICIOUS
793,0,0,0.3396927324840162,1,AI-GENERATED
168,4,0,14.7788476368195,38,SUSPICIOUS
3666,0,0,0.18767249271729453,3,AI-GENERATED
422,0,0,2.6482858454877443,1,AI-GENERATED
1444,0,0,1.7920842140219508,1,AI-GENERATED
158,0,0,65.15094749610354,30,SUSPICIOUS
143,3,0,27.07530994758104,30,SUSPICIOUS
126,1,0,36.059184578366086,10,SUSPICIOUS
3768,0,0,2.5180589941780065,2,AI-GENERATED
3979,0,0,0.12416011375606623,1,AI-GENERATED
4840,0,0,1.0789541682178112,2,AI-GENERATED
3196,0,0,3.0918301883527883,3,AI-GENERATED
3786,0,0,1.9957103522480826,2,AI-GENERATED
153,4,1,49.68189180815829,40,SUSPICIOUS
1866,0,0,0.7758318227033391,2,AI-GENERATED
4276,0,0,2.2483987626531867,3,AI-GENERATED
1671,0,0,2.402237043399166,2,AI-GENERATED
1402,0,0,0.35857179629324964,4,AI-GENERATED
3799,0,0,0.3052745788334756,2,AI-GENERATED
656,0,0,1.3587993795140767,4,AI-GENERATED
135,3,2,60.35808670958928,33,SUSPICIOUS
2959,0,0,1.3330498544372262,3,AI-GENERATED
126,2,2,13.405251090070571,31,SUSPICIOUS
122,1,1,25.867202596613307,30,SUSPICIOUS
3160,0,0,0.8779689902668717,3,AI-GENERATED
1058,0,0,0.8420049864143178,3,AI-GENERATED
1739,0,0,3.2510746020742216,2,AI-GENERATED
4235,0,0,2.9253183920187147,1,AI-GENERATED
3650,0,0,2.229027189320765,1,AI-GENERATED
148,0,2,35.662074616788594,38,SUSPICIOUS
1310,0,0,0.1637866195548478,4,AI-GENERATED
111,3,2,34.4454223060657,30,SUSPICIOUS
127,3,2,36.91492483071248,33,SUSPICIOUS
177,2,2,38.27829794262825,15,SUSPICIOUS
166,3,0,39.41784180734285,15,SUSPICIOUS
1159,0,0,1.6998455525786333,2,AI-GENERATED
116,3,2,50.26315748785092,23,SUSPICIOUS
3391,0,0,2.5864622666283905,1,AI-GENERATED
4540,0,0,3.128883554285998,3,AI-GENERATED
121,4,2,40.24492093836742,37,SUSPICIOUS
2718,0,0,3.2964214281776565,3,AI-GENERATED
1439,0,0,3.4544430754739137,1,AI-GENERATED
135,3,0,31.41979556544961,35,SUSPICIOUS
148,0,1,37.50347747031416,27,SUSPICIOUS
4200,0,0,1.4084728423056874,1,AI-GENERATED
3931,0,0,1.2719343809633912,4,AI-GENERATED
3937,0,0,2.6750965211225415,4,AI-GENERATED
619,0,0,1.3969192548562164,3,AI-GENERATED
193,4,0,42.27379884894583,20,SUSPICIOUS
2367,0,0,3.0300491631584983,2,AI-GENERATED
122,1,0,39.752793583520265,22,SUSPICIOUS
136,4,1,53.71471158417839,36,SUSPICIOUS
153,1,0,47.956801371364584,17,SUSPICIOUS
176,0,2,28.406894644246684,16,SUSPICIOUS
1361,0,0,0.7388079110771637,4,AI-GENERATED
676,0,0,0.46247369182184506,1,AI-GENERATED
3864,0,0,1.7559331209773372,1,AI-GENERATED
128,1,2,83.09646167935844,32,SUSPICIOUS
529,0,0,1.285170003307351,1,AI-GENERATED
105,3,2,55.92967292318205,29,SUSPICIOUS
2937,0,0,2.1819206995320393,3,AI-GENERATED
116,0,2,79.89776820238865,40,SUSPICIOUS
152,1,1,59.38901622451902,30,SUSPICIOUS
160,3,0,39.47677303580937,13,SUSPICIOUS
2046,0,0,2.2195456350665035,2,AI-GENERATED
120,4,2,44.597548165934775,17,SUSPICIOUS
4615,0,0,3.189442174354393,2,AI-GENERATED
160,2,0,61.06813116758862,27,SUSPICIOUS
4104,0,0,1.5739538290895316,1,AI-GENERATED
1004,0,0,0.30234630380227756,2,AI-GENERATED
4417,0,0,0.7150468254401684,4,AI-GENERATED
158,2,2,56.19397885517207,25,SUSPICIOUS
2473,0,0,3.455900932559007,4,AI-GENERATED
1686,0,0,1.5474876180270607,3,AI-GENERATED
1335,0,0,1.081629458832115,2,AI-GENERATED
123,3,2,24.538923363687896,39,SUSPICIOUS
3193,0,0,1.9571561241363202,1,AI-GENERATED
143,1,0,46.70912496863225,35,SUSPICIOUS
117,2,0,51.12252121614969,42,SUSPICIOUS
930,0,0,1.7425707858729094,4,AI-GENERATED
168,0,1,38.54798769716526,43,SUSPICIOUS
132,4,0,33.23769860720098,44,SUSPICIOUS
3557,0,0,2.9541926405365975,1,AI-GENERATED
3630,0,0,3.0952094058024997,2,AI-GENERATED
2052,0,0,2.019701006265373,1,AI-GENERATED
137,0,1,47.61878927931674,21,SUSPICIOUS
2393,0,0,2.916655933597497,2,AI-GENERATED
1356,0,0,2.256178953103976,1,AI-GENERATED
134,2,2,34.707669016533686,10,SUSPICIOUS
555,0,0,1.7912845190597368,1,AI-GENERATED
1779,0,0,0.22411976651683452,1,AI-GENERATED
161,1,2,47.85447884187933,25,SUSPICIOUS
157,2,2,57.49564136307535,15,SUSPICIOUS
537,0,0,3.4440942304596414,4,AI-GENERATED
135,3,2,56.313920015572585,34,SUSPICIOUS
145,1,0,55.354307515611936,26,SUSPICIOUS
134,2,2,41.82517215219619,28,SUSPICIOUS
137,2,0,25.296615339695677,38,SUSPICIOUS
156,3,2,26.124574566925,36,SUSPICIOUS
136,3,2,48.44943448271176,20,SUSPICIOUS
141,2,1,61.22188099351828,24,SUSPICIOUS
138,2,0,54.82254238024836,42,SUSPICIOUS
2540,0,0,2.430449392020623,2,AI-GENERATED
130,0,2,58.439479062924434,41,SUSPICIOUS
2193,0,0,0.36032733336136324,4,AI-GENERATED
144,4,1,59.166852803917024,37,SUSPICIOUS
1631,0,0,1.9073974659807202,2,AI-GENERATED
113,3,0,47.13308733082498,27,SUSPICIOUS
2125,0,0,0.7632710191483116,3,AI-GENERATED
3720,0,0,3.1265183904903506,2,AI-GENERATED
126,0,1,61.17068047441994,38,SUSPICIOUS
174,0,1,50.65685370640829,20,SUSPICIOUS
106,4,1,47.39313443498025,21,SUSPICIOUS
119,0,0,36.2081504785644,35,SUSPICIOUS
3412,0,0,2.1154241376442515,2,AI-GENERATED
1683,0,0,2.8318073506728867,2,AI-GENERATED
2603,0,0,0.5871782323024337,2,AI-GENERATED
994,0,0,1.5542115381580017,4,AI-GENERATED
3108,0,0,2.1266195335444547,1,AI-GENERATED
1554,0,0,2.138584643600994,3,AI-GENERATED
152,3,0,57.71216796260742,10,SUSPICIOUS
1698,0,0,2.7720358333124935,4,AI-GENERATED
2051,0,0,1.1713352833387518,4,AI-GENERATED
121,4,0,29.4052563223418,37,SUSPICIOUS
147,0,0,44.1277340468058,41,SUSPICIOUS
842,0,0,0.9901824453848803,1,AI-GENERATED
155,2,0,78.01872708317718,38,SUSPICIOUS
3198,0,0,2.6330113967874906,4,AI-GENERATED
117,4,2,27.804577056173553,20,SUSPICIOUS
2756,0,0,0.4924989874674479,3,AI-GENERATED
3401,0,0,3.0619641553991954,3,AI-GENERATED
1847,0,0,0.39000614869111505,2,AI-GENERATED
1047,0,0,0.7859150626420445,4,AI-GENERATED
125,4,1,16.60851489516481,22,SUSPICIOUS
2491,0,0,0.44281194178628613,3,AI-GENERATED
139,3,0,39.86655529232692,17,SUSPICIOUS
139,0,0,52.10711010119827,29,SUSPICIOUS
126,0,2,37.51930304789445,29,SUSPICIOUS
144,2,2,41.66503902237901,32,SUSPICIOUS
2082,0,0,0.41428812597878406,2,AI-GENERATED
130,1,0,5.0,44,SUSPICIOUS
2202,0,0,0.5163259136277762,3,AI-GENERATED
117,2,1,25.761170601411624,28,SUSPICIOUS
4844,0,0,3.3337541105483632,3,AI-GENERATED
1497,0,0,3.229220200901474,1,AI-GENERATED
3824,0,0,1.0660974047998526,2,AI-GENERATED
3383,0,0,2.3457881856900062,2,AI-GENERATED
148,4,2,35.068313478416755,40,SUSPICIOUS
821,0,0,0.9003746498744514,1,AI-GENERATED
136,3,1,49.00513072011917,31,SUSPICIOUS
1822,0,0,1.895108044412093,1,AI-GENERATED
1071,0,0,0.5965119995120544,4,AI-GENERATED
182,2,0,23.187245964003072,38,SUSPICIOUS
103,0,1,37.370025502959486,18,SUSPICIOUS
131,4,1,48.673059539854385,10,SUSPICIOUS
153,3,2,28.59428627893955,18,SUSPICIOUS
111,2,1,33.71698644605587,35,SUSPICIOUS
1964,0,0,1.1064177063133824,3,AI-GENERATED
3713,0,0,1.8587887328881267,4,AI-GENERATED
4080,0,0,0.3931408582386202,4,AI-GENERATED
119,0,2,83.1958437934035,34,SUSPICIOUS
4795,0,0,3.056315733304741,3,AI-GENERATED
118,2,2,38.09513592790374,16,SUSPICIOUS
2414,0,0,2.4310585878019775,1,AI-GENERATED
1530,0,0,2.5255930251293806,2,AI-GENERATED
2032,0,0,0.3579010641786934,1,AI-GENERATED
3857,0,0,2.2981409105428607,1,AI-GENERATED
4958,0,0,1.7159155855068986,1,AI-GENERATED
155,0,2,40.7862152236733,42,SUSPICIOUS
4023,0,0,0.38057202875853413,4,AI-GENERATED
138,2,1,44.75373012681772,29,SUSPICIOUS
3115,0,0,1.6931567755761228,2,AI-GENERATED
415,0,0,1.244089675747646,2,AI-GENERATED
4560,0,0,2.810860641851104,3,AI-GENERATED
2939,0,0,0.8843488855821897,2,AI-GENERATED
969,0,0,3.238223866687585,1,AI-GENERATED
159,1,1,40.65466404538507,41,SUSPICIOUS
1176,0,0,1.0728605892969216,4,AI-GENERATED
4153,0,0,2.9369966383336297,1,AI-GENERATED
4682,0,0,0.22050866060049218,2,AI-GENERATED
154,4,0,42.770200347386854,22,SUSPICIOUS
3093,0,0,0.5886312528163791,1,AI-GENERATED
144,0,1,34.73434865091165,25,SUSPICIOUS
163,2,2,44.51678868783876,14,SUSPICIOUS
3747,0,0,1.4972003201299648,4,AI-GENERATED
4219,0,0,1.606157008692256,2,AI-GENERATED
3705,0,0,2.447773793766721,2,AI-GENERATED
3779,0,0,0.719123905395379,1,AI-GENERATED
2083,0,0,3.2690772992774093,4,AI-GENERATED
117,0,1,57.82204375148272,14,SUSPICIOUS
106,2,1,13.065413411351805,14,SUSPICIOUS
2713,0,0,0.18982125031128616,3,AI-GENERATED
80,4,1,73.43302038024986,38,SUSPICIOUS
152,1,0,57.73052016906022,37,SUSPICIOUS
1735,0,0,3.374080485831292,4,AI-GENERATED
122,3,0,48.24613152732895,39,SUSPICIOUS
2692,0,0,1.748183995037183,2,AI-GENERATED
4230,0,0,1.610614249113042,4,AI-GENERATED
582,0,0,1.6690434264539618,4,AI-GENERATED
169,0,0,16.290412531067048,24,SUSPICIOUS
4933,0,0,2.576970533615954,2,AI-GENERATED
901,0,0,1.7443837571410528,2,AI-GENERATED
1531,0,0,1.3312198408624298,2,AI-GENERATED
125,4,2,52.77139463052922,26,SUSPICIOUS
1130,0,0,0.9418695053813827,4,AI-GENERATED
4413,0,0,2.6842234830729415,1,AI-GENERATED
571,0,0,1.0348878848808434,1,AI-GENERATED
91,4,0,38.38850995205313,22,SUSPICIOUS
4058,0,0,1.1714482030452382,4,AI-GENERATED
131,0,1,32.644160353704216,29,SUSPICIOUS
2643,0,0,3.1058967022095922,1,AI-GENERATED
3750,0,0,0.2657637829045377,1,AI-GENERATED
1246,0,0,2.7836436061121823,1,AI-GENERATED
127,3,2,42.540257279346505,41,SUSPICIOUS
2420,0,0,2.7982008977335133,4,AI-GENERATED
148,2,1,39.53787686799701,13,SUSPICIOUS
133,3,1,58.365696814122465,25,SUSPICIOUS
3334,0,0,0.10553775056334365,2,AI-GENERATED
883,0,0,0.6373510260776973,3,AI-GENERATED
159,3,0,41.492489401261466,14,SUSPICIOUS
163,0,2,34.46721966348723,36,SUSPICIOUS
141,2,1,32.73220297025976,21,SUSPICIOUS
2228,0,0,2.86924298050467,3,AI-GENERATED
888,0,0,0.41467866566606626,3,AI-GENERATED
490,0,0,3.00618395019696,2,AI-GENERATED
2909,0,0,2.219343765445674,2,AI-GENERATED
169,2,0,58.93196032028263,40,SUSPICIOUS
135,1,2,71.03729855059886,32,SUSPICIOUS
180,4,2,42.58819617914757,19,SUSPICIOUS
2065,0,0,2.1634884493226045,1,AI-GENERATED
3548,0,0,1.3557803983604688,1,AI-GENERATED
1594,0,0,2.17719501993614,4,AI-GENERATED
3150,0,0,2.1987523510924043,4,AI-GENERATED
597,0,0,3.020316644651488,4,AI-GENERATED
3205,0,0,2.0648550546328206,3,AI-GENERATED
4174,0,0,2.359155434714692,4,AI-GENERATED
537,0,0,3.237016930297315,1,AI-GENERATED
123,4,2,65.41501073007993,28,SUSPICIOUS
127,2,0,69.62729501449088,26,SUSPICIOUS
3543,0,0,2.268721238942394,1,AI-GENERATED
167,4,1,53.53855066983375,15,SUSPICIOUS
3264,0,0,0.41156614481328946,3,AI-GENERATED
157,2,0,59.706703981888964,38,SUSPICIOUS
1396,0,0,3.151344488521778,1,AI-GENERATED
2541,0,0,2.0569596438614233,3,AI-GENERATED
123,3,0,41.73578770058023,21,SUSPICIOUS
2904,0,0,3.076818885076637,4,AI-GENERATED
131,2,1,49.57875630706452,39,SUSPICIOUS
4324,0,0,2.73065025009309,4,AI-GENERATED
159,3,0,31.09028887508166,29,SUSPICIOUS
159,1,0,62.38713071296309,19,SUSPICIOUS
992,0,0,1.5035768184379705,1,AI-GENERATED
3895,0,0,0.21795831911427516,1,AI-GENERATED
140,0,2,35.17715999065712,25,SUSPICIOUS
115,2,2,86.17423066327376,32,SUSPICIOUS
144,0,2,47.67385402005636,13,SUSPICIOUS
167,2,0,43.54438695503973,20,SUSPICIOUS
126,2,2,38.16343843812413,23,SUSPICIOUS
3415,0,0,1.6894655750544048,4,AI-GENERATED
4638,0,0,2.8028541978660604,3,AI-GENERATED
1940,0,0,2.9828891582152663,4,AI-GENERATED
157,1,1,41.097156005995906,23,SUSPICIOUS
963,0,0,1.755096125474622,1,AI-GENERATED
128,3,1,50.366318903629534,33,SUSPICIOUS
4759,0,0,3.232413863552318,2,AI-GENERATED
111,2,2,38.668233342708625,11,SUSPICIOUS
4155,0,0,1.9799268780903416,4,AI-GENERATED
4855,0,0,0.8371898793508413,2,AI-GENERATED
2625,0,0,3.3400334580060336,2,AI-GENERATED
123,3,0,29.218314129760692,15,SUSPICIOUS
123,4,1,27.521356393125565,28,SUSPICIOUS
2147,0,0,2.116889626541715,2,AI-GENERATED
3549,0,0,2.3457789132936098,2,AI-GENERATED
4870,0,0,0.454846494362221,1,AI-GENERATED
4030,0,0,0.8668736186323703,3,AI-GENERATED
1521,0,0,0.2242859020354186,4,AI-GENERATED
143,0,1,26.816145801539605,36,SUSPICIOUS
4879,0,0,2.8524219347959225,4,AI-GENERATED
1219,0,0,1.4202256772134836,1,AI-GENERATED
1339,0,0,0.5920333357934426,4,AI-GENERATED
168,2,1,34.497803366691315,14,SUSPICIOUS
154,1,0,43.26330438714487,36,SUSPICIOUS
3566,0,0,1.3317275555154797,3,AI-GENERATED
3678,0,0,0.8387926393055292,1,AI-GENERATED
170,4,2,31.81784225846779,40,SUSPICIOUS
141,1,0,40.347366463812996,14,SUSPICIOUS
2786,0,0,2.8451644534690077,1,AI-GENERATED
144,3,1,58.23497269590085,40,SUSPICIOUS
153,2,1,35.457728711926826,32,SUSPICIOUS
1117,0,0,1.576776781303345,2,AI-GENERATED
452,0,0,1.6428819797475023,4,AI-GENERATED
1776,0,0,1.858619464424693,1,AI-GENERATED
2590,0,0,2.1972134247217183,4,AI-GENERATED
3096,0,0,2.9524646110250443,2,AI-GENERATED
140,0,1,31.714201009265683,10,SUSPICIOUS
110,1,2,65.59672771864192,18,SUSPICIOUS
137,3,2,48.49614863615494,30,SUSPICIOUS
144,3,1,30.788399805004342,32,SUSPICIOUS
143,3,1,47.832160465100706,43,SUSPICIOUS
133,0,1,55.23991284771389,13,SUSPICIOUS
135,2,1,62.40408257227778,35,SUSPICIOUS
118,4,1,68.44522968906851,16,SUSPICIOUS
3350,0,0,0.40224060212879187,2,AI-GENERATED
160,3,0,45.33534171996052,39,SUSPICIOUS
2338,0,0,1.9427668851758162,2,AI-GENERATED
120,2,2,49.780515637275194,39,SUSPICIOUS
1066,0,0,1.965976149730509,2,AI-GENERATED
689,0,0,2.817463791747152,2,AI-GENERATED
4572,0,0,1.4201164431250142,3,AI-GENERATED
3682,0,0,1.7610885281535507,3,AI-GENERATED
159,0,2,21.846714607092405,25,SUSPICIOUS
132,0,1,60.92565202019709,11,SUSPICIOUS
143,4,0,53.438206911283366,35,SUSPICIOUS
152,4,2,62.20186854362697,38,SUSPICIOUS
4521,0,0,1.5491651902029042,4,AI-GENERATED
163,2,1,27.167448140480587,41,SUSPICIOUS
129,0,0,18.784117642248887,34,SUSPICIOUS
147,0,0,27.61874574767118,19,SUSPICIOUS
146,2,1,66.44967489431396,20,SUSPICIOUS
4213,0,0,0.41390931687173205,2,AI-GENERATED
150,3,1,49.23677740351643,21,SUSPICIOUS
3136,0,0,0.8640979682347648,2,AI-GENERATED
126,1,1,22.87021756480878,27,SUSPICIOUS
2464,0,0,2.0515414004399566,4,AI-GENERATED
1713,0,0,3.249105106150001,2,AI-GENERATED
124,0,1,47.256456564147044,36,SUSPICIOUS
156,1,1,48.41534085351455,40,SUSPICIOUS
106,2,0,61.37251978953451,41,SUSPICIOUS
139,2,2,49.5630475062852,12,SUSPICIOUS
168,1,1,57.806905759078916,29,SUSPICIOUS
2667,0,0,3.133796773036383,3,AI-GENERATED
2667,0,0,1.8130824457715347,1,AI-GENERATED
1426,0,0,3.1794851705952487,2,AI-GENERATED
3849,0,0,3.25951235348096,4,AI-GENERATED
1756,0,0,3.3714257292585157,1,AI-GENERATED
3015,0,0,0.4170997303985611,3,AI-GENERATED
136,2,1,54.65301094997075,19,SUSPICIOUS
139,4,1,48.362127121542564,10,SUSPICIOUS
3204,0,0,0.6426245019937346,1,AI-GENERATED
129,3,0,37.2245932526347,43,SUSPICIOUS
158,3,0,45.92928531272668,39,SUSPICIOUS
3706,0,0,3.017761160099314,4,AI-GENERATED
125,4,0,17.555931111880273,39,SUSPICIOUS
1462,0,0,1.7617958177015658,2,AI-GENERATED
166,1,2,18.649589176265195,26,SUSPICIOUS
917,0,0,0.8804881594534085,1,AI-GENERATED
2303,0,0,2.5081519154295484,4,AI-GENERATED
148,0,2,52.660682335963806,15,SUSPICIOUS
153,2,0,37.48663304513171,21,SUSPICIOUS
1562,0,0,0.777059037438715,1,AI-GENERATED
157,1,1,49.50081730193487,21,SUSPICIOUS
137,2,1,33.446168839824566,26,SUSPICIOUS
1334,0,0,3.3805783132018714,3,AI-GENERATED
161,3,1,80.75109634811817,36,SUSPICIOUS
2512,0,0,1.429862509079304,2,AI-GENERATED
119,0,0,90.60464636603052,20,SUSPICIOUS
106,1,0,43.781017507865016,37,SUSPICIOUS
629,0,0,2.7883645990656163,1,AI-GENERATED
122,0,1,68.72177296120296,13,SUSPICIOUS
1414,0,0,2.480444559572381,1,AI-GENERATED
119,1,2,25.866755761309673,12,SUSPICIOUS
3986,0,0,2.503779748538132,2,AI-GENERATED
591,0,0,2.1986429176322067,1,AI-GENERATED
86,2,2,54.3807812514982,20,SUSPICIOUS
3705,0,0,1.3004579929840996,1,AI-GENERATED
146,4,2,55.549903116048924,36,SUSPICIOUS
4363,0,0,3.4988573424178897,4,AI-GENERATED
2883,0,0,1.1961576357676726,4,AI-GENERATED
2068,0,0,1.0058596152637878,2,AI-GENERATED
131,2,0,61.79513125160568,17,SUSPICIOUS
1442,0,0,1.248925487445373,3,AI-GENERATED
4686,0,0,1.5463784109183787,4,AI-GENERATED
4887,0,0,1.7502200365879677,1,AI-GENERATED
2365,0,0,2.938100749200255,2,AI-GENERATED
4627,0,0,0.35523914840594284,3,AI-GENERATED
459,0,0,1.438351595618504,3,AI-GENERATED
174,0,1,22.61774949646848,17,SUSPICIOUS
2457,0,0,0.41934703670083695,4,AI-GENERATED
160,1,1,33.134951888692285,18,SUSPICIOUS
3152,0,0,3.173214763064331,1,AI-GENERATED
118,0,1,51.53135674524263,41,SUSPICIOUS
1632,0,0,0.9313802322815273,1,AI-GENERATED
2310,0,0,1.667458006748933,1,AI-GENERATED
2446,0,0,0.6766008008215294,4,AI-GENERATED
138,0,0,53.202992681484844,36,SUSPICIOUS
4460,0,0,2.4534708989799214,1,AI-GENERATED
1394,0,0,1.6952618439691656,3,AI-GENERATED
152,3,0,74.09804509126172,22,SUSPICIOUS
155,0,2,54.82529869926813,43,SUSPICIOUS
136,4,2,43.59430379811679,24,SUSPICIOUS
2309,0,0,0.9003704465650991,1,AI-GENERATED
4074,0,0,3.4254936181305324,2,AI-GENERATED
155,3,2,31.570960502059428,23,SUSPICIOUS
3499,0,0,0.4424913288373954,1,AI-GENERATED
165,2,2,34.84351508022971,10,SUSPICIOUS
102,3,0,58.37163926420974,15,SUSPICIOUS
153,2,2,36.15870977271973,27,SUSPICIOUS
134,2,2,55.393292897825674,34,SUSPICIOUS
131,3,2,55.54683942139324,33,SUSPICIOUS
4177,0,0,2.8851693103023743,4,AI-GENERATED
3513,0,0,2.934745293738347,4,AI-GENERATED
894,0,0,3.011728536203618,3,AI-GENERATED
168,3,0,68.79598708764233,11,SUSPICIOUS
141,1,1,38.17770642975119,14,SUSPICIOUS
110,2,2,20.288386245073934,36,SUSPICIOUS
159,1,0,38.33653950081523,23,SUSPICIOUS
162,4,1,23.77502774017582,37,SUSPICIOUS
1969,0,0,1.6192647183360567,1,AI-GENERATED
153,4,2,42.091542848402604,41,SUSPICIOUS
4982,0,0,1.6638263344404696,1,AI-GENERATED
949,0,0,1.9680948150437907,1,AI-GENERATED
151,0,1,19.898419471433385,36,SUSPICIOUS
1926,0,0,1.6082759610425776,1,AI-GENERATED
953,0,0,2.6158747742959294,4,AI-GENERATED
677,0,0,3.2461237912187473,1,AI-GENERATED
125,3,0,32.1629750962944,23,SUSPICIOUS
738,0,0,1.5808633636576772,2,AI-GENERATED
589,0,0,3.4811211696007827,3,AI-GENERATED
4834,0,0,2.139926876279431,1,AI-GENERATED
3206,0,0,2.6842481223405508,2,AI-GENERATED
144,3,2,29.140226616882114,26,SUSPICIOUS
1580,0,0,1.0451107369969397,3,AI-GENERATED
128,4,0,23.55948306739116,27,SUSPICIOUS
3427,0,0,1.6687188596189793,3,AI-GENERATED
4104,0,0,1.9558687561127779,3,AI-GENERATED
149,3,1,27.38655485684943,29,SUSPICIOUS
151,4,0,32.76893104399082,44,SUSPICIOUS
2636,0,0,1.2889055155302729,3,AI-GENERATED
150,0,1,62.05630183918554,19,SUSPICIOUS
133,1,2,49.08149720424042,39,SUSPICIOUS
4418,0,0,0.4924115072941786,4,AI-GENERATED
177,4,0,48.51846416175276,19,SUSPICIOUS
868,0,0,3.097048236410224,3,AI-GENERATED
136,2,2,25.09502457113499,41,SUSPICIOUS
2631,0,0,3.054975471428669,2,AI-GENERATED
4533,0,0,1.1252399515993758,1,AI-GENERATED
139,3,0,20.20991230182857,25,SUSPICIOUS
4025,0,0,1.7799635884116336,4,AI-GENERATED
4607,0,0,2.7037145341122186,3,AI-GENERATED
142,0,1,35.65124613646891,36,SUSPICIOUS
2955,0,0,3.1450802949632726,4,AI-GENERATED
4798,0,0,2.9727303349409913,3,AI-GENERATED
144,4,0,42.92637912877251,27,SUSPICIOUS
495,0,0,1.1212805153938927,2,AI-GENERATED
86,2,1,43.75824490417772,18,SUSPICIOUS
1310,0,0,0.1870007054443042,2,AI-GENERATED
180,2,1,45.38368433811149,25,SUSPICIOUS
138,0,1,61.60024267996413,29,SUSPICIOUS
470,0,0,2.177749463309582,2,AI-GENERATED
145,0,1,55.598457198754474,40,SUSPICIOUS
4336,0,0,1.9685055000896057,2,AI-GENERATED
82,3,1,53.336116089447415,35,SUSPICIOUS
1889,0,0,0.7925455518687671,1,AI-GENERATED
1503,0,0,0.775579242265788,2,AI-GENERATED
131,4,1,37.69562554557453,15,SUSPICIOUS
130,3,2,64.29250514797153,23,SUSPICIOUS
3866,0,0,0.3510420736638129,1,AI-GENERATED
165,4,0,23.112047666321246,23,SUSPICIOUS
135,2,1,79.90061640926396,22,SUSPICIOUS
1937,0,0,0.43062342151366806,4,AI-GENERATED
2423,0,0,3.368983198472465,3,AI-GENERATED
4579,0,0,2.197492872372768,2,AI-GENERATED
4321,0,0,1.6370975928568388,3,AI-GENERATED
3151,0,0,1.2109118230814724,3,AI-GENERATED
173,0,2,68.26115763984309,12,SUSPICIOUS
4266,0,0,1.820585915528313,3,AI-GENERATED
136,3,0,52.271466733730406,17,SUSPICIOUS
108,1,2,51.85720027732876,12,SUSPICIOUS
2587,0,0,0.25219319435814525,2,AI-GENERATED
145,2,1,60.22997897057439,44,SUSPICIOUS
135,1,1,51.48195741918093,34,SUSPICIOUS
1915,0,0,3.4117368374056087,3,AI-GENERATED
158,3,2,31.682522341571197,39,SUSPICIOUS
669,0,0,1.937239904119655,2,AI-GENERATED
4969,0,0,2.0798221370455683,1,AI-GENERATED
3301,0,0,2.2934975638955772,1,AI-GENERATED
3500,0,0,3.148520272636093,2,AI-GENERATED
1286,0,0,2.600620426040695,1,AI-GENERATED
1899,0,0,1.3804882862833454,4,AI-GENERATED
143,1,0,61.13031587982066,31,SUSPICIOUS
2209,0,0,0.16797845084190877,2,AI-GENERATED
2424,0,0,0.553996978300259,1,AI-GENERATED
3392,0,0,2.986517977432986,3,AI-GENERATED
133,3,2,50.562234326867596,22,SUSPICIOUS
158,2,2,39.3768597208406,12,SUSPICIOUS
1469,0,0,3.169851629375702,1,AI-GENERATED
3130,0,0,0.18171624606844228,4,AI-GENERATED
1008,0,0,0.5760576641830809,3,AI-GENERATED
103,4,1,39.2652197115338,31,SUSPICIOUS
124,0,2,33.605684880950754,11,SUSPICIOUS
2191,0,0,0.8740912056609966,4,AI-GENERATED
111,4,2,26.522295293408156,11,SUSPICIOUS
136,1,0,43.723312478356725,26,SUSPICIOUS
2423,0,0,2.7464090683984073,4,AI-GENERATED
4868,0,0,0.9889513122556908,1,AI-GENERATED
161,2,2,25.52053533288785,15,SUSPICIOUS
1123,0,0,3.3043187069652333,2,AI-GENERATED
165,1,2,41.860327699847836,14,SUSPICIOUS
165,4,0,20.368227091069045,25,SUSPICIOUS
106,3,2,62.454231526086076,42,SUSPICIOUS
400,0,0,0.7161853093725282,2,AI-GENERATED
178,2,1,16.736122357882874,38,SUSPICIOUS
3154,0,0,3.351868170959333,2,AI-GENERATED
2829,0,0,3.4483774988032123,2,AI-GENERATED
133,3,2,7.253896839882856,19,SUSPICIOUS
141,1,1,48.211363392922884,40,SUSPICIOUS
1549,0,0,2.9892797231552115,2,AI-GENERATED
421,0,0,2.3993409323692014,2,AI-GENERATED
118,0,2,64.95590301643581,19,SUSPICIOUS
154,4,0,26.211056282180365,41,SUSPICIOUS
139,2,2,20.678320245150903,37,SUSPICIOUS
2188,0,0,0.5197694215209726,2,AI-GENERATED
440,0,0,3.3496436423346876,2,AI-GENERATED
121,4,0,21.781819916973227,10,SUSPICIOUS
148,3,2,58.2082866205733,13,SUSPICIOUS
1599,0,0,3.4228858870009433,3,AI-GENERATED
181,0,2,46.16263734514438,23,SUSPICIOUS
1537,0,0,1.229682023985823,3,AI-GENERATED
2947,0,0,1.268848034692751,2,AI-GENERATED
118,0,0,53.25377647460975,17,SUSPICIOUS
4691,0,0,0.16969278898309265,3,AI-GENERATED
2499,0,0,0.45635421801108456,3,AI-GENERATED
702,0,0,3.4448062495231677,4,AI-GENERATED
2641,0,0,2.2373508476301947,4,AI-GENERATED
136,2,0,39.22991606044567,12,SUSPICIOUS
156,1,1,56.817400302736864,30,SUSPICIOUS
1483,0,0,2.878962479686576,1,AI-GENERATED
144,2,0,9.576655957032607,10,SUSPICIOUS
126,2,2,46.257906993634094,15,SUSPICIOUS
2824,0,0,3.022416228033121,3,AI-GENERATED
4966,0,0,1.1146454800892651,2,AI-GENERATED
105,3,1,72.78937656318165,12,SUSPICIOUS
164,0,2,32.72937758472055,44,SUSPICIOUS
136,0,2,54.968298303657534,10,SUSPICIOUS
945,0,0,2.079032730655249,4,AI-GENERATED
173,0,0,58.36958417734008,18,SUSPICIOUS
133,1,0,38.502449818752844,44,SUSPICIOUS
148,1,2,37.88681541039967,20,SUSPICIOUS
158,0,1,47.46254597439051,28,SUSPICIOUS
175,2,0,5.0,14,SUSPICIOUS
87,4,2,43.17425905368285,23,SUSPICIOUS
651,0,0,2.442034112130792,2,AI-GENERATED
136,2,1,17.53617659416631,26,SUSPICIOUS
1584,0,0,0.14550273243673673,4,AI-GENERATED
4670,0,0,1.2247623809202737,1,AI-GENERATED
3685,0,0,0.7731686775303226,3,AI-GENERATED
2274,0,0,1.8558386655572905,1,AI-GENERATED
156,1,0,45.70037464545574,10,SUSPICIOUS
3146,0,0,1.8689590437250183,1,AI-GENERATED
2465,0,0,2.7967631896706973,1,AI-GENERATED
4743,0,0,3.168662421937224,3,AI-GENERATED
4673,0,0,1.3645727379320998,4,AI-GENERATED
4903,0,0,1.120588549115084,2,AI-GENERATED
1763,0,0,0.2569510357479349,1,AI-GENERATED
163,0,1,28.37523903292584,36,SUSPICIOUS
3236,0,0,3.094178099704924,3,AI-GENERATED
4856,0,0,0.9034309801459307,2,AI-GENERATED
124,3,1,37.677910477598374,36,SUSPICIOUS
127,0,2,57.59390015895448,13,SUSPICIOUS
1633,0,0,2.8432717602325854,1,AI-GENERATED
1201,0,0,2.776427856986025,4,AI-GENERATED
159,3,0,47.12252212226448,19,SUSPICIOUS
158,3,1,34.20656565620649,17,SUSPICIOUS
165,2,1,51.22457059324007,19,SUSPICIOUS
3434,0,0,3.1903622977768022,4,AI-GENERATED
148,2,1,24.454244871412566,31,SUSPICIOUS
119,3,2,48.000972610684144,28,SUSPICIOUS
129,2,1,45.95563984458204,18,SUSPICIOUS
163,0,2,44.934504721019756,31,SUSPICIOUS
115,3,0,76.49986052836333,44,SUSPICIOUS
146,3,1,52.8369533143815,28,SUSPICIOUS
1829,0,0,0.9807599530348231,4,AI-GENERATED
4342,0,0,0.7550726785023297,4,AI-GENERATED
4803,0,0,0.8490195449888972,4,AI-GENERATED
99,2,1,52.03391416805335,39,SUSPICIOUS
99,0,0,33.10935029694933,12,SUSPICIOUS
153,2,1,34.43320251783291,22,SUSPICIOUS
136,4,2,43.7717965647711,31,SUSPICIOUS
160,4,2,55.35725319015169,13,SUSPICIOUS
147,0,2,67.71100725568088,44,SUSPICIOUS
707,0,0,1.268244849311708,4,AI-GENERATED
155,1,0,43.15180159735728,28,SUSPICIOUS
3625,0,0,3.0071870955051705,2,AI-GENERATED
1628,0,0,0.20046337432608757,3,AI-GENERATED
2371,0,0,2.248955607376586,1,AI-GENERATED
179,2,1,57.48691623299352,26,SUSPICIOUS
133,3,0,29.390199792499438,32,SUSPICIOUS
3102,0,0,2.5003347635213653,1,AI-GENERATED
2293,0,0,0.4368663447272251,3,AI-GENERATED
3684,0,0,1.1594425868237097,3,AI-GENERATED
128,0,2,63.86202201249753,26,SUSPICIOUS
133,2,2,50.90086110823651,38,SUSPICIOUS
139,3,0,35.89646952809514,23,SUSPICIOUS
155,2,2,74.93511110365003,39,SUSPICIOUS
2794,0,0,2.1650076547566757,1,AI-GENERATED
152,4,2,33.820668620512286,25,SUSPICIOUS
3540,0,0,0.8862730346745851,1,AI-GENERATED
126,0,0,49.02822739066315,39,SUSPICIOUS
2040,0,0,3.2223083414746516,2,AI-GENERATED
2649,0,0,3.333554614539547,3,AI-GENERATED
1814,0,0,2.486957320838805,2,AI-GENERATED
131,0,0,42.42406263558431,36,SUSPICIOUS
1280,0,0,0.1772376017526747,4,AI-GENERATED
114,1,0,61.92009604801588,29,SUSPICIOUS
205,4,0,47.45515009725298,31,SUSPICIOUS
186,4,0,57.12286964264038,13,SUSPICIOUS
719,0,0,3.35602439375549,3,AI-GENERATED
138,2,0,40.19792414323789,11,SUSPICIOUS
4007,0,0,1.3771866120559386,1,AI-GENERATED
3363,0,0,2.173572205064736,1,AI-GENERATED
147,1,1,59.8482298762859,31,SUSPICIOUS
151,1,2,55.49026253995805,19,SUSPICIOUS
108,2,0,28.99732207621849,25,SUSPICIOUS
146,2,2,38.264322345595026,10,SUSPICIOUS
148,1,2,84.53486251526861,40,SUSPICIOUS
2829,0,0,2.81953428210227,1,AI-GENERATED
4341,0,0,2.1763857486266507,4,AI-GENERATED
1752,0,0,0.8629827426272678,3,AI-GENERATED
3066,0,0,3.4540567361357244,2,AI-GENERATED
144,2,2,40.271040906302886,30,SUSPICIOUS
165,1,1,38.98029285664087,17,SUSPICIOUS
480,0,0,0.48795889571493645,3,AI-GENERATED
2959,0,0,1.1307033833686813,3,AI-GENERATED
1465,0,0,0.3063563504340845,4,AI-GENERATED
2174,0,0,3.25964420999494,3,AI-GENERATED
1908,0,0,1.6098148441354596,3,AI-GENERATED
1128,0,0,1.2785099701900542,2,AI-GENERATED
2867,0,0,0.41488529330861923,1,AI-GENERATED
132,4,1,78.5242447564792,35,SUSPICIOUS
105,1,2,52.45712786006553,37,SUSPICIOUS
1890,0,0,0.15792163243842064,1,AI-GENERATED
2343,0,0,0.3931996575834106,3,AI-GENERATED
165,2,2,35.54903023388022,24,SUSPICIOUS
2570,0,0,1.2187833022021402,2,AI-GENERATED
134,3,2,49.441675814433594,16,SUSPICIOUS
3120,0,0,3.215155209332339,2,AI-GENERATED
3534,0,0,1.4391242182049366,1,AI-GENERATED
4389,0,0,0.9174321830012951,4,AI-GENERATED
160,2,0,27.96011228281502,21,SUSPICIOUS
142,2,1,45.32165512098929,41,SUSPICIOUS
119,4,2,25.95140408223301,35,SUSPICIOUS
3569,0,0,2.3747543701995415,2,AI-GENERATED
2343,0,0,0.21769160147099453,1,AI-GENERATED
4003,0,0,1.3734987908776604,1,AI-GENERATED
1601,0,0,2.81845486420321,3,AI-GENERATED
3087,0,0,2.7060165596948944,1,AI-GENERATED
910,0,0,2.8165247106812785,3,AI-GENERATED
3296,0,0,3.376977750108644,2,AI-GENERATED
2287,0,0,2.1720138286917288,1,AI-GENERATED
141,1,2,54.729482492171236,25,SUSPICIOUS
136,0,0,60.56629623739678,12,SUSPICIOUS
3963,0,0,0.36741391680420865,2,AI-GENERATED
162,1,0,55.48131608512357,21,SUSPICIOUS
2207,0,0,2.0162422214930795,2,AI-GENERATED
169,2,0,48.82819875671001,39,SUSPICIOUS
151,1,2,55.57919876658584,40,SUSPICIOUS
149,0,0,21.83583280468897,42,SUSPICIOUS
4344,0,0,0.783878488434958,2,AI-GENERATED
150,0,0,50.68906194434425,25,SUSPICIOUS
148,2,1,56.25763869691904,38,SUSPICIOUS
4134,0,0,0.47877840869702604,4,AI-GENERATED
142,1,2,58.61280595371038,30,SUSPICIOUS
2403,0,0,2.369710237351571,2,AI-GENERATED
3720,0,0,0.7189869044303503,2,AI-GENERATED
4414,0,0,1.3700622100160167,3,AI-GENERATED
2202,0,0,2.7152570106325906,4,AI-GENERATED
4314,0,0,3.3859910930927324,1,AI-GENERATED
136,4,2,51.16226370781609,36,SUSPICIOUS
144,3,0,54.792900765585586,39,SUSPICIOUS
500,0,0,2.1419206700303954,3,AI-GENERATED
153,2,2,38.800583161071636,39,SUSPICIOUS
137,1,1,24.13808514321562,14,SUSPICIOUS
4831,0,0,2.845508903200333,2,AI-GENERATED
3295,0,0,0.124074444004494,2,AI-GENERATED
121,4,1,27.891421537800056,27,SUSPICIOUS
147,2,0,54.07184319304585,12,SUSPICIOUS
4120,0,0,2.2818928274075887,3,AI-GENERATED
155,0,0,42.7284940793527,25,SUSPICIOUS
153,1,2,78.15269059648514,42,SUSPICIOUS
1467,0,0,0.30195145404007906,1,AI-GENERATED
4758,0,0,0.4022743933723276,4,AI-GENERATED
506,0,0,1.6204773217254633,2,AI-GENERATED
108,0,2,56.80254886136831,30,SUSPICIOUS
2976,0,0,3.125832248444469,4,AI-GENERATED
4754,0,0,0.3479251688664847,2,AI-GENERATED
185,2,1,40.05717835238136,31,SUSPICIOUS
165,1,1,59.48700034022714,24,SUSPICIOUS
135,0,1,72.04093742274651,32,SUSPICIOUS
2075,0,0,0.5562210999328214,1,AI-GENERATED
158,2,1,33.49233631455953,36,SUSPICIOUS
116,3,1,63.82762267293857,40,SUSPICIOUS
3154,0,0,3.358565599780097,1,AI-GENERATED
1825,0,0,0.8081361739004089,2,AI-GENERATED
199,0,2,30.019032367923874,16,SUSPICIOUS
1666,0,0,1.0056700684577404,1,AI-GENERATED
131,2,0,35.01466650875096,28,SUSPICIOUS
114,3,0,51.537874200639635,20,SUSPICIOUS
4104,0,0,2.821910529527143,4,AI-GENERATED
4548,0,0,1.0680211177562242,2,AI-GENERATED
2353,0,0,2.970915816641903,1,AI-GENERATED
106,4,0,66.38838725916393,43,SUSPICIOUS
159,3,2,57.76365753328828,32,SUSPICIOUS
4083,0,0,1.3062448319277284,4,AI-GENERATED
4654,0,0,2.066563026812913,1,AI-GENERATED
3505,0,0,1.7739247768681399,4,AI-GENERATED
167,2,2,23.84539324406396,44,SUSPICIOUS
1689,0,0,1.1977496977181235,1,AI-GENERATED
3775,0,0,3.393694053428011,1,AI-GENERATED
178,4,1,54.16157799923162,19,SUSPICIOUS
148,2,2,41.489694737945015,43,SUSPICIOUS
1304,0,0,0.6141146248081435,4,AI-GENERATED
537,0,0,0.1184972197418429,4,AI-GENERATED
2149,0,0,3.41779601296696,2,AI-GENERATED
1051,0,0,1.282313805053993,1,AI-GENERATED
1934,0,0,2.5694287648887104,2,AI-GENERATED
145,3,1,60.177076024776895,17,SUSPICIOUS
792,0,0,2.4503212729399397,3,AI-GENERATED
2201,0,0,2.618651607537148,3,AI-GENERATED
3864,0,0,3.3041381376046903,1,AI-GENERATED
1949,0,0,1.4627663479178548,3,AI-GENERATED
1917,0,0,0.6095277032038395,1,AI-GENERATED
171,4,1,40.85375566985066,27,SUSPICIOUS
125,4,0,28.625252161136068,39,SUSPICIOUS
2631,0,0,0.8733859128839598,1,AI-GENERATED
149,2,0,38.38301378235622,18,SUSPICIOUS
1346,0,0,2.660338590663043,2,AI-GENERATED
176,1,0,54.36056289372919,32,SUSPICIOUS
564,0,0,0.2598433115210794,3,AI-GENERATED
672,0,0,1.8574277758657398,1,AI-GENERATED
1037,0,0,2.8949465931991787,1,AI-GENERATED
129,2,0,49.53132180604986,22,SUSPICIOUS
118,1,1,23.48951759680188,11,SUSPICIOUS
155,4,0,21.09746302590212,39,SUSPICIOUS
3059,0,0,0.8256887563089435,4,AI-GENERATED
154,1,2,89.3937134867922,42,SUSPICIOUS
132,1,0,41.06815885371444,29,SUSPICIOUS
129,1,1,27.098051343722037,42,SUSPICIOUS
118,1,2,36.926360269317556,29,SUSPICIOUS
3573,0,0,1.0565176271145253,3,AI-GENERATED
137,1,1,24.089915973342418,35,SUSPICIOUS
2224,0,0,2.6899132980092295,1,AI-GENERATED
163,0,0,54.09779608453939,14,SUSPICIOUS
2838,0,0,0.10220344304778911,2,AI-GENERATED
2412,0,0,2.393447183956738,4,AI-GENERATED
99,1,2,30.31276496182837,44,SUSPICIOUS
3585,0,0,1.9105425820468986,4,AI-GENERATED
565,0,0,1.449483231082095,1,AI-GENERATED
4633,0,0,2.5652097792521893,2,AI-GENERATED
140,2,0,43.39149139597403,19,SUSPICIOUS
138,4,0,43.69695741867502,41,SUSPICIOUS
1948,0,0,1.3626085172330413,1,AI-GENERATED
4817,0,0,1.773830211864062,3,AI-GENERATED
125,2,1,53.907578192976686,25,SUSPICIOUS
3996,0,0,0.15350534118707831,3,AI-GENERATED
505,0,0,1.1530538975695432,3,AI-GENERATED
148,3,0,57.78355905278173,35,SUSPICIOUS
134,1,1,26.48895437949098,28,SUSPICIOUS
150,1,0,63.56113743699454,41,SUSPICIOUS
159,0,0,34.73117507051519,13,SUSPICIOUS
4074,0,0,1.7871968139587573,4,AI-GENERATED
3458,0,0,2.4060244919161087,4,AI-GENERATED
4674,0,0,2.3978213247084743,4,AI-GENERATED
4308,0,0,2.3566724446922516,2,AI-GENERATED
4495,0,0,0.3844537883304948,2,AI-GENERATED
1885,0,0,3.4487024195764686,2,AI-GENERATED
137,2,0,28.025203607249427,36,SUSPICIOUS
4707,0,0,1.559227285180825,4,AI-GENERATED
3330,0,0,2.1066509125961006,1,AI-GENERATED
3256,0,0,0.9182400345222864,1,AI-GENERATED
1762,0,0,0.19675270559225122,4,AI-GENERATED
4862,0,0,2.0594766018693558,3,AI-GENERATED
162,3,2,44.20683456233107,26,SUSPICIOUS
132,2,1,46.03928854406911,40,SUSPICIOUS
987,0,0,2.8634041364721643,4,AI-GENERATED
162,3,1,39.47742900700738,42,SUSPICIOUS
140,2,0,36.89522613152319,16,SUSPICIOUS
125,4,0,71.95299073435844,11,SUSPICIOUS
137,2,2,53.053207815121766,24,SUSPICIOUS
145,4,2,52.84144022187084,24,SUSPICIOUS
169,2,2,54.90666530712692,39,SUSPICIOUS
123,0,2,63.973906020955944,21,SUSPICIOUS
2836,0,0,0.23008476443825682,3,AI-GENERATED
471,0,0,3.366372681181181,1,AI-GENERATED
114,4,1,63.08781960323803,36,SUSPICIOUS
1662,0,0,1.3072628821968386,2,AI-GENERATED
4021,0,0,1.9051880982329392,3,AI-GENERATED
99,3,0,40.0375231128322,14,SUSPICIOUS
634,0,0,3.23979367444698,1,AI-GENERATED
123,3,2,84.98892815667496,42,SUSPICIOUS
1090,0,0,2.584691459505955,3,AI-GENERATED
4034,0,0,2.968707230353053,3,AI-GENERATED
172,1,0,49.42971394414092,35,SUSPICIOUS
146,1,1,30.00367023264579,13,SUSPICIOUS
139,1,0,34.26836669975767,41,SUSPICIOUS
146,4,2,43.24426856865152,22,SUSPICIOUS
1842,0,0,1.4019812474933686,1,AI-GENERATED
3118,0,0,0.4749776062917017,1,AI-GENERATED
3079,0,0,2.6703748899013315,4,AI-GENERATED
108,4,1,69.47895196418912,26,SUSPICIOUS
167,0,1,39.64081588876474,33,SUSPICIOUS
137,3,0,37.537790944307204,31,SUSPICIOUS
117,4,2,54.349709294873136,32,SUSPICIOUS
3059,0,0,1.9379002814845216,3,AI-GENERATED
728,0,0,2.699598225562858,4,AI-GENERATED
124,1,0,64.79307014401063,25,SUSPICIOUS
1132,0,0,1.7805685371272502,3,AI-GENERATED
130,3,2,33.89737634768677,26,SUSPICIOUS
1432,0,0,3.0298879938377095,3,AI-GENERATED
4632,0,0,3.321586436376611,2,AI-GENERATED
3045,0,0,0.23783395071598126,3,AI-GENERATED
1552,0,0,0.4323145017031813,1,AI-GENERATED
178,2,0,66.81338512956317,40,SUSPICIOUS
3381,0,0,2.4947056512351056,1,AI-GENERATED
103,0,1,31.817830529238226,24,SUSPICIOUS
154,4,0,56.94896313068956,28,SUSPICIOUS
116,1,2,39.971620791622506,29,SUSPICIOUS
2361,0,0,1.4161894761767237,2,AI-GENERATED
133,1,0,48.7983320214036,21,SUSPICIOUS
2324,0,0,2.471281831210797,2,AI-GENERATED
2223,0,0,2.1216664931596427,2,AI-GENERATED
3299,0,0,1.5400360967757027,2,AI-GENERATED
167,1,0,58.32995492643152,42,SUSPICIOUS
163,1,1,27.832132301781744,21,SUSPICIOUS
126,3,2,40.73935556399928,14,SUSPICIOUS
154,4,0,35.9472873431687,37,SUSPICIOUS
130,0,1,40.94075301714132,14,SUSPICIOUS
2224,0,0,0.6819458890085399,2,AI-GENERATED
3569,0,0,3.489212285420623,3,AI-GENERATED
130,3,2,36.096330409973156,11,SUSPICIOUS
2798,0,0,2.0067519546143755,1,AI-GENERATED
2873,0,0,2.603182139334719,4,AI-GENERATED
151,3,0,48.830360067987165,15,SUSPICIOUS
123,3,0,49.91493079605213,43,SUSPICIOUS
2144,0,0,0.8706700071949265,4,AI-GENERATED
4113,0,0,3.0752149350117315,2,AI-GENERATED
2452,0,0,1.8883281276529493,4,AI-GENERATED
4744,0,0,2.0124857641760086,4,AI-GENERATED
152,4,1,22.29349385511292,37,SUSPICIOUS
4774,0,0,1.2334449672488532,1,AI-GENERATED
1126,0,0,1.4919046752172318,1,AI-GENERATED
4211,0,0,0.9625058339437769,4,AI-GENERATED
143,4,1,29.774228033112962,10,SUSPICIOUS
4432,0,0,3.3434193324466084,3,AI-GENERATED
2716,0,0,0.8454993212565478,2,AI-GENERATED
173,2,0,41.813049186261104,25,SUSPICIOUS
3416,0,0,0.3540581910271492,4,AI-GENERATED
129,4,1,56.727449573584686,40,SUSPICIOUS
164,3,0,31.789972189213422,42,SUSPICIOUS
3614,0,0,0.9425978134280003,2,AI-GENERATED
3750,0,0,2.564632104623756,4,AI-GENERATED
494,0,0,0.18258743833214658,1,AI-GENERATED
132,4,2,56.102578428935395,44,SUSPICIOUS
121,2,2,24.953495618641572,41,SUSPICIOUS
1605,0,0,1.1927544314617928,1,AI-GENERATED
4658,0,0,0.399179716072806,4,AI-GENERATED
978,0,0,0.8191771405700125,4,AI-GENERATED
111,3,0,54.62516773706891,23,SUSPICIOUS
2929,0,0,0.9631956475841144,4,AI-GENERATED
172,4,1,39.509499582634625,12,SUSPICIOUS
167,3,0,56.44323455745566,12,SUSPICIOUS
4518,0,0,0.3948177766021851,1,AI-GENERATED
1721,0,0,0.6431551594178682,3,AI-GENERATED
2226,0,0,0.8014768018853536,4,AI-GENERATED
122,4,1,43.58342368931111,10,SUSPICIOUS
2359,0,0,2.4298797411572663,3,AI-GENERATED
119,2,2,34.57245129350392,16,SUSPICIOUS
4299,0,0,1.124415360794873,2,AI-GENERATED
119,3,2,59.40435198802899,22,SUSPICIOUS
127,0,0,74.38603483505862,39,SUSPICIOUS
4114,0,0,2.357818038460972,2,AI-GENERATED
3788,0,0,2.818116739860588,3,AI-GENERATED
136,2,0,39.50893014991584,33,SUSPICIOUS
137,1,2,62.6970762021735,22,SUSPICIOUS
174,4,1,49.846100552794596,32,SUSPICIOUS
4582,0,0,1.829241852142831,3,AI-GENERATED
3332,0,0,3.467065265448737,4,AI-GENERATED
164,1,0,61.47608397580339,23,SUSPICIOUS
2404,0,0,1.949688349471009,4,AI-GENERATED
148,3,0,26.56605956252721,23,SUSPICIOUS
1769,0,0,2.9720943838138747,2,AI-GENERATED
1951,0,0,0.503536156851825,2,AI-GENERATED
108,4,0,59.009713679495945,15,SUSPICIOUS
134,1,1,39.57301834026892,29,SUSPICIOUS
112,1,1,42.00286312840102,18,SUSPICIOUS
172,0,2,30.624256327048293,10,SUSPICIOUS
135,2,2,51.74281555372934,12,SUSPICIOUS
119,1,0,49.955962964379346,37,SUSPICIOUS
3055,0,0,0.5759940200579639,4,AI-GENERATED
153,4,0,33.990450178281165,15,SUSPICIOUS
151,0,1,60.01410827283901,38,SUSPICIOUS
159,3,1,40.08779737049505,41,SUSPICIOUS
2755,0,0,0.2601482857851106,4,AI-GENERATED
152,4,1,11.209236950403081,22,SUSPICIOUS
4550,0,0,2.585529535942645,4,AI-GENERATED
80,1,1,37.688228715682065,41,SUSPICIOUS
2497,0,0,2.3855423781451828,1,AI-GENERATED
133,3,0,38.01165651256691,10,SUSPICIOUS
4854,0,0,1.0847406589099342,2,AI-GENERATED
123,3,0,18.624456452241233,23,SUSPICIOUS
146,4,1,52.23334080863667,12,SUSPICIOUS
157,1,0,59.637692809582255,40,SUSPICIOUS
3823,0,0,3.167781183101586,1,AI-GENERATED
134,3,2,40.407858131423424,27,SUSPICIOUS
1477,0,0,3.0012689459962125,1,AI-GENERATED
146,2,2,43.334670728243374,32,SUSPICIOUS
4121,0,0,1.9266170340534636,4,AI-GENERATED
117,3,2,54.840959037629304,27,SUSPICIOUS
4481,0,0,1.438614527687585,2,AI-GENERATED
1768,0,0,0.6963959708975221,2,AI-GENERATED
151,1,2,43.44253484834686,20,SUSPICIOUS
3818,0,0,3.1825919163773393,3,AI-GENERATED
4336,0,0,3.402565629332986,2,AI-GENERATED
148,1,2,36.971179404199376,37,SUSPICIOUS
156,4,0,29.287746298154353,34,SUSPICIOUS
154,2,2,40.17856988247893,19,SUSPICIOUS
131,1,0,46.73962236745865,19,SUSPICIOUS
1380,0,0,2.4236126613321485,4,AI-GENERATED
121,2,0,51.62323486223709,36,SUSPICIOUS
883,0,0,1.318424117975088,1,AI-GENERATED
130,3,0,52.502819770011605,18,SUSPICIOUS
159,0,1,56.73176506031949,13,SUSPICIOUS
153,3,1,41.12681351319498,26,SUSPICIOUS
126,4,0,55.661813125469955,44,SUSPICIOUS
100,0,1,46.27028719920263,35,SUSPICIOUS
153,2,1,35.373285576391105,25,SUSPICIOUS
125,3,2,48.409134196315904,17,SUSPICIOUS
4853,0,0,0.193148152155168,2,AI-GENERATED
106,2,1,41.1321632229897,33,SUSPICIOUS
1271,0,0,1.4118040607349693,2,AI-GENERATED
146,3,2,45.2851930359283,30,SUSPICIOUS
4598,0,0,3.2129138295070003,1,AI-GENERATED
153,4,2,39.3405908792419,39,SUSPICIOUS
142,2,0,52.51875408632573,24,SUSPICIOUS
130,4,0,10.629023079668514,15,SUSPICIOUS
141,1,2,39.25121300315555,27,SUSPICIOUS
4447,0,0,2.1136458828015936,2,AI-GENERATED
127,3,2,60.50572781188874,22,SUSPICIOUS
130,4,2,44.58992016269854,15,SUSPICIOUS
138,1,2,10.89570104855786,26,SUSPICIOUS
154,3,1,54.80840759291531,40,SUSPICIOUS
1172,0,0,1.311231765942887,1,AI-GENERATED
502,0,0,2.602935059098104,4,AI-GENERATED
130,4,1,37.1806272314314,19,SUSPICIOUS
121,0,0,40.85455395677677,37,SUSPICIOUS
111,1,1,52.53212265353224,22,SUSPICIOUS
3875,0,0,0.46543126020047676,3,AI-GENERATED
125,0,0,70.59131213121873,41,SUSPICIOUS
104,0,0,19.987262511410066,19,SUSPICIOUS
1614,0,0,1.1374453987384212,2,AI-GENERATED
938,0,0,1.548056746635687,1,AI-GENERATED
110,1,1,39.61047615824708,28,SUSPICIOUS
4685,0,0,3.1195102369542824,1,AI-GENERATED
1907,0,0,1.3423674206097338,2,AI-GENERATED
134,1,1,58.315215525050704,26,SUSPICIOUS
156,0,0,53.63991848541473,20,SUSPICIOUS
138,1,0,50.030600289746374,19,SUSPICIOUS
153,2,1,43.37861360285717,17,SUSPICIOUS
157,0,0,20.696028895875568,35,SUSPICIOUS
1168,0,0,3.4266631070764704,2,AI-GENERATED
768,0,0,1.4998121672202511,1,AI-GENERATED
1768,0,0,0.9951238044372581,2,AI-GENERATED
2760,0,0,2.9971274733679008,2,AI-GENERATED
4457,0,0,1.4372935894319754,1,AI-GENERATED
146,4,0,42.008970096474044,27,SUSPICIOUS
1053,0,0,0.9807938999734055,4,AI-GENERATED
124,0,1,69.27491668626448,38,SUSPICIOUS
135,1,1,31.179268545988933,42,SUSPICIOUS
160,4,1,47.71023517913527,28,SUSPICIOUS
144,0,0,41.52730235096656,15,SUSPICIOUS
2392,0,0,0.19128336806756502,1,AI-GENERATED
2917,0,0,2.8438612094845643,4,AI-GENERATED
2562,0,0,2.380418677199727,4,AI-GENERATED
1278,0,0,2.580056759612578,2,AI-GENERATED
124,4,0,43.197962750160414,31,SUSPICIOUS
3670,0,0,0.6024631911962757,2,AI-GENERATED
4615,0,0,1.7672265650041694,2,AI-GENERATED
132,1,2,26.31473945276998,15,SUSPICIOUS
1964,0,0,0.5250287822013635,2,AI-GENERATED
137,2,2,63.05296275082627,13,SUSPICIOUS
107,1,1,47.97487490429888,36,SUSPICIOUS
133,2,0,27.167009829155226,11,SUSPICIOUS
4447,0,0,1.1903969713443217,1,AI-GENERATED
125,3,2,19.505972500812994,32,SUSPICIOUS
4031,0,0,1.2215023037033497,1,AI-GENERATED
179,1,2,61.329206432478145,13,SUSPICIOUS
119,0,2,43.10857958875687,22,SUSPICIOUS
159,2,0,61.41106545581486,41,SUSPICIOUS
157,1,0,42.544455269884466,18,SUSPICIOUS
4123,0,0,3.052203109924097,3,AI-GENERATED
2356,0,0,2.5291641879988696,1,AI-GENERATED
166,2,0,56.50770369461031,41,SUSPICIOUS
3155,0,0,2.7253931583230053,2,AI-GENERATED
134,3,2,18.36900296464018,42,SUSPICIOUS
155,2,1,23.5151405349308,15,SUSPICIOUS
814,0,0,1.4482634508496655,1,AI-GENERATED
120,4,2,54.24833581852343,21,SUSPICIOUS
2125,0,0,0.37416149010864663,2,AI-GENERATED
151,1,0,48.99388239758459,38,SUSPICIOUS
146,0,1,37.21309376032351,17,SUSPICIOUS
114,2,2,35.23506778592951,36,SUSPICIOUS
156,4,2,41.672258685154056,18,SUSPICIOUS
746,0,0,0.3771589738683121,2,AI-GENERATED
115,0,1,49.65034960129104,28,SUSPICIOUS
120,0,0,60.303849029389156,27,SUSPICIOUS
1145,0,0,1.118269387711494,4,AI-GENERATED
138,0,1,39.426037801312965,21,SUSPICIOUS
150,0,0,25.25987039013789,41,SUSPICIOUS
498,0,0,2.951995195396744,3,AI-GENERATED
4189,0,0,0.3031173903267203,4,AI-GENERATED
138,2,0,92.72734727943418,18,SUSPICIOUS
4023,0,0,1.4181584126234525,4,AI-GENERATED
134,4,1,37.09595581877027,12,SUSPICIOUS
4599,0,0,2.53963674068261,2,AI-GENERATED
102,0,1,46.132240727063206,43,SUSPICIOUS
473,0,0,2.160908164328992,2,AI-GENERATED
164,0,0,49.62923225436617,33,SUSPICIOUS
122,1,2,66.16683974204278,36,SUSPICIOUS
120,2,2,21.404991357441965,28,SUSPICIOUS
4405,0,0,2.115360925944896,1,AI-GENERATED
156,0,0,47.00869434438453,37,SUSPICIOUS
120,0,2,65.41619497405432,35,SUSPICIOUS
113,1,1,45.25148976616013,16,SUSPICIOUS
3648,0,0,1.9521841970772247,2,AI-GENERATED
156,3,1,43.7550736068153,24,SUSPICIOUS
484,0,0,1.639963986287003,1,AI-GENERATED
131,4,0,14.037212314705801,35,SUSPICIOUS
501,0,0,1.4788756430984156,2,AI-GENERATED
845,0,0,3.145026593954308,3,AI-GENERATED
142,4,0,63.95665646674496,26,SUSPICIOUS
3933,0,0,1.4821024268356409,2,AI-GENERATED
140,3,0,53.51184380492339,19,SUSPICIOUS
1747,0,0,0.5185515158338264,2,AI-GENERATED
97,2,0,46.32753139830388,33,SUSPICIOUS
2030,0,0,1.830627231654048,2,AI-GENERATED
759,0,0,0.9913205020763945,4,AI-GENERATED
513,0,0,0.2029647030062896,4,AI-GENERATED
2928,0,0,2.9047237532051193,3,AI-GENERATED
143,4,0,58.496724276178355,13,SUSPICIOUS
152,0,1,55.646577258542855,15,SUSPICIOUS
161,1,0,39.89256802036126,40,SUSPICIOUS
134,2,1,41.283877778558164,28,SUSPICIOUS
109,2,0,60.72527162392801,31,SUSPICIOUS
128,2,0,47.38241890921632,25,SUSPICIOUS
1423,0,0,3.4929963379285347,3,AI-GENERATED
141,0,2,21.272054785148843,25,SUSPICIOUS
2832,0,0,2.9170898704477013,2,AI-GENERATED
135,4,2,18.605483755134003,20,SUSPICIOUS
153,4,2,46.28536166827408,39,SUSPICIOUS
1015,0,0,2.5882610948775224,4,AI-GENERATED
136,1,2,51.83393961523382,34,SUSPICIOUS
106,1,2,73.65663947014289,40,SUSPICIOUS
110,3,1,29.954198343916094,14,SUSPICIOUS
2703,0,0,1.0608216695242358,4,AI-GENERATED
731,0,0,3.4084377056688866,3,AI-GENERATED
152,4,2,55.98669134169224,23,SUSPICIOUS
107,0,2,38.22521566849596,11,SUSPICIOUS
140,3,1,46.07525318021885,37,SUSPICIOUS
148,4,1,43.30140405218087,11,SUSPICIOUS
4724,0,0,1.2625473469487234,2,AI-GENERATED
144,3,2,31.96923579029218,33,SUSPICIOUS
151,1,2,39.647020351073,34,SUSPICIOUS
154,4,0,38.984413900082856,36,SUSPICIOUS
117,2,1,52.13026683647762,37,SUSPICIOUS
116,2,0,54.537080139554504,20,SUSPICIOUS
914,0,0,2.976103175687407,1,AI-GENERATED
4367,0,0,2.924570758938696,1,AI-GENERATED
142,4,0,26.581273743532087,21,SUSPICIOUS
120,3,2,59.97490679150616,29,SUSPICIOUS
1668,0,0,0.556374925576294,4,AI-GENERATED
2690,0,0,3.175148191553632,4,AI-GENERATED
4244,0,0,2.566720190173374,2,AI-GENERATED
133,1,0,36.99876958398849,27,SUSPICIOUS
159,4,2,73.41715784585926,30,SUSPICIOUS
142,4,2,30.777273883689205,41,SUSPICIOUS
4866,0,0,2.2709812419550164,1,AI-GENERATED
147,1,2,39.94441917850442,10,SUSPICIOUS
151,4,2,53.356335225546125,29,SUSPICIOUS
141,0,0,41.498289977725314,37,SUSPICIOUS
125,4,0,59.09156670978606,15,SUSPICIOUS
4169,0,0,2.2223185889638355,1,AI-GENERATED
155,0,2,37.0177085804427,14,SUSPICIOUS
155,4,2,36.76902171002881,44,SUSPICIOUS
117,0,1,55.129065177018546,13,SUSPICIOUS
134,1,0,57.04931022760141,33,SUSPICIOUS
153,0,1,57.65079982680716,33,SUSPICIOUS
133,3,1,42.66868430862557,36,SUSPICIOUS
2220,0,0,0.7093534768057926,4,AI-GENERATED
130,2,1,13.219308115048186,38,SUSPICIOUS
139,4,1,42.24788052437144,42,SUSPICIOUS
157,0,0,36.83437938703989,20,SUSPICIOUS
3154,0,0,1.994994228154102,1,AI-GENERATED
176,0,0,50.88034561752511,31,SUSPICIOUS
4383,0,0,1.1415929227321173,4,AI-GENERATED
2866,0,0,2.7436611435582416,2,AI-GENERATED
3609,0,0,2.791389194343935,4,AI-GENERATED
3552,0,0,3.007191670435045,4,AI-GENERATED
101,0,2,41.05593758181706,27,SUSPICIOUS
139,4,0,74.00944763290875,12,SUSPICIOUS
544,0,0,0.39061637749722267,4,AI-GENERATED
130,0,0,56.549170477794064,22,SUSPICIOUS
142,1,2,41.33618349205669,26,SUSPICIOUS
4004,0,0,2.9966301634753636,1,AI-GENERATED
3203,0,0,2.546171469497351,4,AI-GENERATED
3216,0,0,0.3963196566766738,2,AI-GENERATED
2087,0,0,1.0929698570264483,1,AI-GENERATED
139,4,2,59.679922476939936,36,SUSPICIOUS
190,3,2,64.14417082134412,27,SUSPICIOUS
4905,0,0,2.664999415170396,3,AI-GENERATED
3984,0,0,2.535969601768937,3,AI-GENERATED
2043,0,0,1.454192633056784,3,AI-GENERATED
146,4,0,28.7288885051702,44,SUSPICIOUS
124,0,0,65.50295004033106,34,SUSPICIOUS
3702,0,0,3.4918937181413314,2,AI-GENERATED
150,2,2,44.56534580235612,15,SUSPICIOUS
149,3,0,67.8044184485235,26,SUSPICIOUS
159,0,1,53.218589713748045,18,SUSPICIOUS
124,4,0,53.05621736917651,29,SUSPICIOUS
135,4,1,17.506813881284412,10,SUSPICIOUS
1653,0,0,0.7590913250325012,3,AI-GENERATED
1542,0,0,0.9246210904649554,1,AI-GENERATED
2101,0,0,1.663411832647963,4,AI-GENERATED
1987,0,0,3.326931777845312,4,AI-GENERATED
164,3,0,37.00603814621872,23,SUSPICIOUS
136,1,0,34.3848967923053,35,SUSPICIOUS
4685,0,0,3.3213313028269655,2,AI-GENERATED
114,4,1,45.092580891632636,33,SUSPICIOUS
110,1,0,27.99976171988839,40,SUSPICIOUS
140,0,2,56.66325786355555,30,SUSPICIOUS
1930,0,0,2.3128783537576116,3,AI-GENERATED
471,0,0,2.1149890020373294,3,AI-GENERATED
3509,0,0,1.7473942212271876,2,AI-GENERATED
3378,0,0,3.49108869251329,1,AI-GENERATED
149,0,2,56.66414493797387,27,SUSPICIOUS
2378,0,0,0.9356616333087229,2,AI-GENERATED
3443,0,0,2.3939194550345158,2,AI-GENERATED
2230,0,0,2.0021316091513612,2,AI-GENERATED
3208,0,0,3.2306489889782117,1,AI-GENERATED
4246,0,0,0.13299660716488615,2,AI-GENERATED
93,0,0,45.31864496938949,14,SUSPICIOUS
863,0,0,0.335838381269553,2,AI-GENERATED
137,1,1,29.980714202324485,35,SUSPICIOUS
149,0,0,58.03123508334767,11,SUSPICIOUS
126,4,2,20.69010314161776,42,SUSPICIOUS
2779,0,0,0.9555336387179059,3,AI-GENERATED
137,2,0,53.39170592805167,44,SUSPICIOUS
4778,0,0,0.7000648315665029,2,AI-GENERATED
131,4,2,44.831262101848296,14,SUSPICIOUS
144,0,1,48.836683170483,19,SUSPICIOUS
1120,0,0,2.761488804978398,2,AI-GENERATED
4600,0,0,1.1679960421234772,1,AI-GENERATED
577,0,0,1.6462983361822159,2,AI-GENERATED
136,4,0,26.92613125133669,26,SUSPICIOUS
1765,0,0,2.4041501400671423,2,AI-GENERATED
4257,0,0,2.389319101370551,3,AI-GENERATED
103,3,1,42.8385311475121,32,SUSPICIOUS
147,1,2,47.53196054756116,34,SUSPICIOUS
3659,0,0,2.8843681773508196,1,AI-GENERATED
115,0,1,58.11632458839506,15,SUSPICIOUS
164,1,0,34.855686152006626,18,SUSPICIOUS
1410,0,0,0.7955913679051452,1,AI-GENERATED
1243,0,0,2.0400783905662943,2,AI-GENERATED
2728,0,0,0.14660234608852968,1,AI-GENERATED
156,2,1,41.997505436435574,36,SUSPICIOUS
1914,0,0,2.775099531174965,1,AI-GENERATED
4167,0,0,0.14607249335282432,4,AI-GENERATED
151,0,2,49.05730145458155,15,SUSPICIOUS
137,4,2,43.40715901451155,34,SUSPICIOUS
595,0,0,2.074090444619391,3,AI-GENERATED
106,4,0,39.12583029712208,27,SUSPICIOUS
4919,0,0,2.638695764362956,1,AI-GENERATED
1257,0,0,0.29232340765941656,1,AI-GENERATED
147,4,2,62.3593843522373,22,SUSPICIOUS
4561,0,0,0.28035517214863,3,AI-GENERATED
156,1,2,58.93152163863071,41,SUSPICIOUS
882,0,0,2.0990956216746404,2,AI-GENERATED
1982,0,0,1.6308302849877025,3,AI-GENERATED
489,0,0,2.0082312640666693,3,AI-GENERATED
2307,0,0,1.4435436070855536,1,AI-GENERATED
4424,0,0,0.558215192664982,3,AI-GENERATED
126,4,2,31.113356889343258,15,SUSPICIOUS
4247,0,0,3.320033152517973,2,AI-GENERATED
146,0,2,52.467562889461384,41,SUSPICIOUS
1955,0,0,2.9012982466638193,2,AI-GENERATED
126,2,0,33.29927050313167,23,SUSPICIOUS
164,3,0,54.683816938778605,27,SUSPICIOUS
2828,0,0,2.5763969161382048,2,AI-GENERATED
2536,0,0,0.5232703876422744,4,AI-GENERATED
107,1,1,86.23774646680187,24,SUSPICIOUS
152,4,1,43.195707665295224,26,SUSPICIOUS
159,1,0,67.1822619889605,14,SUSPICIOUS
162,1,1,51.53207050069971,21,SUSPICIOUS
2771,0,0,1.3709899445281497,3,AI-GENERATED
89,3,1,52.26000364613359,38,SUSPICIOUS
147,2,1,32.97948289607142,13,SUSPICIOUS
159,1,1,71.67446259595667,31,SUSPICIOUS
1516,0,0,3.3882699017842612,4,AI-GENERATED
114,0,0,28.541533925746585,41,SUSPICIOUS
136,3,2,45.775134025390635,35,SUSPICIOUS
1946,0,0,0.1231144675146748,2,AI-GENERATED
2637,0,0,1.7769496499704882,3,AI-GENERATED
4321,0,0,3.263368743398703,2,AI-GENERATED
1098,0,0,0.272324208450541,2,AI-GENERATED
4220,0,0,3.0868918009171464,1,AI-GENERATED
821,0,0,0.26419962922008283,2,AI-GENERATED
147,3,1,48.719400754926745,40,SUSPICIOUS
3882,0,0,2.141199045385275,4,AI-GENERATED
130,4,0,98.66641453673294,36,SUSPICIOUS
177,3,2,47.91076255948957,27,SUSPICIOUS
4362,0,0,1.4956099534566514,3,AI-GENERATED
143,0,2,36.33651959331221,29,SUSPICIOUS
136,0,1,39.12797939791569,23,SUSPICIOUS
114,0,2,19.050014186029887,19,SUSPICIOUS
3530,0,0,1.5735353740467273,4,AI-GENERATED
3121,0,0,0.3782889184261343,1,AI-GENERATED
2819,0,0,3.4082510189634574,3,AI-GENERATED
2333,0,0,2.8302985558225418,2,AI-GENERATED
154,4,2,66.01894114927187,31,SUSPICIOUS
151,3,2,44.4606466410319,36,SUSPICIOUS
148,3,0,32.87834419179153,13,SUSPICIOUS
3942,0,0,0.7484301529054934,4,AI-GENERATED
133,3,1,46.86884957427767,43,SUSPICIOUS
4906,0,0,2.3540098846645687,2,AI-GENERATED
797,0,0,3.2115497928364443,3,AI-GENERATED
4930,0,0,3.256661833621865,2,AI-GENERATED
146,2,1,38.7716225504609,36,SUSPICIOUS
150,0,2,45.89883320069516,42,SUSPICIOUS
1634,0,0,0.30124653956211783,3,AI-GENERATED
962,0,0,0.5395631252279746,2,AI-GENERATED
146,0,1,54.57274436797594,37,SUSPICIOUS
153,2,1,50.497742815968834,23,SUSPICIOUS
107,3,0,74.30021819116982,41,SUSPICIOUS
3646,0,0,2.600777785614166,3,AI-GENERATED
126,4,1,29.420000884858013,16,SUSPICIOUS
116,3,2,11.241921662777806,39,SUSPICIOUS
167,4,0,61.99566503656613,32,SUSPICIOUS
1541,0,0,2.7727725827229897,2,AI-GENERATED
145,1,1,28.52304537956981,41,SUSPICIOUS
142,4,2,39.90002196796321,29,SUSPICIOUS
124,2,0,62.4094933866248,37,SUSPICIOUS
1628,0,0,2.6717577832577,1,AI-GENERATED
138,0,2,30.058470621648233,11,SUSPICIOUS
3923,0,0,3.3479723456013017,2,AI-GENERATED
492,0,0,0.537725343179748,2,AI-GENERATED
133,2,0,80.73384459614525,12,SUSPICIOUS
159,1,2,40.034281213281545,15,SUSPICIOUS
115,1,0,61.82275069915521,40,SUSPICIOUS
174,0,1,38.27953131428638,27,SUSPICIOUS
159,0,2,48.282772882061174,21,SUSPICIOUS
3374,0,0,1.4914124607136507,3,AI-GENERATED
118,3,1,58.575806196463574,17,SUSPICIOUS
1059,0,0,2.0949899103370795,4,AI-GENERATED
146,2,1,25.330545148126703,39,SUSPICIOUS
3396,0,0,0.9935713321262474,3,AI-GENERATED
2226,0,0,1.7688156432056965,1,AI-GENERATED
155,1,1,48.32034195436372,26,SUSPICIOUS
135,1,1,47.24882696691504,16,SUSPICIOUS
145,4,2,58.713868517991976,24,SUSPICIOUS
130,1,2,39.35638172642472,27,SUSPICIOUS
4656,0,0,1.3941005976017773,4,AI-GENERATED
1944,0,0,1.4836433891010559,4,AI-GENERATED
131,1,1,54.260074652171625,33,SUSPICIOUS
1233,0,0,3.3346039399908767,3,AI-GENERATED
3369,0,0,2.5742081430480295,2,AI-GENERATED
102,1,0,55.32534867629672,32,SUSPICIOUS
139,1,1,34.10272727621771,43,SUSPICIOUS
160,4,1,45.78362020436801,20,SUSPICIOUS
3941,0,0,0.7625224161110891,2,AI-GENERATED
115,1,0,50.48924115584806,40,SUSPICIOUS
2591,0,0,0.7859030957991104,3,AI-GENERATED
155,2,1,40.987113456099934,11,SUSPICIOUS
4096,0,0,3.208044579916715,4,AI-GENERATED
2058,0,0,0.9541174843974874,1,AI-GENERATED
4971,0,0,1.1340075144411983,1,AI-GENERATED
180,1,1,48.12426321230988,13,SUSPICIOUS
1912,0,0,0.6901911287859647,4,AI-GENERATED
162,2,1,75.29915019747709,34,SUSPICIOUS
4387,0,0,0.145028555710539,1,AI-GENERATED
1439,0,0,0.7627520098165961,2,AI-GENERATED
3331,0,0,2.3216581693230083,2,AI-GENERATED
4743,0,0,2.7885872166459045,3,AI-GENERATED
2634,0,0,1.0011134896745995,2,AI-GENERATED
1593,0,0,1.5770317855739013,2,AI-GENERATED
610,0,0,3.0478817682933417,3,AI-GENERATED
144,3,2,40.19929879270398,10,SUSPICIOUS
1442,0,0,0.8244339432819558,2,AI-GENERATED
120,3,1,36.854536776298644,31,SUSPICIOUS
445,0,0,1.2371248197043176,4,AI-GENERATED
109,4,0,41.805730941969934,39,SUSPICIOUS
135,4,2,38.82064603969344,30,SUSPICIOUS
143,0,2,53.31092679903749,38,SUSPICIOUS
3834,0,0,1.9513588339891386,3,AI-GENERATED
139,1,1,63.28035107930393,42,SUSPICIOUS
3482,0,0,2.4736596268150213,3,AI-GENERATED
612,0,0,0.6169988655682882,4,AI-GENERATED
3197,0,0,1.1502892417650004,2,AI-GENERATED
3200,0,0,2.6448452565787925,2,AI-GENERATED
4298,0,0,0.896579131185578,3,AI-GENERATED
1437,0,0,2.650692175745702,2,AI-GENERATED
4664,0,0,2.683812449649337,2,AI-GENERATED
124,1,1,67.71554400242289,12,SUSPICIOUS
164,1,2,71.08205914725757,12,SUSPICIOUS
153,2,0,26.31429180636362,41,SUSPICIOUS
4203,0,0,1.70996966263742,4,AI-GENERATED
119,2,1,43.27700104352812,19,SUSPICIOUS
117,2,0,58.52996974939814,28,SUSPICIOUS
2121,0,0,2.3517320757840654,2,AI-GENERATED
2295,0,0,0.3594831666592381,3,AI-GENERATED
2712,0,0,1.508959191777446,4,AI-GENERATED
106,4,0,42.90625345988684,28,SUSPICIOUS
128,1,2,33.89714198598109,23,SUSPICIOUS
151,2,2,34.17039028554794,43,SUSPICIOUS
169,1,0,43.43059678105937,41,SUSPICIOUS
131,4,2,27.171287075363768,32,SUSPICIOUS
172,2,1,45.52349392327043,20,SUSPICIOUS
100,3,0,73.31390592389954,10,SUSPICIOUS
129,3,1,52.33440168733038,42,SUSPICIOUS
1735,0,0,3.474718907431948,1,AI-GENERATED
109,0,1,50.75621576913821,38,SUSPICIOUS
140,2,2,55.03401894109586,19,SUSPICIOUS
2575,0,0,1.665749623445425,2,AI-GENERATED
151,3,1,53.58115272981189,11,SUSPICIOUS
3754,0,0,2.07285980663499,4,AI-GENERATED
154,4,0,44.667082692832466,27,SUSPICIOUS
1397,0,0,2.4007627618271092,3,AI-GENERATED
2112,0,0,1.6450660521756528,1,AI-GENERATED
869,0,0,1.5319764497629196,3,AI-GENERATED
4307,0,0,0.9794121957004455,3,AI-GENERATED
155,0,1,51.055255739915374,26,SUSPICIOUS
153,0,1,62.31286782604275,33,SUSPICIOUS
1969,0,0,0.7116404387715591,3,AI-GENERATED
172,2,1,49.755560432534686,41,SUSPICIOUS
4539,0,0,0.328156657605113,4,AI-GENERATED
4630,0,0,1.2540988960577482,1,AI-GENERATED
146,3,0,64.33678204398379,32,SUSPICIOUS
109,4,0,53.777467473696575,24,SUSPICIOUS
139,4,1,45.28562262839053,40,SUSPICIOUS
743,0,0,2.6754244860454013,1,AI-GENERATED
3894,0,0,0.4346170929420754,2,AI-GENERATED
133,1,2,52.29183197325564,25,SUSPICIOUS
2748,0,0,1.89777710028255,3,AI-GENERATED
131,2,0,51.01366536575501,26,SUSPICIOUS
1431,0,0,2.872114028159136,2,AI-GENERATED
142,2,0,51.178199531926246,16,SUSPICIOUS
1092,0,0,3.476016545038351,1,AI-GENERATED
4066,0,0,3.0260059466145783,2,AI-GENERATED
134,1,0,16.133578986693152,38,SUSPICIOUS
119,4,1,26.08379231639405,36,SUSPICIOUS
4914,0,0,0.8263380803276151,3,AI-GENERATED
144,2,2,59.83745204106381,24,SUSPICIOUS
116,4,1,64.47991284410685,43,SUSPICIOUS
144,1,1,40.52104493834266,28,SUSPICIOUS
142,0,1,54.89393328082144,20,SUSPICIOUS
160,1,0,65.73127069552278,21,SUSPICIOUS
95,3,1,29.67714763941012,37,SUSPICIOUS
135,3,0,72.93057627756366,14,SUSPICIOUS
481,0,0,3.2162469120962918,3,AI-GENERATED
3755,0,0,1.0015844237557876,4,AI-GENERATED
3070,0,0,0.3708203004440047,3,AI-GENERATED
3086,0,0,1.4396544930408142,3,AI-GENERATED
207,2,1,73.61313567552435,43,SUSPICIOUS
126,0,1,44.75838465273944,41,SUSPICIOUS
120,1,2,57.63950708170327,26,SUSPICIOUS
158,4,2,42.24462461117696,42,SUSPICIOUS
138,0,0,22.26821756406731,20,SUSPICIOUS
126,3,2,57.47080304654068,29,SUSPICIOUS
138,2,2,55.9216097501153,15,SUSPICIOUS
3419,0,0,3.4710458456829785,3,AI-GENERATED
111,2,2,50.683313138569254,10,SUSPICIOUS
109,3,2,36.529881303236444,23,SUSPICIOUS
105,3,1,36.560060267217224,43,SUSPICIOUS
2896,0,0,1.1838907292539207,2,AI-GENERATED
997,0,0,2.577156576733794,3,AI-GENERATED
4682,0,0,0.8556817484591485,3,AI-GENERATED
124,4,0,40.33181448979067,21,SUSPICIOUS
143,1,1,59.99915920304426,34,SUSPICIOUS
187,1,0,57.158076915347266,42,SUSPICIOUS
157,4,2,47.275449466598765,44,SUSPICIOUS
108,1,0,49.72517891170678,22,SUSPICIOUS
4705,0,0,2.7151517631677735,2,AI-GENERATED
103,2,0,22.309579969998047,11,SUSPICIOUS
1875,0,0,1.1688918667705686,3,AI-GENERATED
2854,0,0,2.572460031662632,2,AI-GENERATED
125,0,1,42.69343343367296,13,SUSPICIOUS
565,0,0,0.9792406407774792,1,AI-GENERATED
156,3,2,76.43287439263023,38,SUSPICIOUS
420,0,0,2.0049113338184155,3,AI-GENERATED
122,3,0,61.003176472481215,16,SUSPICIOUS
523,0,0,0.7000337514038616,2,AI-GENERATED
3936,0,0,1.4510517405194527,3,AI-GENERATED
3894,0,0,1.2126708258797758,4,AI-GENERATED
155,4,2,72.07226459976195,37,SUSPICIOUS
162,0,2,12.950987386045341,27,SUSPICIOUS
4164,0,0,2.0924988366566386,3,AI-GENERATED
2663,0,0,2.5517186722619316,1,AI-GENERATED
4527,0,0,0.13144862454348885,2,AI-GENERATED
144,1,2,30.466851978442115,25,SUSPICIOUS
1927,0,0,2.2285492514320895,2,AI-GENERATED
586,0,0,2.611606433945338,2,AI-GENERATED
171,4,2,29.61456822926366,11,SUSPICIOUS
1892,0,0,2.843561267854787,3,AI-GENERATED
1108,0,0,1.9643079423808558,2,AI-GENERATED
120,1,0,43.18891753502462,21,SUSPICIOUS
2693,0,0,2.3433503869812458,2,AI-GENERATED
158,1,0,45.56549532512666,20,SUSPICIOUS
462,0,0,0.18396809101602135,1,AI-GENERATED
110,0,1,53.9037951201673,15,SUSPICIOUS
141,1,1,49.02963699405615,14,SUSPICIOUS
156,1,2,57.21072063033371,41,SUSPICIOUS
810,0,0,1.2402088423931954,1,AI-GENERATED
140,0,1,35.81925631795377,36,SUSPICIOUS
1370,0,0,2.4002325362879615,1,AI-GENERATED
1778,0,0,2.7312609641178858,3,AI-GENERATED
1578,0,0,0.5705929059356556,2,AI-GENERATED
536,0,0,2.5326371788742095,2,AI-GENERATED
3761,0,0,2.04498768308213,4,AI-GENERATED
118,2,1,52.2056309918347,15,SUSPICIOUS
431,0,0,2.2790076946176763,4,AI-GENERATED
136,1,2,55.089597064013326,28,SUSPICIOUS
4164,0,0,2.4859786739846523,4,AI-GENERATED
3171,0,0,2.006486127536224,3,AI-GENERATED
3686,0,0,2.818414178060673,4,AI-GENERATED
152,0,2,44.22089970951597,18,SUSPICIOUS
968,0,0,2.729155190933174,4,AI-GENERATED
1358,0,0,2.061589574119638,4,AI-GENERATED
146,3,0,43.55493540689546,34,SUSPICIOUS
1451,0,0,0.9778603124310461,2,AI-GENERATED
137,0,2,50.53504335296031,39,SUSPICIOUS
161,3,1,43.678641993683605,28,SUSPICIOUS
124,4,1,33.15328711911749,31,SUSPICIOUS
2998,0,0,3.2780117905643746,1,AI-GENERATED
3850,0,0,0.554227553031188,1,AI-GENERATED
130,0,1,64.04905899164638,40,SUSPICIOUS
2414,0,0,1.3397319056852062,1,AI-GENERATED
2955,0,0,0.38087527467150817,3,AI-GENERATED
116,1,1,39.58339176740325,33,SUSPICIOUS
1598,0,0,2.3123161904713063,3,AI-GENERATED
2671,0,0,1.3945920962261986,3,AI-GENERATED
1324,0,0,0.13456890744807554,1,AI-GENERATED
1873,0,0,1.8915526001355671,1,AI-GENERATED
163,4,2,42.40679431355868,22,SUSPICIOUS
4282,0,0,1.753485897684749,1,AI-GENERATED
154,0,1,38.60343731801921,34,SUSPICIOUS
168,1,2,64.33670045189271,20,SUSPICIOUS
3114,0,0,3.4637170099258237,4,AI-GENERATED
121,4,0,51.735505604323265,36,SUSPICIOUS
139,1,0,32.239835588169534,26,SUSPICIOUS
4927,0,0,1.132203316781309,3,AI-GENERATED
118,0,0,83.47882676376042,33,SUSPICIOUS
126,3,2,55.64730976963967,29,SUSPICIOUS
3898,0,0,1.7829163706248803,2,AI-GENERATED
147,3,2,53.62103668891993,24,SUSPICIOUS
133,0,1,27.806435098467997,16,SUSPICIOUS
154,2,1,26.068685572026514,34,SUSPICIOUS
3556,0,0,2.75791638452154,4,AI-GENERATED
162,4,1,48.63225833072444,21,SUSPICIOUS
106,1,2,39.74109379026629,33,SUSPICIOUS
168,4,1,38.283786798418056,38,SUSPICIOUS
1501,0,0,0.3863604190023089,4,AI-GENERATED
148,1,2,59.903894568521515,18,SUSPICIOUS
852,0,0,2.533641819040487,4,AI-GENERATED
130,3,1,45.54728507480644,21,SUSPICIOUS
151,3,0,55.22805774767306,24,SUSPICIOUS
155,1,0,68.94490020332708,25,SUSPICIOUS
863,0,0,3.209291112940628,2,AI-GENERATED
976,0,0,1.9888115639916077,1,AI-GENERATED
4492,0,0,1.9913368608563105,2,AI-GENERATED
166,1,1,40.15764468566289,28,SUSPICIOUS
162,3,2,69.52351154589677,35,SUSPICIOUS
1168,0,0,1.2269846458172,1,AI-GENERATED
665,0,0,0.2970702242936956,1,AI-GENERATED
161,3,0,55.301523666003064,43,SUSPICIOUS
4536,0,0,1.2171444937548097,1,AI-GENERATED
2246,0,0,2.7801640440671913,3,AI-GENERATED
186,3,1,78.06772969997235,31,SUSPICIOUS
1853,0,0,2.887695458620031,1,AI-GENERATED
132,0,1,39.31377040881178,22,SUSPICIOUS
154,2,2,26.455186200838625,41,SUSPICIOUS
144,0,2,50.381981600527595,12,SUSPICIOUS
129,2,2,39.1946345213987,26,SUSPICIOUS
4263,0,0,1.7899721795176833,4,AI-GENERATED
150,0,2,50.746892276332716,14,SUSPICIOUS
1674,0,0,0.22211404557998474,3,AI-GENERATED
2667,0,0,1.0724533109461891,1,AI-GENERATED
171,1,1,37.36571034411614,26,SUSPICIOUS
1799,0,0,1.9768336022581883,3,AI-GENERATED
4729,0,0,0.7273523119272064,1,AI-GENERATED
145,2,0,61.50214322594517,39,SUSPICIOUS
525,0,0,1.2907752743039977,3,AI-GENERATED
157,1,1,62.70956655395587,24,SUSPICIOUS
4567,0,0,0.226541889387512,3,AI-GENERATED
3451,0,0,0.8042299764712775,1,AI-GENERATED
1342,0,0,2.447302831519262,3,AI-GENERATED
148,0,0,19.169118209922264,12,SUSPICIOUS
139,3,0,69.62814963391703,37,SUSPICIOUS
2522,0,0,1.2145803375579811,4,AI-GENERATED
989,0,0,3.2224179467159395,1,AI-GENERATED
903,0,0,0.4244274994538907,1,AI-GENERATED
102,4,2,49.24168428408661,33,SUSPICIOUS
629,0,0,0.7066529805753835,4,AI-GENERATED
4458,0,0,2.9949293679628637,1,AI-GENERATED
1601,0,0,2.7032724989189756,4,AI-GENERATED
1234,0,0,2.859106356352835,1,AI-GENERATED
112,4,2,42.3132365430403,29,SUSPICIOUS
138,2,0,51.344908401571246,20,SUSPICIOUS
153,1,2,47.01788569231347,44,SUSPICIOUS
149,4,2,47.89472638032342,44,SUSPICIOUS
4004,0,0,2.1791313737657996,1,AI-GENERATED
114,4,2,31.86558085661402,39,SUSPICIOUS
3657,0,0,3.336733541130845,4,AI-GENERATED
803,0,0,2.5314555044114204,2,AI-GENERATED
1518,0,0,1.0508296074522645,2,AI-GENERATED
113,0,0,50.028604795298094,15,SUSPICIOUS
3313,0,0,2.327209690613961,2,AI-GENERATED
157,3,0,44.888806973114555,37,SUSPICIOUS
143,1,1,63.708250039097805,39,SUSPICIOUS
2230,0,0,2.435931388799734,2,AI-GENERATED
135,2,0,44.6946238245282,24,SUSPICIOUS
110,3,1,31.765584310149045,37,SUSPICIOUS
4858,0,0,1.699016236901867,1,AI-GENERATED
1337,0,0,3.255015827956875,3,AI-GENERATED
143,4,2,42.557600640132485,42,SUSPICIOUS
117,0,2,33.51726661232846,24,SUSPICIOUS
982,0,0,2.8001139505391395,4,AI-GENERATED
4893,0,0,0.13188060917730007,3,AI-GENERATED
139,3,0,42.0210611126674,30,SUSPICIOUS
129,0,2,30.15021544140439,21,SUSPICIOUS
1340,0,0,0.530030328873539,1,AI-GENERATED
122,0,1,45.656147886491624,30,SUSPICIOUS
154,0,1,24.733013330229966,13,SUSPICIOUS
3055,0,0,0.9975200141701012,3,AI-GENERATED
130,2,1,53.13751495895741,34,SUSPICIOUS
822,0,0,1.3675459437729973,3,AI-GENERATED
3885,0,0,2.907870677165812,2,AI-GENERATED
4214,0,0,1.2087344711711119,3,AI-GENERATED
4327,0,0,0.3244594408222868,1,AI-GENERATED
989,0,0,3.1958098412677067,1,AI-GENERATED
4235,0,0,2.019988388459508,1,AI-GENERATED
131,0,1,68.24038147049751,27,SUSPICIOUS
141,3,2,45.50865158476399,11,SUSPICIOUS
1668,0,0,1.9753929221396687,2,AI-GENERATED
3031,0,0,0.268082277273624,4,AI-GENERATED
151,0,2,43.90100008884261,13,SUSPICIOUS
3951,0,0,2.7906429265420294,4,AI-GENERATED
146,0,0,50.188574783938,29,SUSPICIOUS
124,1,2,55.81346208293718,34,SUSPICIOUS
583,0,0,0.4594293768091905,3,AI-GENERATED
2199,0,0,2.8702927536493714,1,AI-GENERATED
144,1,0,35.82882625532957,11,SUSPICIOUS
143,0,2,40.244661109350226,11,SUSPICIOUS
4225,0,0,3.3006391595190707,1,AI-GENERATED
144,0,1,75.62715487114582,32,SUSPICIOUS
1619,0,0,0.28789038834311376,2,AI-GENERATED
159,0,2,54.35944245931084,18,SUSPICIOUS
1631,0,0,2.269086095872386,4,AI-GENERATED
4266,0,0,0.6652725199159125,1,AI-GENERATED
126,0,0,61.01375029272613,19,SUSPICIOUS
120,1,0,44.06653309594108,39,SUSPICIOUS
4536,0,0,2.559907171336171,1,AI-GENERATED
143,3,1,39.6167777712533,31,SUSPICIOUS
458,0,0,2.336927914571443,3,AI-GENERATED
4172,0,0,0.4746888596706762,2,AI-GENERATED
3193,0,0,3.355467024309579,4,AI-GENERATED
146,4,0,43.19051353153552,14,SUSPICIOUS
4901,0,0,0.20681527690624651,2,AI-GENERATED
146,2,1,36.789059946671514,24,SUSPICIOUS
147,0,2,66.53267435915735,22,SUSPICIOUS
1250,0,0,2.532877898328486,3,AI-GENERATED
1493,0,0,1.2734777577512175,1,AI-GENERATED
181,4,0,40.42568741434689,20,SUSPICIOUS
3969,0,0,1.5938807298154707,2,AI-GENERATED
161,4,0,51.699353879350866,28,SUSPICIOUS
142,1,2,58.78218437280082,18,SUSPICIOUS
4860,0,0,3.43390679889808,4,AI-GENERATED
129,4,2,77.34726572014686,22,SUSPICIOUS
114,1,0,30.27258220314131,27,SUSPICIOUS
130,2,1,36.825237560200726,12,SUSPICIOUS
149,0,2,21.770031115326574,18,SUSPICIOUS
3064,0,0,2.8382144073994455,3,AI-GENERATED
116,4,2,57.34823858967603,37,SUSPICIOUS
4339,0,0,0.667409009182744,4,AI-GENERATED
4525,0,0,1.3113169367968391,4,AI-GENERATED
4662,0,0,0.48310219452715486,4,AI-GENERATED
138,0,1,54.9127292238547,29,SUSPICIOUS
140,1,2,39.63194343482939,25,SUSPICIOUS
2240,0,0,2.7612226379414335,3,AI-GENERATED
130,3,1,60.83980478387585,36,SUSPICIOUS
163,3,1,36.469016484463594,44,SUSPICIOUS
154,0,1,33.30490347693282,19,SUSPICIOUS
123,4,1,58.50335381482338,16,SUSPICIOUS
142,4,2,49.5531866758017,13,SUSPICIOUS
136,3,1,53.656046971832595,10,SUSPICIOUS
152,2,2,64.38732445576477,37,SUSPICIOUS
3851,0,0,1.9513321231900034,1,AI-GENERATED
2474,0,0,0.8330275547342689,1,AI-GENERATED
145,0,2,49.520443477593574,24,SUSPICIOUS
168,1,1,64.2938676952189,20,SUSPICIOUS
132,4,0,51.848297961423896,32,SUSPICIOUS
140,1,1,46.97064670651656,28,SUSPICIOUS
806,0,0,0.35460716646015467,2,AI-GENERATED
170,2,0,30.41738420057762,26,SUSPICIOUS
146,3,0,69.72354996174734,13,SUSPICIOUS
152,1,1,53.43563015413066,43,SUSPICIOUS
141,4,1,33.82940186613665,41,SUSPICIOUS
1189,0,0,0.314371825273945,4,AI-GENERATED
4629,0,0,2.7371627224170245,4,AI-GENERATED
142,0,1,29.316310718296887,38,SUSPICIOUS
122,2,1,36.88820756179371,37,SUSPICIOUS
3251,0,0,3.2968431956735813,1,AI-GENERATED
134,4,1,47.73157356888729,10,SUSPICIOUS
137,0,1,70.73046783703948,42,SUSPICIOUS
157,0,2,16.779976709694505,15,SUSPICIOUS
178,3,2,71.17007427334468,40,SUSPICIOUS
1347,0,0,1.7867264112627113,2,AI-GENERATED
140,1,0,51.07859299486795,27,SUSPICIOUS
125,0,2,52.06510713788638,43,SUSPICIOUS
174,3,0,71.03771772067358,23,SUSPICIOUS
145,3,0,36.215474464169034,43,SUSPICIOUS
2268,0,0,3.4415973569880025,2,AI-GENERATED
152,2,1,61.82158998656371,12,SUSPICIOUS
128,3,1,5.0,37,SUSPICIOUS
3494,0,0,0.9086159823393503,4,AI-GENERATED
144,3,1,22.493248592388923,25,SUSPICIOUS
2487,0,0,1.6946309117630545,3,AI-GENERATED
455,0,0,2.0257428571988894,1,AI-GENERATED
131,4,0,36.33780641976758,27,SUSPICIOUS
160,2,1,32.82041831667068,18,SUSPICIOUS
151,2,0,26.218999313513525,33,SUSPICIOUS
2959,0,0,2.497278267325622,4,AI-GENERATED
924,0,0,0.3944056883533955,4,AI-GENERATED
153,2,0,25.142883025636984,21,SUSPICIOUS
137,0,1,41.38578582847103,36,SUSPICIOUS
125,2,2,19.336121697315438,23,SUSPICIOUS
136,3,0,50.299619354973835,11,SUSPICIOUS
1954,0,0,0.9468683190615987,1,AI-GENERATED
121,2,2,58.50751448108613,31,SUSPICIOUS
137,2,0,28.03899047192165,11,SUSPICIOUS
2140,0,0,0.3125620540011026,2,AI-GENERATED
4545,0,0,1.543592864271041,3,AI-GENERATED
3483,0,0,2.2772378519822407,2,AI-GENERATED
888,0,0,3.373442425259997,1,AI-GENERATED
147,2,0,56.840345428851776,34,SUSPICIOUS
144,1,2,53.67084558119927,38,SUSPICIOUS
2415,0,0,1.2410926924073857,4,AI-GENERATED
158,0,2,52.848879232241806,19,SUSPICIOUS
2271,0,0,1.4111590740676754,4,AI-GENERATED
108,1,2,40.26812241676429,25,SUSPICIOUS
2452,0,0,1.6438560736859067,2,AI-GENERATED
1036,0,0,2.5424496056295687,1,AI-GENERATED
146,3,0,43.32593031287633,37,SUSPICIOUS
3407,0,0,3.106169995365716,3,AI-GENERATED
153,1,2,16.36288134129398,42,SUSPICIOUS
136,3,0,51.83784012386936,31,SUSPICIOUS
139,4,0,66.40748604845143,29,SUSPICIOUS
4347,0,0,3.44711499336773,1,AI-GENERATED
128,3,0,54.57696943230521,36,SUSPICIOUS
153,2,2,56.33174967076,33,SUSPICIOUS
107,2,1,42.266844854546605,27,SUSPICIOUS
126,4,1,12.399035641637745,21,SUSPICIOUS
133,3,1,44.766768729480226,37,SUSPICIOUS
1484,0,0,2.797584573193996,2,AI-GENERATED
152,0,0,46.61343181742675,27,SUSPICIOUS
608,0,0,2.584378987666083,4,AI-GENERATED
128,2,1,43.26425805303676,43,SUSPICIOUS
3676,0,0,2.9851810699845536,2,AI-GENERATED
705,0,0,3.180905293685675,2,AI-GENERATED
138,2,1,52.191507757202444,42,SUSPICIOUS
4040,0,0,1.3192748493424644,3,AI-GENERATED
1841,0,0,0.8901898078955652,3,AI-GENERATED
140,1,2,49.46965462739963,35,SUSPICIOUS
1333,0,0,0.24578247538836404,4,AI-GENERATED
4538,0,0,0.4629235875569113,1,AI-GENERATED
3451,0,0,1.332154570840294,4,AI-GENERATED
155,1,1,44.39850043548703,40,SUSPICIOUS
4815,0,0,0.47417021725476305,4,AI-GENERATED
146,3,1,63.970214627126566,17,SUSPICIOUS
82,4,1,61.9113812741463,40,SUSPICIOUS
3379,0,0,0.6616972630817692,3,AI-GENERATED
155,2,1,58.65823509131179,30,SUSPICIOUS
171,2,1,74.20265470156566,12,SUSPICIOUS
111,0,1,47.78819838503468,39,SUSPICIOUS
4875,0,0,2.669073820108986,2,AI-GENERATED
163,0,2,20.411327442026185,20,SUSPICIOUS
2833,0,0,0.4119386188477471,3,AI-GENERATED
123,4,0,45.594095451369924,28,SUSPICIOUS
152,3,2,69.57334968119581,11,SUSPICIOUS
153,3,1,35.41647669492254,31,SUSPICIOUS
3682,0,0,0.5486148482289992,3,AI-GENERATED
122,3,0,31.50086395018034,29,SUSPICIOUS
130,2,0,70.18990958228285,37,SUSPICIOUS
112,2,0,17.427085096274045,35,SUSPICIOUS
2837,0,0,1.8561848891505301,4,AI-GENERATED
132,2,2,55.414639931403585,30,SUSPICIOUS
147,0,1,47.22912002404457,11,SUSPICIOUS
143,4,1,67.44009157268911,38,SUSPICIOUS
143,4,1,67.37944512873756,30,SUSPICIOUS
3453,0,0,2.0557247803130236,4,AI-GENERATED
150,2,1,42.8198849536823,25,SUSPICIOUS
153,0,2,83.85288598392455,18,SUSPICIOUS
3711,0,0,1.0012774046371997,2,AI-GENERATED
130,3,0,24.12491005806852,13,SUSPICIOUS
777,0,0,0.513747404512449,2,AI-GENERATED
123,3,0,61.030480758013425,24,SUSPICIOUS
159,3,1,44.58281357014165,39,SUSPICIOUS
144,2,0,54.861270064078795,11,SUSPICIOUS
135,0,1,16.48737861961796,28,SUSPICIOUS
1808,0,0,1.3828378218497908,2,AI-GENERATED
143,4,1,23.87486341251833,25,SUSPICIOUS
1327,0,0,1.404229633843084,2,AI-GENERATED
2551,0,0,2.0560524046796544,1,AI-GENERATED
4947,0,0,1.2991396381252058,2,AI-GENERATED
143,0,1,39.73007785229671,27,SUSPICIOUS
164,0,2,78.57655458229752,37,SUSPICIOUS
4358,0,0,2.595750897900559,2,AI-GENERATED
158,3,1,53.667819446162774,10,SUSPICIOUS
3428,0,0,3.474935126811577,2,AI-GENERATED
1773,0,0,0.7589280993710126,2,AI-GENERATED
145,4,1,63.619892950973835,11,SUSPICIOUS
172,1,0,33.36221326397339,16,SUSPICIOUS
2753,0,0,3.374104713279019,1,AI-GENERATED
4008,0,0,0.8597295525797299,2,AI-GENERATED
4814,0,0,1.4209501698033398,1,AI-GENERATED
4955,0,0,1.7714922776760793,4,AI-GENERATED
140,0,2,35.01173613128672,23,SUSPICIOUS
167,3,2,53.44812223819226,31,SUSPICIOUS
1354,0,0,1.6955088502391173,2,AI-GENERATED
165,0,0,50.02502823651998,10,SUSPICIOUS
165,0,1,51.1863034450535,10,SUSPICIOUS
1241,0,0,0.8433021978245903,3,AI-GENERATED
136,4,2,52.47840237996422,23,SUSPICIOUS
139,3,0,27.377277664066913,33,SUSPICIOUS
175,0,0,43.4141883171747,19,SUSPICIOUS
158,0,0,43.74238652091218,37,SUSPICIOUS
94,3,1,76.03023998797939,37,SUSPICIOUS
167,1,0,13.24660741307833,33,SUSPICIOUS
131,3,2,45.19008121748149,29,SUSPICIOUS
2840,0,0,1.0097015572700656,3,AI-GENERATED
2086,0,0,2.797781122798608,3,AI-GENERATED
3888,0,0,1.036201163054211,2,AI-GENERATED
1137,0,0,0.30657147445841054,2,AI-GENERATED
124,0,2,27.526994125172735,12,SUSPICIOUS
162,3,1,31.473006726271493,26,SUSPICIOUS
99,1,1,52.340745779112154,38,SUSPICIOUS
4647,0,0,1.8255174084920338,3,AI-GENERATED
179,1,0,38.07090957058098,36,SUSPICIOUS
146,3,1,45.38446124145425,38,SUSPICIOUS
1454,0,0,2.6590153458450883,2,AI-GENERATED
138,2,2,39.151182360285375,14,SUSPICIOUS
152,2,2,60.45345389796055,17,SUSPICIOUS
3256,0,0,2.4562324470159393,2,AI-GENERATED
147,1,0,51.9643000042952,38,SUSPICIOUS
170,3,0,55.57333982038101,22,SUSPICIOUS
139,1,2,45.579421450973996,23,SUSPICIOUS
4671,0,0,2.7904768363032892,3,AI-GENERATED
4152,0,0,0.2781093642946971,4,AI-GENERATED
4220,0,0,2.722500541126971,1,AI-GENERATED
110,0,0,37.96414119181865,13,SUSPICIOUS
3319,0,0,2.3713432905203256,1,AI-GENERATED
134,2,0,61.358483571815896,26,SUSPICIOUS
963,0,0,2.0460557726550617,2,AI-GENERATED
3583,0,0,3.0651096181480426,3,AI-GENERATED
153,0,2,40.60377577266457,18,SUSPICIOUS
3033,0,0,1.0835462195157868,1,AI-GENERATED
149,1,1,27.435452399251236,27,SUSPICIOUS
957,0,0,2.724933635180334,1,AI-GENERATED
155,3,2,49.255860356302435,36,SUSPICIOUS
126,4,1,76.26033575745848,23,SUSPICIOUS
142,2,1,58.75125654790294,10,SUSPICIOUS
124,0,1,61.03917403980634,19,SUSPICIOUS
3157,0,0,1.7827698917407926,1,AI-GENERATED
3905,0,0,1.9868969058771915,3,AI-GENERATED
4411,0,0,3.2567795926714442,2,AI-GENERATED
126,4,1,40.10863395048607,44,SUSPICIOUS
4311,0,0,0.926143915394531,3,AI-GENERATED
4104,0,0,0.6674466156723305,1,AI-GENERATED
147,0,2,50.674272713172826,38,SUSPICIOUS
2311,0,0,2.057472480829853,1,AI-GENERATED
110,0,0,57.77878288951362,28,SUSPICIOUS
140,3,0,61.00785236111241,39,SUSPICIOUS
1054,0,0,3.0837560077077066,3,AI-GENERATED
840,0,0,2.7403630399553816,2,AI-GENERATED
107,4,2,25.902412057412953,33,SUSPICIOUS
4006,0,0,1.1304910191237532,2,AI-GENERATED
1762,0,0,2.867286836025245,1,AI-GENERATED
1512,0,0,0.5869572547256666,1,AI-GENERATED
158,2,2,42.78818163682102,29,SUSPICIOUS
2178,0,0,1.4369082149195562,3,AI-GENERATED
2010,0,0,2.2561618412625464,2,AI-GENERATED
4220,0,0,1.3024012924281578,1,AI-GENERATED
1371,0,0,1.6069780431019822,3,AI-GENERATED
2453,0,0,0.6064862640133977,2,AI-GENERATED
123,4,2,49.55179160707997,12,SUSPICIOUS
163,0,1,37.00172102860839,40,SUSPICIOUS
145,2,2,29.00468387692279,20,SUSPICIOUS
140,1,0,61.713275962788586,16,SUSPICIOUS
3669,0,0,1.6719179462070182,2,AI-GENERATED
4509,0,0,1.6956175080126756,3,AI-GENERATED
3583,0,0,1.6796473724435648,3,AI-GENERATED
2393,0,0,1.3959740099192868,2,AI-GENERATED
1704,0,0,0.35837273792281155,4,AI-GENERATED
1616,0,0,1.7194156726607208,3,AI-GENERATED
573,0,0,0.33007623923544327,4,AI-GENERATED
125,0,1,57.3649257801753,26,SUSPICIOUS
1147,0,0,2.385819095093321,4,AI-GENERATED
170,3,0,60.33606858678201,24,SUSPICIOUS
3787,0,0,2.046607330789086,4,AI-GENERATED
4519,0,0,2.358398737553267,4,AI-GENERATED
172,1,1,78.26349907305371,17,SUSPICIOUS
4593,0,0,3.3706905130936153,4,AI-GENERATED
146,2,2,30.62735999257837,36,SUSPICIOUS
146,3,0,23.816854723290902,24,SUSPICIOUS
3292,0,0,3.4569486177804616,4,AI-GENERATED
114,4,1,10.97425252420014,29,SUSPICIOUS
912,0,0,3.470997306069213,2,AI-GENERATED
1592,0,0,3.1662297691052985,2,AI-GENERATED
131,4,1,9.266988830327307,14,SUSPICIOUS
131,2,2,52.23239182130884,39,SUSPICIOUS
2531,0,0,1.5603954291315951,1,AI-GENERATED
154,4,2,40.15514543681322,21,SUSPICIOUS
104,3,0,18.05660876860661,19,SUSPICIOUS
2144,0,0,3.2347412994896043,2,AI-GENERATED
2292,0,0,0.8893976520761011,2,AI-GENERATED
3564,0,0,1.9705818521862228,1,AI-GENERATED
110,0,2,23.369261406123545,16,SUSPICIOUS
126,3,1,38.627825162707836,19,SUSPICIOUS
4055,0,0,0.9381004056834783,4,AI-GENERATED
110,2,2,59.90476067444554,35,SUSPICIOUS
127,2,0,32.786920143902016,20,SUSPICIOUS
597,0,0,1.8039163740668354,1,AI-GENERATED
150,1,0,50.45958212178203,22,SUSPICIOUS
135,1,1,60.65032210188424,35,SUSPICIOUS
4367,0,0,2.5997469486374896,3,AI-GENERATED
151,1,0,22.81647314011545,36,SUSPICIOUS
178,1,0,27.302315803534217,41,SUSPICIOUS
146,4,2,55.12236452094893,31,SUSPICIOUS
183,2,0,54.79838497335528,40,SUSPICIOUS
172,2,1,25.65102095260161,26,SUSPICIOUS
4421,0,0,0.4936085798505081,3,AI-GENERATED
2739,0,0,2.168202135288065,4,AI-GENERATED
147,3,0,30.787259180601065,23,SUSPICIOUS
429,0,0,2.3035849010146614,2,AI-GENERATED
719,0,0,0.5363180014688554,4,AI-GENERATED
133,3,0,38.35942163875059,33,SUSPICIOUS
1040,0,0,0.9312857804650223,3,AI-GENERATED
4932,0,0,3.2674311242403866,3,AI-GENERATED
116,4,0,41.7888660176107,30,SUSPICIOUS
146,2,0,34.272322772330035,13,SUSPICIOUS
4132,0,0,3.323995501606246,4,AI-GENERATED
135,0,2,34.94364871254425,13,SUSPICIOUS
1466,0,0,2.6913652174973737,1,AI-GENERATED
975,0,0,1.1893375674697164,3,AI-GENERATED
112,1,2,16.417201877607027,41,SUSPICIOUS
115,3,2,58.24253015229305,33,SUSPICIOUS
116,2,1,23.548871430831642,38,SUSPICIOUS
125,4,2,14.8934848283053,19,SUSPICIOUS
130,0,1,34.18927341360614,30,SUSPICIOUS
4182,0,0,1.0237235660771447,2,AI-GENERATED
139,4,0,41.85129110414316,38,SUSPICIOUS
3375,0,0,2.6619838595394882,1,AI-GENERATED
112,3,2,41.18999871854877,31,SUSPICIOUS
1823,0,0,3.0121067798849928,4,AI-GENERATED
2065,0,0,1.8096362636486845,1,AI-GENERATED
141,1,2,55.76808460894709,24,SUSPICIOUS
2170,0,0,2.194716638582265,3,AI-GENERATED
138,0,1,55.35371986656145,22,SUSPICIOUS
2562,0,0,2.163182537650578,4,AI-GENERATED
161,4,0,61.89818506506808,31,SUSPICIOUS
2688,0,0,1.2632968903311046,3,AI-GENERATED
4675,0,0,2.6981745401252737,2,AI-GENERATED
160,0,0,44.91001462732489,26,SUSPICIOUS
3054,0,0,0.8896188303905922,2,AI-GENERATED
135,3,2,54.62574718523646,17,SUSPICIOUS
2722,0,0,3.479337181303325,4,AI-GENERATED
146,0,2,12.7926905366416,24,SUSPICIOUS
783,0,0,0.29018140810522225,4,AI-GENERATED
1381,0,0,0.8670974448019206,1,AI-GENERATED
2496,0,0,3.40661701208046,4,AI-GENERATED
2863,0,0,2.719892795822852,1,AI-GENERATED
110,3,0,34.043105165968,36,SUSPICIOUS
161,3,2,22.819507350916638,34,SUSPICIOUS
3645,0,0,2.4098342937645563,3,AI-GENERATED
134,4,0,28.396133385764582,16,SUSPICIOUS
171,0,1,36.689008845928356,28,SUSPICIOUS
3018,0,0,2.551645352584766,2,AI-GENERATED
1841,0,0,0.3013082856181973,2,AI-GENERATED
160,4,0,12.008128956017366,18,SUSPICIOUS
703,0,0,0.6160144967036736,3,AI-GENERATED
4825,0,0,0.3434786809330104,1,AI-GENERATED
3398,0,0,0.8270024549955485,2,AI-GENERATED
4593,0,0,3.476418046167496,4,AI-GENERATED
127,4,0,36.463370253274434,44,SUSPICIOUS
160,3,2,68.28033575950386,37,SUSPICIOUS
2525,0,0,0.678768488993175,1,AI-GENERATED
132,1,0,47.032694747990156,34,SUSPICIOUS
134,0,2,82.55317890808408,37,SUSPICIOUS
146,4,2,67.29950163116631,34,SUSPICIOUS
2754,0,0,0.6678655102108936,1,AI-GENERATED
146,3,0,34.79603781927692,17,SUSPICIOUS
4186,0,0,0.743069146429729,4,AI-GENERATED
462,0,0,1.7341870713706569,4,AI-GENERATED
131,3,0,47.50528653922346,32,SUSPICIOUS
123,3,0,46.43958506001699,28,SUSPICIOUS
4568,0,0,1.6641020142540623,1,AI-GENERATED
114,4,2,34.073307855775795,17,SUSPICIOUS
3735,0,0,2.75883216949613,1,AI-GENERATED
3346,0,0,1.1352164916119278,4,AI-GENERATED
161,2,2,42.62087909672974,38,SUSPICIOUS
931,0,0,0.9593270368056094,1,AI-GENERATED
470,0,0,1.8917105114400279,3,AI-GENERATED
151,4,1,51.984407851844374,43,SUSPICIOUS
138,1,2,39.86390736256004,16,SUSPICIOUS
178,0,1,23.591735095691607,44,SUSPICIOUS
131,2,2,46.105330078617364,42,SUSPICIOUS
139,3,2,43.35406594471222,32,SUSPICIOUS
4256,0,0,3.041238797060959,1,AI-GENERATED
1391,0,0,2.334402658292664,1,AI-GENERATED
473,0,0,1.0764353375496936,3,AI-GENERATED
2531,0,0,1.9910237716349177,2,AI-GENERATED
2943,0,0,2.2035761018365703,3,AI-GENERATED
138,0,2,48.47578543712817,18,SUSPICIOUS
2077,0,0,0.7100280037260964,2,AI-GENERATED
3043,0,0,1.1679853299671927,3,AI-GENERATED
2577,0,0,3.170000772164987,2,AI-GENERATED
2325,0,0,1.3627552300611476,3,AI-GENERATED
1107,0,0,0.764106301955439,1,AI-GENERATED
143,1,2,76.37189980979356,12,SUSPICIOUS
144,1,0,56.947428584016436,30,SUSPICIOUS
1707,0,0,0.4015222908748429,3,AI-GENERATED
115,4,0,38.34451757970169,10,SUSPICIOUS
139,2,0,23.29950035007569,42,SUSPICIOUS
165,2,0,63.25453573675422,14,SUSPICIOUS
170,3,0,63.01221506108171,26,SUSPICIOUS
2507,0,0,2.248542179076068,1,AI-GENERATED
166,2,1,44.10394135013515,43,SUSPICIOUS
166,1,2,77.36702716365141,35,SUSPICIOUS
120,4,1,57.22633684713459,14,SUSPICIOUS
3046,0,0,0.4304581046351601,1,AI-GENERATED
143,2,2,39.77583154043863,37,SUSPICIOUS
1028,0,0,2.56854828411592,2,AI-GENERATED
136,3,1,44.21980153140642,17,SUSPICIOUS
150,0,1,33.85576974760263,28,SUSPICIOUS
152,3,1,32.85584833374019,13,SUSPICIOUS
158,1,1,56.237688854216834,22,SUSPICIOUS
112,4,0,42.05384064307349,13,SUSPICIOUS
3246,0,0,1.4535029150060477,4,AI-GENERATED
137,1,1,20.359302475428017,24,SUSPICIOUS
138,2,1,57.28739608488574,11,SUSPICIOUS
157,3,2,43.06000560816637,13,SUSPICIOUS
2199,0,0,2.7743111234876716,3,AI-GENERATED
3120,0,0,1.356810784382635,4,AI-GENERATED
4764,0,0,2.91215504588979,1,AI-GENERATED
1064,0,0,1.2081131011407251,3,AI-GENERATED
1353,0,0,0.43026645433105715,3,AI-GENERATED
1160,0,0,0.34442436189529646,4,AI-GENERATED
812,0,0,0.9741943511447488,3,AI-GENERATED
160,3,1,44.4626749584645,37,SUSPICIOUS
4080,0,0,3.3327849744467777,3,AI-GENERATED
1060,0,0,2.074361315110796,2,AI-GENERATED
750,0,0,1.9863104606796547,1,AI-GENERATED
143,0,0,57.96439039567751,27,SUSPICIOUS
153,3,1,33.10465824659255,35,SUSPICIOUS
164,4,1,39.44552770989033,29,SUSPICIOUS
162,1,0,52.175046394368195,22,SUSPICIOUS
139,4,2,25.63300747741324,43,SUSPICIOUS
2895,0,0,1.2429120488371055,1,AI-GENERATED
4809,0,0,2.2353394240654034,1,AI-GENERATED
143,0,2,29.167314388974606,21,SUSPICIOUS
3147,0,0,3.003610404561366,1,AI-GENERATED
2463,0,0,3.3744365325234518,3,AI-GENERATED
2173,0,0,1.8044441323269436,3,AI-GENERATED
131,2,0,54.23687614568722,40,SUSPICIOUS
117,4,1,44.00707479764284,38,SUSPICIOUS
2252,0,0,2.5860869752844087,3,AI-GENERATED
3845,0,0,0.8633222948374364,3,AI-GENERATED
1601,0,0,1.5588848980211103,1,AI-GENERATED
906,0,0,1.9899891765032638,2,AI-GENERATED
2921,0,0,0.8801187907603263,4,AI-GENERATED
2292,0,0,1.8080483567276529,3,AI-GENERATED
3645,0,0,0.8301594965057103,4,AI-GENERATED
1681,0,0,1.221037605882734,2,AI-GENERATED
3699,0,0,0.5679599583509362,4,AI-GENERATED
2194,0,0,1.4098017400828153,1,AI-GENERATED
160,2,0,57.2470197893616,39,SUSPICIOUS
4770,0,0,0.7489961167203097,2,AI-GENERATED
4477,0,0,0.7174092452183907,1,AI-GENERATED
2902,0,0,2.929426194937348,3,AI-GENERATED
158,0,0,50.55719683011091,11,SUSPICIOUS
3648,0,0,2.5384929874294313,3,AI-GENERATED
3637,0,0,0.6012098176462273,4,AI-GENERATED
131,4,1,73.60827090113185,34,SUSPICIOUS
146,2,1,33.19814695424313,20,SUSPICIOUS
3879,0,0,0.6943552768808823,4,AI-GENERATED
188,2,2,69.13774098014012,19,SUSPICIOUS
2888,0,0,0.7636297425673246,1,AI-GENERATED
179,0,0,24.782240218753763,21,SUSPICIOUS
127,4,0,58.008168480634794,19,SUSPICIOUS
4644,0,0,1.2979294796435767,1,AI-GENERATED
4327,0,0,1.0410674791953698,1,AI-GENERATED
112,4,0,41.9392919924391,38,SUSPICIOUS
130,4,0,48.061696613070396,21,SUSPICIOUS
137,0,2,77.70473724175541,35,SUSPICIOUS
4077,0,0,0.20326518438099356,4,AI-GENERATED
153,4,2,47.21774375027966,13,SUSPICIOUS
1000,0,0,2.120558429935887,3,AI-GENERATED
595,0,0,0.6530776203242601,3,AI-GENERATED
127,0,0,52.67341539059334,44,SUSPICIOUS
840,0,0,3.2243788847909296,3,AI-GENERATED
649,0,0,1.7873478010207258,4,AI-GENERATED
2026,0,0,2.0362361317712225,4,AI-GENERATED
931,0,0,3.4808597621991213,4,AI-GENERATED
142,2,1,48.26161158601394,31,SUSPICIOUS
158,1,1,44.078661605288886,36,SUSPICIOUS
758,0,0,0.831400051188562,3,AI-GENERATED
4675,0,0,1.698828961056896,3,AI-GENERATED
4683,0,0,1.2536660743682662,4,AI-GENERATED
1047,0,0,2.7238830824831086,4,AI-GENERATED
1843,0,0,2.1577218340271913,2,AI-GENERATED
4882,0,0,0.8593576645800801,4,AI-GENERATED
1125,0,0,3.363036940275918,3,AI-GENERATED
125,2,2,54.47855496145928,16,SUSPICIOUS
1700,0,0,2.4226988251011874,2,AI-GENERATED
3064,0,0,0.9488232466688854,2,AI-GENERATED
4725,0,0,3.4233014620133653,1,AI-GENERATED
3311,0,0,2.2968931787844604,1,AI-GENERATED
2692,0,0,2.062275603085393,3,AI-GENERATED
131,3,1,65.78040624102391,14,SUSPICIOUS
125,3,2,47.472237521097014,30,SUSPICIOUS
2867,0,0,2.867312713287887,3,AI-GENERATED
2217,0,0,1.8912447470449814,1,AI-GENERATED
4088,0,0,0.6401126047725869,2,AI-GENERATED
2345,0,0,1.5058969671673998,1,AI-GENERATED
701,0,0,3.4200886686189924,1,AI-GENERATED
3035,0,0,2.6506780487248736,3,AI-GENERATED
158,1,2,46.645671563000995,27,SUSPICIOUS
960,0,0,2.5851690960111506,2,AI-GENERATED
830,0,0,0.5663024231443811,2,AI-GENERATED
125,2,1,50.80975623966732,10,SUSPICIOUS
3698,0,0,1.3834537773023525,1,AI-GENERATED
3334,0,0,2.0876508499711135,3,AI-GENERATED
160,4,0,35.342960248454304,34,SUSPICIOUS
114,1,0,37.0758224510821,28,SUSPICIOUS
146,4,2,38.61392078762346,24,SUSPICIOUS
113,1,2,35.336925324851784,34,SUSPICIOUS
124,2,0,23.62306654400117,30,SUSPICIOUS
1376,0,0,2.3313334155549548,3,AI-GENERATED
3312,0,0,2.6240352321913187,1,AI-GENERATED
138,0,0,48.58248815013892,44,SUSPICIOUS
131,2,2,36.44046539025806,14,SUSPICIOUS
3465,0,0,2.8381607546615313,2,AI-GENERATED
4587,0,0,2.5075359773571932,1,AI-GENERATED
4412,0,0,0.9839499701077049,4,AI-GENERATED
166,2,0,74.64658912569645,32,SUSPICIOUS
1151,0,0,2.069549690968836,4,AI-GENERATED
1450,0,0,2.726006272203693,1,AI-GENERATED
4175,0,0,0.7269354369065091,1,AI-GENERATED
170,3,0,38.65191974257239,37,SUSPICIOUS
3759,0,0,0.740092842926594,1,AI-GENERATED
105,2,2,45.410132594477645,11,SUSPICIOUS
157,0,1,40.496728916768035,22,SUSPICIOUS
153,2,0,47.408834773745625,28,SUSPICIOUS
112,4,2,55.29188941823645,43,SUSPICIOUS
170,4,1,54.40674930559032,34,SUSPICIOUS
1709,0,0,0.4423814697185101,3,AI-GENERATED
152,3,1,36.21190562382883,39,SUSPICIOUS
137,2,0,35.116049927313426,28,SUSPICIOUS
1157,0,0,0.22044851517114178,3,AI-GENERATED
1843,0,0,2.581224135736406,3,AI-GENERATED
615,0,0,2.5516083626174897,4,AI-GENERATED
807,0,0,2.566082101193237,3,AI-GENERATED
164,2,0,41.501153180764774,24,SUSPICIOUS
138,3,1,51.50648275001816,43,SUSPICIOUS
2338,0,0,3.1857860019346327,1,AI-GENERATED
158,2,0,58.139979316787894,37,SUSPICIOUS
2429,0,0,1.5899396079457844,1,AI-GENERATED
3700,0,0,1.5930201424568802,1,AI-GENERATED
160,3,0,27.576937206090342,33,SUSPICIOUS
126,4,2,39.026921674790835,30,SUSPICIOUS
176,1,1,34.818738676611545,33,SUSPICIOUS
2954,0,0,3.283638784067344,2,AI-GENERATED
4734,0,0,0.3997661040297086,2,AI-GENERATED
2893,0,0,1.044674756757633,3,AI-GENERATED
764,0,0,0.41786728708168086,1,AI-GENERATED
149,2,2,55.76430515513486,10,SUSPICIOUS
2317,0,0,0.18984756833939104,4,AI-GENERATED
149,3,2,49.90798266982772,37,SUSPICIOUS
149,3,1,50.49023307934762,37,SUSPICIOUS
4654,0,0,1.8983677487399018,2,AI-GENERATED
158,2,2,31.27138401333059,14,SUSPICIOUS
130,0,1,54.58071400031649,27,SUSPICIOUS
664,0,0,0.6056138069247032,3,AI-GENERATED
143,2,1,45.356016386127536,16,SUSPICIOUS
131,2,0,22.458472929433558,34,SUSPICIOUS
1956,0,0,0.977546672577074,2,AI-GENERATED
134,2,2,19.960056935917425,13,SUSPICIOUS
1218,0,0,2.165775038644137,4,AI-GENERATED
4964,0,0,3.2756427470387908,1,AI-GENERATED
150,0,0,61.901901324047785,24,SUSPICIOUS
3690,0,0,3.054604104246624,4,AI-GENERATED
4873,0,0,0.9966722846710119,4,AI-GENERATED
151,1,1,61.514248425484666,41,SUSPICIOUS
2888,0,0,2.1221477311726855,1,AI-GENERATED
118,3,2,35.158233628302895,35,SUSPICIOUS
1710,0,0,3.1414525381650003,2,AI-GENERATED
122,0,0,35.1445061845952,14,SUSPICIOUS
1899,0,0,1.4592440617154918,2,AI-GENERATED
2585,0,0,2.991431706624636,1,AI-GENERATED
90,4,0,44.43314473211945,39,SUSPICIOUS
178,2,0,34.027700278279106,33,SUSPICIOUS
130,0,0,35.81000432463864,28,SUSPICIOUS
113,4,1,45.10249855602051,25,SUSPICIOUS
2305,0,0,0.18812348056966266,2,AI-GENERATED
133,1,2,57.35859408200463,34,SUSPICIOUS
137,3,0,46.725937734235636,36,SUSPICIOUS
122,2,0,56.57838611201923,40,SUSPICIOUS
2523,0,0,1.3093596842746364,3,AI-GENERATED
935,0,0,0.23231659578374542,2,AI-GENERATED
3801,0,0,1.211774294129837,3,AI-GENERATED
3586,0,0,3.2633226793315626,1,AI-GENERATED
1067,0,0,2.7671714214621987,3,AI-GENERATED
2501,0,0,1.5967904721784798,2,AI-GENERATED
192,4,0,36.85974238445617,39,SUSPICIOUS
4844,0,0,0.8676603229639734,4,AI-GENERATED
115,3,1,61.451922717685406,12,SUSPICIOUS
4678,0,0,0.8173219975115379,3,AI-GENERATED
3822,0,0,1.2320655188633707,4,AI-GENERATED
921,0,0,1.9485047487723808,4,AI-GENERATED
4463,0,0,2.6226455404000033,1,AI-GENERATED
158,4,1,50.157044678845885,20,SUSPICIOUS
1073,0,0,1.5583320275668149,1,AI-GENERATED
2229,0,0,3.210189399111825,4,AI-GENERATED
1852,0,0,2.354800519853729,4,AI-GENERATED
3184,0,0,1.0451629950984658,2,AI-GENERATED
151,1,2,32.37656562797388,16,SUSPICIOUS
141,2,2,67.62561170045055,37,SUSPICIOUS
2290,0,0,0.23803126715908762,4,AI-GENERATED
2564,0,0,2.9165189185046656,4,AI-GENERATED
3930,0,0,3.3073227070546958,2,AI-GENERATED
2660,0,0,1.8610588849097187,3,AI-GENERATED
138,2,1,38.12634650020194,21,SUSPICIOUS
140,0,1,46.776140170679994,18,SUSPICIOUS
106,0,1,37.455515936111055,33,SUSPICIOUS
695,0,0,3.467256623986736,2,AI-GENERATED
125,0,0,43.626449925527375,42,SUSPICIOUS
2259,0,0,2.348617775459923,4,AI-GENERATED
2466,0,0,1.0237473729093378,1,AI-GENERATED
3105,0,0,0.4809864637338179,2,AI-GENERATED
143,0,2,57.28781436693411,12,SUSPICIOUS
2051,0,0,0.5394688010103007,3,AI-GENERATED
158,3,2,53.14492072403482,13,SUSPICIOUS
158,2,2,24.91126621555064,25,SUSPICIOUS
179,3,2,40.34559551521038,39,SUSPICIOUS
136,2,2,48.377453561193114,30,SUSPICIOUS
150,2,0,36.298630600982946,27,SUSPICIOUS
4288,0,0,1.9040096816893277,4,AI-GENERATED
150,2,2,62.13524087192734,26,SUSPICIOUS
768,0,0,2.2298224054496387,2,AI-GENERATED
3970,0,0,1.2256518566919516,4,AI-GENERATED
1760,0,0,0.3704285169170598,4,AI-GENERATED
122,4,1,70.30921279944452,39,SUSPICIOUS
111,0,0,93.76665267605259,33,SUSPICIOUS
141,4,2,35.20469594235183,19,SUSPICIOUS
805,0,0,0.9580980610368072,1,AI-GENERATED
2825,0,0,0.25414459116817967,2,AI-GENERATED
3087,0,0,3.2636868621279618,4,AI-GENERATED
1538,0,0,0.9831922964923301,1,AI-GENERATED
173,2,0,58.21284583078422,38,SUSPICIOUS
768,0,0,1.726392294432026,4,AI-GENERATED
122,0,0,53.96140151444247,13,SUSPICIOUS
137,0,1,66.25604296463695,38,SUSPICIOUS
117,0,2,53.18258764153137,34,SUSPICIOUS
135,2,1,46.15006921415634,44,SUSPICIOUS
148,2,2,54.42993983784184,19,SUSPICIOUS
144,4,0,43.08248939359689,20,SUSPICIOUS
158,1,0,34.74951597015322,24,SUSPICIOUS
126,2,1,44.527597281005505,38,SUSPICIOUS
148,1,1,56.96690830554046,12,SUSPICIOUS
814,0,0,2.0893666499060997,4,AI-GENERATED
87,4,0,33.83921984208605,24,SUSPICIOUS
3137,0,0,0.29225641732909646,1,AI-GENERATED
134,3,0,33.5034570092089,22,SUSPICIOUS
164,0,1,53.76761207699978,18,SUSPICIOUS
3577,0,0,3.1209413267351866,2,AI-GENERATED
164,3,2,36.45521766497005,12,SUSPICIOUS
144,3,0,47.830268644063295,44,SUSPICIOUS
1477,0,0,3.163707570023937,4,AI-GENERATED
3268,0,0,0.18198612695262076,3,AI-GENERATED
2954,0,0,2.291574407698543,4,AI-GENERATED
1351,0,0,2.986514367964643,4,AI-GENERATED
3676,0,0,0.9361898597055507,3,AI-GENERATED
163,4,0,24.948265515666755,13,SUSPICIOUS
167,3,0,48.0883731811177,14,SUSPICIOUS
139,1,2,53.512267154279094,21,SUSPICIOUS
4054,0,0,0.6773171335290162,2,AI-GENERATED
3336,0,0,0.3143047637935488,1,AI-GENERATED
144,0,0,50.50847548950451,31,SUSPICIOUS
153,0,1,37.64770390752282,35,SUSPICIOUS
4200,0,0,0.3822920768232526,2,AI-GENERATED
632,0,0,2.049545417988779,2,AI-GENERATED
917,0,0,1.6692536591156537,2,AI-GENERATED
4266,0,0,0.4726323521578736,4,AI-GENERATED
115,1,1,49.78616418637534,22,SUSPICIOUS
113,3,1,41.418099904622586,22,SUSPICIOUS
4324,0,0,0.7034246544929503,3,AI-GENERATED
3570,0,0,2.89285189383043,4,AI-GENERATED
4459,0,0,1.5117441128611726,4,AI-GENERATED
148,1,2,55.61458051261056,35,SUSPICIOUS
143,4,0,49.918035169619685,30,SUSPICIOUS
149,1,0,12.284459433167214,44,SUSPICIOUS
121,2,2,70.0149373728838,15,SUSPICIOUS
4738,0,0,0.802771107966547,3,AI-GENERATED
137,1,0,48.45538107249532,16,SUSPICIOUS
122,3,1,26.314674589003044,40,SUSPICIOUS
128,2,0,40.47604037517324,41,SUSPICIOUS
116,2,1,54.841272507004156,18,SUSPICIOUS
136,4,2,59.49720693908379,33,SUSPICIOUS
4644,0,0,3.496602443136307,2,AI-GENERATED
170,2,2,28.99049405886946,20,SUSPICIOUS
3248,0,0,1.1560461201267191,1,AI-GENERATED
128,2,2,52.24480467984223,19,SUSPICIOUS
105,4,1,59.23825615875215,28,SUSPICIOUS
133,0,1,52.224255804686116,14,SUSPICIOUS
3481,0,0,0.48495058827731796,1,AI-GENERATED
3826,0,0,0.6593558321432056,1,AI-GENERATED
930,0,0,1.8573994081754759,3,AI-GENERATED
109,4,0,50.47490534760826,15,SUSPICIOUS
173,2,0,50.10444905056558,18,SUSPICIOUS
129,2,2,49.12666047603646,36,SUSPICIOUS
116,2,0,55.56639684470082,14,SUSPICIOUS
135,2,0,58.07154947373933,30,SUSPICIOUS
133,1,1,41.709607763748636,42,SUSPICIOUS
600,0,0,0.6902209258436479,2,AI-GENERATED
863,0,0,2.7223873965615324,3,AI-GENERATED
1578,0,0,0.709505861228984,1,AI-GENERATED
182,0,0,32.51694353979029,40,SUSPICIOUS
2126,0,0,1.6408224601548138,4,AI-GENERATED
117,4,1,63.53467888448905,39,SUSPICIOUS
2204,0,0,1.263638860816399,4,AI-GENERATED
143,4,1,34.702255505560395,10,SUSPICIOUS
134,2,2,16.471927870763395,12,SUSPICIOUS
3178,0,0,2.4390582660517577,3,AI-GENERATED
2932,0,0,2.6510934974129974,4,AI-GENERATED
2968,0,0,1.6329578282925088,3,AI-GENERATED
129,1,2,65.68327006715512,22,SUSPICIOUS
116,0,1,18.708862536892344,13,SUSPICIOUS
151,1,0,42.709667440374325,30,SUSPICIOUS
173,1,1,27.831381640470497,28,SUSPICIOUS
2807,0,0,1.2396151552673633,2,AI-GENERATED
4272,0,0,0.4165124094926319,2,AI-GENERATED
136,2,0,49.32004211343056,26,SUSPICIOUS
133,1,1,50.7697700357129,19,SUSPICIOUS
3154,0,0,0.4665236742908483,1,AI-GENERATED
100,3,0,30.667261580124382,18,SUSPICIOUS
4189,0,0,0.28497579349246394,2,AI-GENERATED
129,3,2,36.780707573879035,24,SUSPICIOUS
1190,0,0,3.1795741140178713,2,AI-GENERATED
4203,0,0,0.36441554378554186,3,AI-GENERATED
102,2,0,17.782552724351042,27,SUSPICIOUS
145,2,0,49.55154997355141,18,SUSPICIOUS
2535,0,0,1.7496346580266418,2,AI-GENERATED
145,1,2,53.19006034930388,33,SUSPICIOUS
1246,0,0,1.6802832160554306,1,AI-GENERATED
4320,0,0,0.365721815599676,3,AI-GENERATED
100,0,1,19.638334915833287,41,SUSPICIOUS
653,0,0,1.3054238714756996,3,AI-GENERATED
4005,0,0,1.824649982864823,4,AI-GENERATED
3137,0,0,2.4757149427154883,4,AI-GENERATED
4388,0,0,1.9327267658639362,2,AI-GENERATED
128,2,2,75.64425330795244,24,SUSPICIOUS
122,3,0,33.09816764570846,14,SUSPICIOUS
133,0,0,31.45753044019019,43,SUSPICIOUS
124,0,2,24.970580944564865,38,SUSPICIOUS
3874,0,0,2.5863786373079503,1,AI-GENERATED
161,1,0,26.658998223227258,21,SUSPICIOUS
4200,0,0,3.4190711192144914,4,AI-GENERATED
588,0,0,1.4469578972608992,2,AI-GENERATED
146,3,0,48.26618257859912,26,SUSPICIOUS
609,0,0,1.615400348240494,3,AI-GENERATED
140,4,1,19.93482617767967,41,SUSPICIOUS
2989,0,0,1.0759889991623799,2,AI-GENERATED
4950,0,0,3.2650124561170895,1,AI-GENERATED
188,0,2,27.08406841408642,26,SUSPICIOUS
4401,0,0,0.9852069568442896,2,AI-GENERATED
161,1,1,45.629174500169086,12,SUSPICIOUS
808,0,0,2.811605564472618,2,AI-GENERATED
126,3,2,34.56769958106591,37,SUSPICIOUS
130,1,0,66.56603357068754,43,SUSPICIOUS
3525,0,0,0.8076885291886327,1,AI-GENERATED
2357,0,0,3.1647787952765696,4,AI-GENERATED
154,3,2,48.23380758612484,17,SUSPICIOUS
1990,0,0,2.86092844126711,3,AI-GENERATED
2681,0,0,2.10084392783712,1,AI-GENERATED
1216,0,0,1.8475902549471843,2,AI-GENERATED
95,0,1,52.766081986292626,42,SUSPICIOUS
144,3,1,37.57148337145317,15,SUSPICIOUS
145,2,1,43.79284845766824,18,SUSPICIOUS
2472,0,0,2.7786771429241885,3,AI-GENERATED
1069,0,0,1.9099914964686389,3,AI-GENERATED
151,4,2,54.84507527460146,26,SUSPICIOUS
4694,0,0,0.8320416377555481,1,AI-GENERATED
140,2,1,49.005249671032786,23,SUSPICIOUS
135,3,0,41.85381252068056,32,SUSPICIOUS
2906,0,0,2.86970802216582,2,AI-GENERATED
3544,0,0,0.19233127627325075,3,AI-GENERATED
130,1,2,51.662313633643194,30,SUSPICIOUS
137,1,2,63.43242839549153,33,SUSPICIOUS
781,0,0,2.6005141099347373,3,AI-GENERATED
3483,0,0,1.9165341081817104,1,AI-GENERATED
134,3,1,47.01643854086109,26,SUSPICIOUS
802,0,0,2.377329500783698,3,AI-GENERATED
127,4,1,9.295925088751211,28,SUSPICIOUS
2195,0,0,3.3086976494178106,4,AI-GENERATED
145,1,0,40.2547687251111,43,SUSPICIOUS
172,4,1,28.499822891907012,19,SUSPICIOUS
146,2,1,36.90617393041603,26,SUSPICIOUS
141,4,0,69.45875748785735,24,SUSPICIOUS
128,1,2,37.23936390739999,40,SUSPICIOUS
117,0,1,57.14896094947446,33,SUSPICIOUS
543,0,0,3.1595085574699735,2,AI-GENERATED
3042,0,0,2.1589830428881727,4,AI-GENERATED
3375,0,0,3.0052636409682605,2,AI-GENERATED
143,2,0,63.21415591589856,32,SUSPICIOUS
143,0,0,45.750441898680236,36,SUSPICIOUS
1613,0,0,0.9870505786896641,2,AI-GENERATED
107,1,1,43.275403357778515,37,SUSPICIOUS
104,0,0,54.58957541548135,21,SUSPICIOUS
139,0,0,52.483836433731334,17,SUSPICIOUS
137,2,2,64.33820942205367,23,SUSPICIOUS
131,0,0,39.28793117712677,23,SUSPICIOUS
3638,0,0,1.7414167794274014,4,AI-GENERATED
4300,0,0,2.8372627229226812,2,AI-GENERATED
160,3,0,18.43679477249688,37,SUSPICIOUS
124,4,0,46.15325494882337,19,SUSPICIOUS
138,2,1,53.83055403997132,17,SUSPICIOUS
1797,0,0,3.015287393061885,3,AI-GENERATED
137,2,2,79.56516088788932,22,SUSPICIOUS
4919,0,0,2.312248631453958,4,AI-GENERATED
4119,0,0,3.152818355857651,2,AI-GENERATED
443,0,0,2.6551508831109816,1,AI-GENERATED
1527,0,0,0.4889160740396268,1,AI-GENERATED
4180,0,0,0.17907801846254617,4,AI-GENERATED
164,1,1,51.42411826388897,17,SUSPICIOUS
4444,0,0,2.887253127731164,4,AI-GENERATED
2217,0,0,3.199961143715689,2,AI-GENERATED
1805,0,0,0.20006896999617066,2,AI-GENERATED
160,2,1,28.54162572566161,39,SUSPICIOUS
4218,0,0,1.303949300574386,1,AI-GENERATED
119,3,0,46.90244499158056,10,SUSPICIOUS
119,2,2,49.17521031594957,12,SUSPICIOUS
123,2,0,50.0022176582751,29,SUSPICIOUS
118,3,1,41.43709962341466,17,SUSPICIOUS
126,3,1,39.20811813430094,21,SUSPICIOUS
112,4,1,52.07890914988201,32,SUSPICIOUS
143,3,0,26.284567548917014,26,SUSPICIOUS
142,1,0,53.268631308064286,43,SUSPICIOUS
3347,0,0,1.930119908846383,4,AI-GENERATED
2824,0,0,0.7709724466954329,4,AI-GENERATED
147,4,2,30.874230899375405,39,SUSPICIOUS
126,3,0,46.217195633399456,29,SUSPICIOUS
161,1,2,64.13079474205978,10,SUSPICIOUS
3190,0,0,0.4581446705989387,1,AI-GENERATED
133,2,2,68.92191877623199,15,SUSPICIOUS
964,0,0,3.3877444816391824,1,AI-GENERATED
156,3,0,49.24734078188107,17,SUSPICIOUS
148,0,1,66.35460814965637,34,SUSPICIOUS
154,2,1,45.13382938661357,32,SUSPICIOUS
3655,0,0,0.6597861707682483,4,AI-GENERATED
119,1,1,60.72088409227781,20,SUSPICIOUS
135,4,1,70.95928196423773,15,SUSPICIOUS
140,1,1,56.271743157717836,30,SUSPICIOUS
1753,0,0,0.7956064030931029,2,AI-GENERATED
1480,0,0,1.882066284787028,3,AI-GENERATED
139,2,1,35.96319892506538,41,SUSPICIOUS
3531,0,0,0.6282326911595985,3,AI-GENERATED
1043,0,0,3.080593533732068,4,AI-GENERATED
141,2,0,41.41578107748156,36,SUSPICIOUS
165,2,2,61.830849290089674,15,SUSPICIOUS
2414,0,0,1.6550149314292693,4,AI-GENERATED
2872,0,0,2.8528930926727494,3,AI-GENERATED
1843,0,0,0.1483151348724359,3,AI-GENERATED
165,0,1,49.159113957737475,41,SUSPICIOUS
141,0,1,43.929740672263506,42,SUSPICIOUS
1504,0,0,2.237290400776399,4,AI-GENERATED
141,0,1,68.38431510399275,38,SUSPICIOUS
4178,0,0,0.5539349798417454,4,AI-GENERATED
147,1,0,55.08046352932903,17,SUSPICIOUS
139,3,2,35.81525581150124,32,SUSPICIOUS
1371,0,0,0.9286801402534842,2,AI-GENERATED
100,3,2,48.013842604959926,38,SUSPICIOUS
118,0,2,44.65110962710653,20,SUSPICIOUS
147,4,2,58.071275486789496,37,SUSPICIOUS
4401,0,0,3.3727342796442805,4,AI-GENERATED
4625,0,0,0.4026335538136645,3,AI-GENERATED
2054,0,0,3.1175407358928426,4,AI-GENERATED
3526,0,0,1.2250116016202965,4,AI-GENERATED
144,1,1,26.385522249766492,13,SUSPICIOUS
177,2,2,61.25745397960202,38,SUSPICIOUS
2487,0,0,3.306808599703129,4,AI-GENERATED
132,1,2,62.169140239556945,41,SUSPICIOUS
152,3,0,32.7114900768657,19,SUSPICIOUS
4523,0,0,0.48088330622934605,2,AI-GENERATED
4623,0,0,0.22997116943444665,1,AI-GENERATED
463,0,0,1.4934022101176816,1,AI-GENERATED
4825,0,0,0.133362712164716,1,AI-GENERATED
4257,0,0,0.963091798203227,2,AI-GENERATED
4929,0,0,2.8735171919834746,1,AI-GENERATED
117,2,0,46.32984269707168,43,SUSPICIOUS
138,4,0,75.17390124933485,10,SUSPICIOUS
118,3,1,47.4341089748445,44,SUSPICIOUS
152,4,1,42.772253521243506,28,SUSPICIOUS
132,2,0,66.4300710950291,43,SUSPICIOUS
3455,0,0,1.1792134497654299,1,AI-GENERATED
130,2,0,65.1863598286718,11,SUSPICIOUS
156,4,2,54.81770427438405,36,SUSPICIOUS
3424,0,0,3.0704355866842894,2,AI-GENERATED
3332,0,0,1.1213832118295741,1,AI-GENERATED
156,4,2,56.0306900926032,44,SUSPICIOUS
154,3,2,14.628317484454346,20,SUSPICIOUS
136,3,1,67.38755043289135,23,SUSPICIOUS
160,2,0,54.26021085638144,28,SUSPICIOUS
3436,0,0,2.7387341009795043,2,AI-GENERATED
1357,0,0,2.6085711230685633,4,AI-GENERATED
740,0,0,1.8244556291255944,3,AI-GENERATED
4347,0,0,0.9486801965428435,4,AI-GENERATED
110,4,1,66.35679162003733,33,SUSPICIOUS
1140,0,0,0.1934502729794328,1,AI-GENERATED
1337,0,0,1.6561743571643166,4,AI-GENERATED
153,4,2,32.557288226321326,10,SUSPICIOUS
2618,0,0,0.8870665910154879,2,AI-GENERATED
133,1,1,50.030998192027965,15,SUSPICIOUS
2285,0,0,3.487040871154408,3,AI-GENERATED
110,4,0,53.13176105903074,34,SUSPICIOUS
1645,0,0,1.917624795483156,1,AI-GENERATED
551,0,0,2.102298465304481,4,AI-GENERATED
163,1,0,29.232798814680393,38,SUSPICIOUS
1098,0,0,2.2148942226702073,2,AI-GENERATED
2927,0,0,0.22523900139907888,4,AI-GENERATED
2806,0,0,1.0716223537189236,4,AI-GENERATED
609,0,0,2.7017286947094017,3,AI-GENERATED
160,0,1,50.12334094178102,27,SUSPICIOUS
115,0,1,26.60005124225337,27,SUSPICIOUS
105,3,2,57.62167889455668,43,SUSPICIOUS
2836,0,0,1.112403445990502,2,AI-GENERATED
1453,0,0,2.945889142896245,3,AI-GENERATED
4796,0,0,0.2265264291832487,1,AI-GENERATED
1983,0,0,0.9066073625083865,3,AI-GENERATED
144,3,0,35.45727405847986,23,SUSPICIOUS
2612,0,0,2.529168906247422,4,AI-GENERATED
155,0,1,46.92162465579706,35,SUSPICIOUS
148,3,1,50.32985707082697,10,SUSPICIOUS
156,4,0,40.416984750446595,28,SUSPICIOUS
4998,0,0,0.9432777802841851,4,AI-GENERATED
144,1,0,21.85644692160599,16,SUSPICIOUS
135,1,2,44.35011074939109,33,SUSPICIOUS
2782,0,0,0.16789842292095808,1,AI-GENERATED
3720,0,0,0.5523176865844128,1,AI-GENERATED
2583,0,0,1.1026871168453038,4,AI-GENERATED
139,2,2,35.11197563850347,14,SUSPICIOUS
97,3,1,58.382538907722115,15,SUSPICIOUS
2897,0,0,2.8595921092457046,1,AI-GENERATED
3971,0,0,3.344433208591826,4,AI-GENERATED
176,0,0,53.425266961034055,33,SUSPICIOUS
125,0,0,55.596176966216134,33,SUSPICIOUS
152,0,2,63.0975075237198,28,SUSPICIOUS
113,2,1,36.5569725881475,21,SUSPICIOUS
137,1,2,24.215552815967364,16,SUSPICIOUS
4790,0,0,1.0589797383380692,2,AI-GENERATED
107,2,0,57.71015289003194,36,SUSPICIOUS
1105,0,0,2.3076672728762953,4,AI-GENERATED
150,3,0,45.88313746284991,26,SUSPICIOUS
3728,0,0,0.14153365001837537,1,AI-GENERATED
2042,0,0,1.247940358321532,3,AI-GENERATED
3092,0,0,2.260631142983599,1,AI-GENERATED
156,0,2,53.35901114113352,34,SUSPICIOUS
2884,0,0,2.893154568602542,4,AI-GENERATED
2009,0,0,0.32726388889645947,3,AI-GENERATED
3418,0,0,1.3455845466467455,2,AI-GENERATED
111,3,1,25.434318954735716,17,SUSPICIOUS
122,3,0,44.2724654678701,26,SUSPICIOUS
165,1,0,42.097257404753975,41,SUSPICIOUS
3583,0,0,3.242174883859137,4,AI-GENERATED
128,0,2,48.91451413957719,27,SUSPICIOUS
3961,0,0,2.0973095833355764,3,AI-GENERATED
172,4,0,44.84772015089489,29,SUSPICIOUS
156,2,0,54.36179989137769,29,SUSPICIOUS
4380,0,0,0.15024204418764436,1,AI-GENERATED
177,1,1,50.07937579172672,19,SUSPICIOUS
112,2,1,34.522512238646364,40,SUSPICIOUS
1891,0,0,1.3236713288134307,2,AI-GENERATED
1722,0,0,2.784315392706436,3,AI-GENERATED
100,3,2,13.770126658496512,32,SUSPICIOUS
176,0,0,55.59901402857494,18,SUSPICIOUS
126,4,1,47.58302097781694,19,SUSPICIOUS
2983,0,0,3.2124740711742077,3,AI-GENERATED
105,3,2,55.02365372604239,13,SUSPICIOUS
1326,0,0,0.522651514170609,1,AI-GENERATED
148,1,1,38.33982696399847,22,SUSPICIOUS
3420,0,0,2.0568489182586065,1,AI-GENERATED
1273,0,0,3.341635568690006,1,AI-GENERATED
4750,0,0,3.3907654116487134,3,AI-GENERATED
139,1,1,43.934565496018465,38,SUSPICIOUS
3871,0,0,2.3893399884695676,4,AI-GENERATED
134,3,1,49.63234859916494,19,SUSPICIOUS
1955,0,0,2.7362165306919675,1,AI-GENERATED
117,3,0,32.326654292086026,25,SUSPICIOUS
4758,0,0,3.220222675727911,1,AI-GENERATED
147,4,0,18.123381321802285,38,SUSPICIOUS
864,0,0,2.2466098798913228,1,AI-GENERATED
136,4,2,30.004607318233504,27,SUSPICIOUS
162,3,1,55.26696213873959,15,SUSPICIOUS
3018,0,0,2.557714092137492,3,AI-GENERATED
3726,0,0,1.5579092955226266,2,AI-GENERATED
105,0,2,82.88655854726224,16,SUSPICIOUS
169,1,1,48.248337724553636,26,SUSPICIOUS
151,2,1,54.20694568160368,32,SUSPICIOUS
2739,0,0,1.9897820353287858,4,AI-GENERATED
157,3,0,52.14653907242084,16,SUSPICIOUS
130,1,2,49.88174542947733,26,SUSPICIOUS
1944,0,0,2.6676470372981065,3,AI-GENERATED
3397,0,0,1.5070261139162087,4,AI-GENERATED
728,0,0,0.310221703951175,3,AI-GENERATED
4529,0,0,3.199884520594463,4,AI-GENERATED
4226,0,0,0.454261546432808,3,AI-GENERATED
3545,0,0,0.26019545303325964,4,AI-GENERATED
4829,0,0,1.9897712624779484,4,AI-GENERATED
126,4,2,60.51012166738573,14,SUSPICIOUS
3486,0,0,2.563725615956382,4,AI-GENERATED
135,4,1,74.8170597839826,35,SUSPICIOUS
2501,0,0,2.0822345204736323,4,AI-GENERATED
1315,0,0,1.5035663975743754,2,AI-GENERATED
3774,0,0,0.29188712903230607,1,AI-GENERATED
1781,0,0,3.4294022709538625,4,AI-GENERATED
185,4,2,40.51670273879221,14,SUSPICIOUS
4308,0,0,3.4705222267613647,3,AI-GENERATED
3236,0,0,1.1511099991030156,1,AI-GENERATED
170,2,2,35.357354295973984,25,SUSPICIOUS
146,3,0,48.295141697582174,41,SUSPICIOUS
3995,0,0,1.094556412188647,4,AI-GENERATED
154,4,0,41.69028355686786,36,SUSPICIOUS
127,3,2,61.84696740730439,33,SUSPICIOUS
148,1,0,65.34004458427464,26,SUSPICIOUS
146,1,2,26.48857390096528,10,SUSPICIOUS
110,0,1,47.8533128733571,33,SUSPICIOUS
154,4,1,18.904799973506176,13,SUSPICIOUS
145,1,1,50.81955126324035,38,SUSPICIOUS
1582,0,0,0.6918848517756053,3,AI-GENERATED
107,4,1,30.768779165587027,10,SUSPICIOUS
3748,0,0,1.0711606942747853,3,AI-GENERATED
137,0,0,45.44598030643171,31,SUSPICIOUS
1337,0,0,1.298080555430243,3,AI-GENERATED
1893,0,0,0.2184084653815144,1,AI-GENERATED
142,1,1,53.482576709526654,31,SUSPICIOUS
138,0,2,38.564738972085706,26,SUSPICIOUS
142,4,2,26.67942527395381,39,SUSPICIOUS
93,1,0,51.27850236493299,25,SUSPICIOUS
1568,0,0,0.8632305345670335,1,AI-GENERATED
118,0,0,39.695244045768916,17,SUSPICIOUS
123,1,0,42.04794313452882,17,SUSPICIOUS
160,4,1,62.482940216079385,32,SUSPICIOUS
151,0,0,33.58395100842732,28,SUSPICIOUS
109,0,2,48.94737900150313,13,SUSPICIOUS
4926,0,0,2.28107238192872,1,AI-GENERATED
3301,0,0,0.436798082107664,1,AI-GENERATED
734,0,0,2.0418541967484303,2,AI-GENERATED
585,0,0,1.9283712051821142,2,AI-GENERATED
176,4,0,63.10536548643182,24,SUSPICIOUS
104,1,2,55.58454945676948,26,SUSPICIOUS
1783,0,0,2.0900838920500875,1,AI-GENERATED
141,2,2,32.3571268470048,36,SUSPICIOUS
151,1,0,45.941874067390195,10,SUSPICIOUS
4405,0,0,1.452373213327643,3,AI-GENERATED
166,0,2,69.86077175786565,24,SUSPICIOUS
1347,0,0,2.613071291695041,3,AI-GENERATED
2997,0,0,1.39624615401939,4,AI-GENERATED
120,1,2,72.94030460455986,27,SUSPICIOUS
150,2,0,31.160243987935623,44,SUSPICIOUS
1295,0,0,2.0185559484366267,2,AI-GENERATED
161,3,2,40.13132511629753,39,SUSPICIOUS
4613,0,0,1.9331624924135613,3,AI-GENERATED
144,4,0,51.67804565364346,24,SUSPICIOUS
1364,0,0,1.6378560345408295,1,AI-GENERATED
135,4,0,48.48334357411359,24,SUSPICIOUS
4532,0,0,1.1471417506075985,3,AI-GENERATED
126,2,1,48.111294778219445,35,SUSPICIOUS
867,0,0,1.0058690857143453,4,AI-GENERATED
138,2,0,71.02649053969635,24,SUSPICIOUS
3250,0,0,2.473722953501426,2,AI-GENERATED
191,2,0,35.84160218531819,40,SUSPICIOUS
4013,0,0,1.8458899252192567,3,AI-GENERATED
2824,0,0,0.3083614501422319,4,AI-GENERATED
3690,0,0,2.027334618570222,3,AI-GENERATED
687,0,0,2.3494372142931903,1,AI-GENERATED
114,1,0,22.946095271216365,40,SUSPICIOUS
3211,0,0,2.7426104364103803,2,AI-GENERATED
136,2,2,63.94277325786361,33,SUSPICIOUS
137,2,2,46.9298866483226,38,SUSPICIOUS
146,3,2,68.12578621695813,34,SUSPICIOUS
145,4,1,28.95491971814162,14,SUSPICIOUS
3425,0,0,1.1260322841325578,4,AI-GENERATED
136,2,1,45.77056546389635,42,SUSPICIOUS
140,4,1,61.50412967414461,17,SUSPICIOUS
141,0,0,40.95249249142135,12,SUSPICIOUS
168,3,1,31.182980369528373,22,SUSPICIOUS
1570,0,0,3.374861433758235,4,AI-GENERATED
2608,0,0,2.3444286177976963,2,AI-GENERATED
154,1,2,38.10793906564284,41,SUSPICIOUS
174,0,2,54.26268872915031,44,SUSPICIOUS
2888,0,0,1.9851601040702056,1,AI-GENERATED
107,4,2,56.348595453316314,36,SUSPICIOUS
3468,0,0,3.36586240928394,1,AI-GENERATED
159,2,2,36.143715712310815,24,SUSPICIOUS
1435,0,0,2.4027080477373777,4,AI-GENERATED
155,2,1,21.742206143037418,13,SUSPICIOUS
3955,0,0,1.6169503240375447,1,AI-GENERATED
2601,0,0,0.7381217566554543,2,AI-GENERATED
151,2,0,38.434451417590175,35,SUSPICIOUS
415,0,0,1.2591285494936837,4,AI-GENERATED
146,2,2,70.0459371293419,14,SUSPICIOUS
171,4,2,37.01054895226923,32,SUSPICIOUS
121,2,0,40.65516748664121,24,SUSPICIOUS
117,4,1,45.215996551371106,20,SUSPICIOUS
3020,0,0,0.21881395531812114,3,AI-GENERATED
839,0,0,1.42147507130113,1,AI-GENERATED
1890,0,0,3.043835256703777,3,AI-GENERATED
134,1,1,33.51539714124628,12,SUSPICIOUS
4108,0,0,2.2867020957164232,1,AI-GENERATED
2817,0,0,1.6541968249520667,2,AI-GENERATED
133,1,1,53.448170733849615,36,SUSPICIOUS
118,3,1,9.550351070047633,15,SUSPICIOUS
1693,0,0,0.2634537091524056,3,AI-GENERATED
126,3,1,38.5863315840931,33,SUSPICIOUS
154,0,1,36.30593295888599,10,SUSPICIOUS
111,0,2,53.501568590913436,40,SUSPICIOUS
1426,0,0,3.4157329964880794,1,AI-GENERATED
155,3,2,52.716722870906246,33,SUSPICIOUS
170,2,1,46.454509017478756,15,SUSPICIOUS
4830,0,0,1.5026468667442872,4,AI-GENERATED
143,1,2,51.65620661887181,20,SUSPICIOUS
2345,0,0,1.9633704162418608,3,AI-GENERATED
4059,0,0,3.360858259751321,4,AI-GENERATED
149,0,2,47.73919807070712,15,SUSPICIOUS
131,0,2,11.803032155642683,39,SUSPICIOUS
117,0,2,69.34809326860784,28,SUSPICIOUS
162,4,2,58.618017273794315,35,SUSPICIOUS
137,0,1,17.694312354284264,38,SUSPICIOUS
130,2,1,41.817037514469824,31,SUSPICIOUS
1369,0,0,0.23096495661029018,1,AI-GENERATED
90,4,1,28.976129323836453,36,SUSPICIOUS
154,1,2,35.41200720614804,35,SUSPICIOUS
1917,0,0,1.1799828545088198,2,AI-GENERATED
4083,0,0,1.272252850767525,1,AI-GENERATED
166,4,0,51.751929828324876,22,SUSPICIOUS
134,3,1,29.459329027253162,20,SUSPICIOUS
2071,0,0,0.48234745219222586,3,AI-GENERATED
4345,0,0,1.794946871363701,1,AI-GENERATED
4199,0,0,1.9242843881922906,3,AI-GENERATED
129,0,2,59.34080375722726,44,SUSPICIOUS
177,1,0,36.63489849525189,40,SUSPICIOUS
162,0,1,56.144397982611125,13,SUSPICIOUS
551,0,0,1.206584201243987,4,AI-GENERATED
698,0,0,0.9757668456102448,3,AI-GENERATED
4503,0,0,3.0653571607773884,2,AI-GENERATED
3476,0,0,0.441667859032306,4,AI-GENERATED
3186,0,0,0.7326220837276914,1,AI-GENERATED
1388,0,0,0.8179520692495755,2,AI-GENERATED
129,1,1,41.63727271280726,43,SUSPICIOUS
118,0,0,66.92135701445383,31,SUSPICIOUS
155,0,1,52.356535131817665,14,SUSPICIOUS
2731,0,0,1.7970479343110224,1,AI-GENERATED
168,0,2,37.063867301310616,16,SUSPICIOUS
162,1,2,33.3611794889604,10,SUSPICIOUS
3335,0,0,1.1259894869093054,4,AI-GENERATED
2584,0,0,1.6317380327751079,2,AI-GENERATED
126,1,1,33.03120755791571,13,SUSPICIOUS
2560,0,0,2.5933685944825404,2,AI-GENERATED
1392,0,0,1.5493695514047736,4,AI-GENERATED
140,1,2,36.17105552110459,31,SUSPICIOUS
139,4,2,55.85486944318314,29,SUSPICIOUS
148,3,1,28.691079360106205,29,SUSPICIOUS
3831,0,0,2.2986167455473354,1,AI-GENERATED
167,1,0,61.937209802835525,17,SUSPICIOUS
187,2,0,49.090584385153626,38,SUSPICIOUS
145,3,2,49.75015114993189,26,SUSPICIOUS
823,0,0,3.459473734726674,2,AI-GENERATED
128,2,2,44.22787333394078,33,SUSPICIOUS
2657,0,0,2.501728757849106,3,AI-GENERATED
129,0,0,45.128971150618526,43,SUSPICIOUS
4437,0,0,2.15481092574785,3,AI-GENERATED
1417,0,0,3.418534444445932,4,AI-GENERATED
136,2,2,46.663994447924416,31,SUSPICIOUS
4236,0,0,0.1526591521718295,1,AI-GENERATED
2521,0,0,1.9863060209951042,2,AI-GENERATED
164,3,0,58.48057311654841,27,SUSPICIOUS
1076,0,0,0.4290841084655258,2,AI-GENERATED
129,4,2,24.41227623203694,32,SUSPICIOUS
2016,0,0,0.339226034757952,3,AI-GENERATED
109,3,2,39.22844056117064,24,SUSPICIOUS
1018,0,0,1.8538573322747824,2,AI-GENERATED
1902,0,0,3.3354103915040367,2,AI-GENERATED
893,0,0,1.4317950956803722,4,AI-GENERATED
1169,0,0,1.394151381274993,3,AI-GENERATED
4098,0,0,0.2227253358867224,3,AI-GENERATED
179,0,1,51.17620094942913,19,SUSPICIOUS
141,4,0,43.70713912985231,29,SUSPICIOUS
936,0,0,2.264757091140197,2,AI-GENERATED
129,4,0,36.419722578606,34,SUSPICIOUS
2610,0,0,0.8930229727368684,2,AI-GENERATED
1689,0,0,2.9116818046638118,1,AI-GENERATED
1719,0,0,1.309307076653342,4,AI-GENERATED
3491,0,0,1.9547943246697899,4,AI-GENERATED
2589,0,0,0.35497208166383587,1,AI-GENERATED
149,3,1,83.62164802863583,14,SUSPICIOUS
136,0,1,28.83352061827533,13,SUSPICIOUS
147,4,1,30.80710476460336,25,SUSPICIOUS
635,0,0,0.21244089025090399,3,AI-GENERATED
2210,0,0,2.1962348201846478,1,AI-GENERATED
4926,0,0,1.1221746821487197,2,AI-GENERATED
4700,0,0,3.22214823985841,2,AI-GENERATED
1475,0,0,2.4543060057589536,1,AI-GENERATED
1976,0,0,0.4984531887732,2,AI-GENERATED
143,1,1,35.3829574421757,42,SUSPICIOUS
1604,0,0,1.184549518897481,4,AI-GENERATED
1581,0,0,3.3639809223686745,3,AI-GENERATED
139,1,0,67.3142731843355,30,SUSPICIOUS
4912,0,0,3.3963351150256464,2,AI-GENERATED
4254,0,0,0.6878143675311467,3,AI-GENERATED
132,1,0,51.55033141115714,26,SUSPICIOUS
3405,0,0,2.196191443057513,2,AI-GENERATED
4872,0,0,2.41137463437297,1,AI-GENERATED
1108,0,0,0.737040679364749,4,AI-GENERATED
4637,0,0,2.099413934893296,1,AI-GENERATED
142,1,1,40.730400171967545,33,SUSPICIOUS
1912,0,0,1.189951584353313,3,AI-GENERATED
140,3,0,30.07287798339151,15,SUSPICIOUS
3042,0,0,0.8526122387033004,4,AI-GENERATED
721,0,0,0.3270551807291622,3,AI-GENERATED
3345,0,0,1.6005914954645208,4,AI-GENERATED
120,0,2,51.574227281511135,43,SUSPICIOUS
119,1,0,71.68791881943432,34,SUSPICIOUS
159,2,2,27.595392394180955,24,SUSPICIOUS
1756,0,0,2.8338836655470563,1,AI-GENERATED
3522,0,0,1.8483655641482757,2,AI-GENERATED
1313,0,0,2.5082387605657037,3,AI-GENERATED
2878,0,0,1.004038749783475,2,AI-GENERATED
131,3,2,22.965510337759238,34,SUSPICIOUS
138,1,0,55.47804471865927,36,SUSPICIOUS
1787,0,0,3.429509882696925,3,AI-GENERATED
150,4,1,46.923917116713326,42,SUSPICIOUS
4175,0,0,3.31571488626787,1,AI-GENERATED
1557,0,0,2.570578967274125,2,AI-GENERATED
3339,0,0,0.7789950039760732,3,AI-GENERATED
120,4,0,58.65291956901184,38,SUSPICIOUS
2351,0,0,0.41097806549172566,2,AI-GENERATED
148,4,2,67.28377316082415,28,SUSPICIOUS
4221,0,0,2.513368845910329,3,AI-GENERATED
135,0,0,52.31511961045501,44,SUSPICIOUS
140,3,2,25.64661098117449,23,SUSPICIOUS
1593,0,0,2.9246309505414514,3,AI-GENERATED
3107,0,0,2.1981710505995338,4,AI-GENERATED
133,4,0,34.981311146878255,43,SUSPICIOUS
4391,0,0,0.39834480525344673,2,AI-GENERATED
4379,0,0,3.1076944108924573,4,AI-GENERATED
1678,0,0,1.8197842279617842,2,AI-GENERATED
145,1,0,23.528931587397775,32,SUSPICIOUS
4622,0,0,2.1509245426551065,4,AI-GENERATED
2566,0,0,2.008962772007713,1,AI-GENERATED
140,0,1,58.681459518836085,32,SUSPICIOUS
672,0,0,0.20586085755278594,1,AI-GENERATED
494,0,0,2.5285702479184544,2,AI-GENERATED
4601,0,0,2.413111553077265,1,AI-GENERATED
168,3,0,47.35011982464009,37,SUSPICIOUS
122,3,0,78.617496561771,26,SUSPICIOUS
140,4,1,68.37105951035866,16,SUSPICIOUS
4742,0,0,0.7878424853333895,3,AI-GENERATED
111,4,0,50.25558692426126,31,SUSPICIOUS
2756,0,0,3.3000915610975037,4,AI-GENERATED
120,4,0,31.179618988093686,10,SUSPICIOUS
152,0,1,15.150374775671004,38,SUSPICIOUS
4227,0,0,1.1668828956088326,3,AI-GENERATED
2019,0,0,3.2016867156309674,3,AI-GENERATED
118,1,1,45.37662574432899,16,SUSPICIOUS
140,1,1,20.64103051810644,12,SUSPICIOUS
3557,0,0,2.940877582147065,2,AI-GENERATED
872,0,0,0.2371281102146085,2,AI-GENERATED
144,0,1,60.62492013612523,40,SUSPICIOUS
101,4,1,25.192124002367102,18,SUSPICIOUS
163,3,2,34.57617163043517,18,SUSPICIOUS
3130,0,0,0.8046996439297484,2,AI-GENERATED
2133,0,0,3.123379026907827,3,AI-GENERATED
144,3,1,63.371480650994656,34,SUSPICIOUS
122,3,2,68.49530085901223,33,SUSPICIOUS
4260,0,0,2.5533982882018518,4,AI-GENERATED
3869,0,0,0.56525975526156,4,AI-GENERATED
138,2,2,36.60141449553683,27,SUSPICIOUS
145,1,1,48.151248304126504,31,SUSPICIOUS
1380,0,0,2.1511146912052355,4,AI-GENERATED
2920,0,0,2.88511016831097,4,AI-GENERATED
141,2,0,52.35311007463473,11,SUSPICIOUS
142,3,0,52.7845755486841,25,SUSPICIOUS
177,0,1,22.045910609263142,36,SUSPICIOUS
2002,0,0,3.2572501865446903,3,AI-GENERATED
128,0,0,42.54775119862709,13,SUSPICIOUS
118,3,2,40.44825591196594,16,SUSPICIOUS
2486,0,0,0.9923281069687018,4,AI-GENERATED
169,3,2,46.274527735798756,44,SUSPICIOUS
129,2,2,54.55109375798557,22,SUSPICIOUS
453,0,0,1.9473835691827406,2,AI-GENERATED
117,1,1,38.08186631026405,27,SUSPICIOUS
3203,0,0,1.8711944023439324,3,AI-GENERATED
409,0,0,3.1875327924530614,1,AI-GENERATED
161,2,2,43.51891982016897,22,SUSPICIOUS
3217,0,0,3.369100588748869,2,AI-GENERATED
697,0,0,2.335184900462165,3,AI-GENERATED
3618,0,0,2.8126169338169196,1,AI-GENERATED
580,0,0,1.2367247477302004,1,AI-GENERATED
2790,0,0,2.6477152978200524,4,AI-GENERATED
147,1,1,56.7161122215606,34,SUSPICIOUS
3212,0,0,0.90310648148587,4,AI-GENERATED
3558,0,0,2.8977203533934635,3,AI-GENERATED
135,2,1,32.7471047581464,17,SUSPICIOUS
3807,0,0,2.6314827404233743,4,AI-GENERATED
1557,0,0,1.7954331915515827,3,AI-GENERATED
2833,0,0,1.053472179735664,4,AI-GENERATED
140,0,0,28.26496572441916,18,SUSPICIOUS
1283,0,0,1.3807290487762671,3,AI-GENERATED
1097,0,0,2.7071356518278415,4,AI-GENERATED
137,4,2,39.712108841240415,41,SUSPICIOUS
669,0,0,1.6016773296307416,4,AI-GENERATED
128,1,1,44.02830900988049,15,SUSPICIOUS
3276,0,0,1.6323157535523187,3,AI-GENERATED
133,2,2,32.15697135272155,19,SUSPICIOUS
1304,0,0,1.634484619381357,2,AI-GENERATED
115,4,2,33.082209247524325,26,SUSPICIOUS
144,1,2,76.79758274061152,37,SUSPICIOUS
543,0,0,2.549850255622627,3,AI-GENERATED
963,0,0,2.91038511617104,3,AI-GENERATED
167,2,0,43.26185938337345,10,SUSPICIOUS
138,2,2,59.62272322061693,31,SUSPICIOUS
125,1,2,50.539066991207974,21,SUSPICIOUS
160,0,0,31.94833775216161,21,SUSPICIOUS
149,1,1,19.441234121336457,16,SUSPICIOUS
122,0,2,35.1384948912625,14,SUSPICIOUS
4449,0,0,0.9578463352311107,4,AI-GENERATED
4363,0,0,1.3103609318841731,2,AI-GENERATED
111,0,2,36.420346732698114,28,SUSPICIOUS
133,2,0,26.149670679197207,44,SUSPICIOUS
2610,0,0,3.456133577498205,4,AI-GENERATED
168,4,0,27.842328757618557,31,SUSPICIOUS
1190,0,0,1.232695178973834,3,AI-GENERATED
133,1,2,39.70197426045904,30,SUSPICIOUS
3344,0,0,2.9010609863826535,2,AI-GENERATED
166,0,0,33.84824039492499,28,SUSPICIOUS
4181,0,0,3.2912775479290297,4,AI-GENERATED
954,0,0,1.9663847874073472,1,AI-GENERATED
2619,0,0,0.8943168435200293,4,AI-GENERATED
3652,0,0,2.471971060888418,1,AI-GENERATED
113,1,0,50.82025764546117,25,SUSPICIOUS
514,0,0,1.4581685234065376,2,AI-GENERATED
95,4,0,48.16172235923681,13,SUSPICIOUS
129,1,1,50.48156461678546,33,SUSPICIOUS
1453,0,0,2.7021946368298377,3,AI-GENERATED
3032,0,0,2.6534553892162918,4,AI-GENERATED
3313,0,0,0.5242766211698201,1,AI-GENERATED
165,1,0,47.9855442291163,18,SUSPICIOUS
175,3,2,25.43656524839494,23,SUSPICIOUS
2955,0,0,2.7451168429768775,4,AI-GENERATED
1002,0,0,0.3978886296183032,2,AI-GENERATED
124,3,2,43.52588425303925,30,SUSPICIOUS
162,0,1,29.008851477721652,19,SUSPICIOUS
151,3,1,69.6878343218733,30,SUSPICIOUS
3018,0,0,2.1584072124116367,3,AI-GENERATED
3926,0,0,0.8948600929725237,4,AI-GENERATED
131,2,0,59.622335426315885,16,SUSPICIOUS
1981,0,0,0.566958249496136,4,AI-GENERATED
4913,0,0,1.4288616705886772,4,AI-GENERATED
2463,0,0,3.2859791966435563,3,AI-GENERATED
138,2,1,62.56552934629575,10,SUSPICIOUS
4170,0,0,3.1488813858693856,1,AI-GENERATED
139,2,0,29.414617750806517,27,SUSPICIOUS
128,2,2,40.09412453885031,43,SUSPICIOUS
131,1,0,48.953143152203985,35,SUSPICIOUS
117,4,1,44.162888615398636,12,SUSPICIOUS
4523,0,0,2.6351734440053343,2,AI-GENERATED
4991,0,0,2.822853267968482,4,AI-GENERATED
3214,0,0,0.26474749182298973,1,AI-GENERATED
3103,0,0,3.2770073710400682,1,AI-GENERATED
115,3,1,55.52451066952025,43,SUSPICIOUS
121,1,0,35.24574420443929,37,SUSPICIOUS
1552,0,0,0.8861239499268364,2,AI-GENERATED
137,1,2,50.371420429081354,35,SUSPICIOUS
1631,0,0,2.417346881148876,2,AI-GENERATED
2514,0,0,3.382462693553918,2,AI-GENERATED
125,1,1,55.50446262589226,31,SUSPICIOUS
144,4,0,36.857286241503274,24,SUSPICIOUS
4391,0,0,0.3401327801816782,1,AI-GENERATED
3263,0,0,1.2154049021019953,2,AI-GENERATED
162,2,0,33.45534372632566,25,SUSPICIOUS
1288,0,0,1.2201834232187934,3,AI-GENERATED
153,2,0,44.33781553565902,35,SUSPICIOUS
1058,0,0,3.3709711114189305,4,AI-GENERATED
3183,0,0,1.8525728864803752,2,AI-GENERATED
157,2,0,34.11675948871737,11,SUSPICIOUS
149,3,2,23.578471554185136,28,SUSPICIOUS
4182,0,0,0.5310846966220943,4,AI-GENERATED
137,0,1,56.627731833502544,26,SUSPICIOUS
1765,0,0,0.9113242676324015,4,AI-GENERATED
3215,0,0,2.3964594600656706,3,AI-GENERATED
139,1,2,52.3332520071884,39,SUSPICIOUS
4474,0,0,3.3590946824814787,2,AI-GENERATED
120,4,2,43.90751776204015,23,SUSPICIOUS
3326,0,0,0.8302867443713577,2,AI-GENERATED
4793,0,0,2.151350471204564,1,AI-GENERATED
135,0,1,30.387522094192242,27,SUSPICIOUS
4897,0,0,2.8680140617015284,3,AI-GENERATED
3422,0,0,2.1989938483878495,4,AI-GENERATED
4205,0,0,1.9142669977753617,2,AI-GENERATED
801,0,0,0.3614372889653342,3,AI-GENERATED
2241,0,0,1.0955597730799207,3,AI-GENERATED
139,1,1,34.64989987315321,43,SUSPICIOUS
156,2,2,63.81205556652115,38,SUSPICIOUS
1388,0,0,0.7723768495493005,2,AI-GENERATED
144,2,0,38.09510463227764,41,SUSPICIOUS
2080,0,0,1.6060693140550935,4,AI-GENERATED
4400,0,0,3.374908702176839,4,AI-GENERATED
1054,0,0,2.720390087463958,3,AI-GENERATED
3298,0,0,2.6717761054701916,3,AI-GENERATED
3328,0,0,1.864837683952653,3,AI-GENERATED
148,3,1,24.690386759518713,29,SUSPICIOUS
103,2,2,58.77873457351912,12,SUSPICIOUS
127,2,0,36.258758995420756,44,SUSPICIOUS
2874,0,0,2.9837291008485916,4,AI-GENERATED
3386,0,0,2.8619382833450606,3,AI-GENERATED
144,0,1,28.394188036682074,31,SUSPICIOUS
118,4,1,71.09498498454474,13,SUSPICIOUS
592,0,0,0.5164618233594616,2,AI-GENERATED
2058,0,0,1.7754037649174743,4,AI-GENERATED
114,4,2,43.27565830051925,35,SUSPICIOUS
133,1,1,32.70912217562376,44,SUSPICIOUS
145,0,1,50.388865767160155,20,SUSPICIOUS
133,4,0,33.32283821083481,20,SUSPICIOUS
1015,0,0,1.4256466322748356,2,AI-GENERATED
2817,0,0,3.0503389965928824,1,AI-GENERATED
158,4,0,59.92892842554472,39,SUSPICIOUS
142,0,2,46.185847869628,23,SUSPICIOUS
4142,0,0,1.6183367205878765,2,AI-GENERATED
4135,0,0,1.0489663333541586,2,AI-GENERATED
3690,0,0,2.5690510094128736,3,AI-GENERATED
3199,0,0,2.095667872302652,1,AI-GENERATED
160,0,1,64.15266822152745,16,SUSPICIOUS
180,4,2,38.202498201202,37,SUSPICIOUS
142,3,2,45.84260985421332,43,SUSPICIOUS
1569,0,0,2.0793150338291513,2,AI-GENERATED
511,0,0,0.1885677272646878,4,AI-GENERATED
138,1,0,42.921038451647824,12,SUSPICIOUS
4110,0,0,1.0825570106522668,3,AI-GENERATED
2630,0,0,0.7225627200129782,4,AI-GENERATED
1331,0,0,2.242824758324207,2,AI-GENERATED
149,0,0,23.63743105991315,30,SUSPICIOUS
136,1,2,38.69308268862207,33,SUSPICIOUS
543,0,0,3.4585031693496924,2,AI-GENERATED
4745,0,0,1.152200983016426,4,AI-GENERATED
4939,0,0,2.3079083226540558,4,AI-GENERATED
107,4,1,33.01905489171354,36,SUSPICIOUS
138,3,0,34.36063123003309,33,SUSPICIOUS
1617,0,0,2.1665415384804625,3,AI-GENERATED
3355,0,0,3.2252508715577632,3,AI-GENERATED
125,3,2,59.650096072464585,10,SUSPICIOUS
107,3,1,24.519873955186487,24,SUSPICIOUS
163,0,0,28.98809217194579,40,SUSPICIOUS
1592,0,0,2.755453654871584,3,AI-GENERATED
3177,0,0,1.9779139426936956,1,AI-GENERATED
186,3,1,74.16752798139859,33,SUSPICIOUS
2578,0,0,2.230165680039002,1,AI-GENERATED
3596,0,0,1.6643198490250763,1,AI-GENERATED
124,4,2,41.95798678765219,15,SUSPICIOUS
107,4,0,64.35276307192623,35,SUSPICIOUS
4113,0,0,0.7507865485940141,1,AI-GENERATED
2147,0,0,0.6577948597385144,2,AI-GENERATED
1686,0,0,1.9019466340068676,1,AI-GENERATED
130,0,1,42.28741886998874,13,SUSPICIOUS
127,3,1,31.479775731674174,18,SUSPICIOUS
4682,0,0,1.5643221641570508,3,AI-GENERATED
4492,0,0,1.74207114315304,4,AI-GENERATED
153,0,2,35.596400517915114,18,SUSPICIOUS
130,4,2,54.430779086191194,30,SUSPICIOUS
897,0,0,1.7390658293395844,2,AI-GENERATED
92,2,1,40.31213020041712,10,SUSPICIOUS
144,4,1,43.87050514307941,24,SUSPICIOUS
2241,0,0,3.0416992477898517,3,AI-GENERATED
141,4,0,42.0071173267862,36,SUSPICIOUS
127,4,1,20.56104396918927,36,SUSPICIOUS
3986,0,0,1.4354306494802829,4,AI-GENERATED
202,1,0,44.75473316192493,43,SUSPICIOUS
3392,0,0,2.378344938079946,2,AI-GENERATED
2980,0,0,0.48976674869189873,4,AI-GENERATED
4444,0,0,0.3972618689068027,3,AI-GENERATED
128,0,1,50.11888256695202,42,SUSPICIOUS
125,2,1,55.57507891826589,33,SUSPICIOUS
3302,0,0,2.568094645351423,4,AI-GENERATED
3095,0,0,1.1322442449118386,1,AI-GENERATED
115,4,1,49.42992674102155,29,SUSPICIOUS
124,4,2,40.85090642751269,37,SUSPICIOUS
2475,0,0,2.3535988344330394,4,AI-GENERATED
142,2,2,46.09405063073395,30,SUSPICIOUS
128,4,1,63.34224380697811,21,SUSPICIOUS
131,4,1,43.82053682777776,35,SUSPICIOUS
148,4,0,53.23345906958522,12,SUSPICIOUS
3136,0,0,1.7153301871924511,4,AI-GENERATED
154,2,2,41.83511670554217,12,SUSPICIOUS
1938,0,0,2.216124192289752,2,AI-GENERATED
103,4,1,27.701309225309963,37,SUSPICIOUS
2860,0,0,3.464887702434683,2,AI-GENERATED
4146,0,0,2.25387019649843,1,AI-GENERATED
204,4,0,37.8629769332703,31,SUSPICIOUS
3050,0,0,1.2455197164822076,4,AI-GENERATED
172,1,0,44.82238871722361,36,SUSPICIOUS
114,1,1,50.874855266384,14,SUSPICIOUS
118,4,2,26.318764981610467,28,SUSPICIOUS
155,3,2,39.01890123096969,35,SUSPICIOUS
4848,0,0,1.1407961074594695,4,AI-GENERATED
142,3,1,17.003142898508933,18,SUSPICIOUS
1512,0,0,2.7263970133144304,2,AI-GENERATED
1603,0,0,2.900155447368787,3,AI-GENERATED
137,3,1,18.581774391505824,22,SUSPICIOUS
1440,0,0,1.9636365697238392,4,AI-GENERATED
4423,0,0,2.479884008646116,4,AI-GENERATED
1942,0,0,1.0991982515771823,3,AI-GENERATED
2736,0,0,1.4093541157736513,4,AI-GENERATED
4143,0,0,0.7564389922321202,2,AI-GENERATED
126,3,0,53.56327044337885,16,SUSPICIOUS
151,3,0,19.25900932848436,16,SUSPICIOUS
155,2,2,36.999025233127114,32,SUSPICIOUS
107,4,2,56.602571812173416,41,SUSPICIOUS
3510,0,0,1.8937704976815524,3,AI-GENERATED
139,1,1,35.1788406464129,21,SUSPICIOUS
602,0,0,2.0068620944346085,2,AI-GENERATED
2661,0,0,3.2095846642733865,2,AI-GENERATED
654,0,0,2.2108937262744774,3,AI-GENERATED
150,4,1,53.009393494756694,34,SUSPICIOUS
129,4,1,49.019953903528375,42,SUSPICIOUS
155,0,1,27.252975955993616,31,SUSPICIOUS
137,3,2,59.80908582838362,21,SUSPICIOUS
453,0,0,1.8711180666648972,2,AI-GENERATED
4430,0,0,1.0631542569427794,2,AI-GENERATED
179,4,2,18.60935444797069,15,SUSPICIOUS
170,3,0,50.239031001416976,33,SUSPICIOUS
171,2,2,48.225359674437364,24,SUSPICIOUS
728,0,0,2.557078902218842,4,AI-GENERATED
119,3,2,31.189313184626315,17,SUSPICIOUS
3738,0,0,1.4328020390648835,1,AI-GENERATED
166,1,1,59.38319427365236,10,SUSPICIOUS
124,0,1,60.83642540960845,17,SUSPICIOUS
115,4,2,51.32625009166476,14,SUSPICIOUS
128,1,1,57.79709834518628,18,SUSPICIOUS
131,1,1,34.0713293057977,37,SUSPICIOUS
137,3,0,5.0,20,SUSPICIOUS
138,4,2,40.66568433429595,19,SUSPICIOUS
145,0,0,67.32871365280799,33,SUSPICIOUS
3080,0,0,3.310487724374924,4,AI-GENERATED
173,2,1,45.84790838600712,39,SUSPICIOUS
168,4,2,49.2726273921065,42,SUSPICIOUS
4196,0,0,2.9220654805311703,2,AI-GENERATED
4498,0,0,3.4962502631970978,4,AI-GENERATED
2300,0,0,2.484979211090712,3,AI-GENERATED
4601,0,0,0.46243227805352927,4,AI-GENERATED
168,3,0,20.804495520741135,17,SUSPICIOUS
99,1,0,43.5242268321221,37,SUSPICIOUS
133,2,1,62.653006033545864,28,SUSPICIOUS
4478,0,0,3.324101980878739,3,AI-GENERATED
147,4,2,19.758841837488323,32,SUSPICIOUS
680,0,0,0.9608448423093408,4,AI-GENERATED
132,0,0,55.32832955353848,21,SUSPICIOUS
142,0,2,62.89352877135748,29,SUSPICIOUS
151,3,2,33.22955815917604,21,SUSPICIOUS
162,2,1,52.41281692252458,13,SUSPICIOUS
155,0,0,63.24343361724031,39,SUSPICIOUS
157,0,1,56.13422824212758,38,SUSPICIOUS
2084,0,0,0.17764484954203644,1,AI-GENERATED
1669,0,0,2.630982057227463,4,AI-GENERATED
2625,0,0,3.0196366344241827,3,AI-GENERATED
3273,0,0,1.4379950551476774,3,AI-GENERATED
168,4,1,58.490175983535366,32,SUSPICIOUS
2561,0,0,0.40233607404650173,3,AI-GENERATED
3695,0,0,2.8083199319878394,2,AI-GENERATED
160,0,1,40.98467482849707,14,SUSPICIOUS
449,0,0,2.606466434029618,3,AI-GENERATED
2710,0,0,2.947046273384692,1,AI-GENERATED
128,1,1,56.45773456211877,32,SUSPICIOUS
148,4,1,52.1448077826426,24,SUSPICIOUS
126,2,2,33.85028932825563,26,SUSPICIOUS
151,4,1,32.05241843357214,29,SUSPICIOUS
161,3,1,33.50857419281019,20,SUSPICIOUS
150,0,2,43.16426845531962,40,SUSPICIOUS
1149,0,0,2.9302878653963385,2,AI-GENERATED
2577,0,0,1.7821428119783806,3,AI-GENERATED
1868,0,0,0.8695734109536334,1,AI-GENERATED
118,3,2,30.430198193033927,30,SUSPICIOUS
2034,0,0,0.9813469098796191,4,AI-GENERATED
186,1,0,57.25590980203127,34,SUSPICIOUS
155,2,1,58.804479886472826,10,SUSPICIOUS
944,0,0,0.21123724273735045,2,AI-GENERATED
144,4,0,69.1668996800895,26,SUSPICIOUS
140,0,1,53.518833993644165,41,SUSPICIOUS
3634,0,0,2.0979487714540292,4,AI-GENERATED
117,2,0,28.238761347936048,36,SUSPICIOUS
3347,0,0,1.1953943349988767,3,AI-GENERATED
138,4,1,52.47170310355818,29,SUSPICIOUS
123,0,0,75.20499948456597,37,SUSPICIOUS
80,3,1,30.304461679413272,28,SUSPICIOUS
152,0,0,50.115420704345716,25,SUSPICIOUS
4731,0,0,0.4520426490365227,4,AI-GENERATED
172,0,0,47.78887348065094,15,SUSPICIOUS
143,1,2,46.583290908826285,33,SUSPICIOUS
130,3,0,18.097538698784003,38,SUSPICIOUS
144,1,1,76.17662127182146,43,SUSPICIOUS
3805,0,0,0.6019414816275486,4,AI-GENERATED
108,2,1,45.8846997139229,14,SUSPICIOUS
1768,0,0,0.5675386809675523,4,AI-GENERATED
1343,0,0,1.2415534512681523,4,AI-GENERATED
503,0,0,0.8044074140200511,1,AI-GENERATED
152,1,2,32.175147674004286,29,SUSPICIOUS
4514,0,0,1.1650415376974874,1,AI-GENERATED
141,2,0,60.70619423612972,35,SUSPICIOUS
126,1,1,50.72768278191274,33,SUSPICIOUS
743,0,0,3.3331645671207393,4,AI-GENERATED
139,1,0,58.85943806832535,23,SUSPICIOUS
159,1,1,55.19147586669723,26,SUSPICIOUS
143,2,0,16.065782726886653,14,SUSPICIOUS
150,1,0,33.54659122710884,22,SUSPICIOUS
104,2,0,14.859187117328648,15,SUSPICIOUS
1683,0,0,1.2711603467331922,1,AI-GENERATED
114,4,0,35.306093657130006,14,SUSPICIOUS
125,0,2,58.648521002768575,33,SUSPICIOUS
139,3,1,69.2759179124291,22,SUSPICIOUS
2772,0,0,1.588797898332494,2,AI-GENERATED
704,0,0,0.5001773080690928,1,AI-GENERATED
3097,0,0,2.485897812097913,1,AI-GENERATED
1797,0,0,3.4769458144562275,4,AI-GENERATED
2691,0,0,1.5934991186627525,3,AI-GENERATED
2732,0,0,0.857124197699601,4,AI-GENERATED
141,1,0,34.10146515317139,10,SUSPICIOUS
152,4,0,35.86500501475339,12,SUSPICIOUS
1774,0,0,0.9919631254029007,2,AI-GENERATED
1142,0,0,2.9161299921142008,4,AI-GENERATED
4306,0,0,1.4568466968894784,4,AI-GENERATED
148,2,0,32.12508985449901,13,SUSPICIOUS
165,4,2,53.513374215005754,13,SUSPICIOUS
4613,0,0,0.3089976969737671,2,AI-GENERATED
2253,0,0,3.1916306327971093,1,AI-GENERATED
3544,0,0,2.482306674399968,2,AI-GENERATED
3472,0,0,1.8208544737688908,2,AI-GENERATED
2934,0,0,2.359491049940337,3,AI-GENERATED
3637,0,0,2.750743971901144,2,AI-GENERATED
143,3,2,50.5319056717454,28,SUSPICIOUS
151,2,2,34.60362622621726,44,SUSPICIOUS
2283,0,0,1.2139328213177092,1,AI-GENERATED
2406,0,0,1.166977458714386,3,AI-GENERATED
3415,0,0,3.435291176057745,4,AI-GENERATED
2090,0,0,0.23759390945500503,3,AI-GENERATED
689,0,0,0.18537446072251784,4,AI-GENERATED
128,3,2,65.24013980892249,42,SUSPICIOUS
4509,0,0,0.15876291201363044,4,AI-GENERATED
3488,0,0,1.954552665749515,4,AI-GENERATED
137,2,1,33.16926366907704,17,SUSPICIOUS
118,0,1,25.772591112095466,31,SUSPICIOUS
3922,0,0,1.7499371253909668,3,AI-GENERATED
112,3,0,40.66942767496142,29,SUSPICIOUS
4342,0,0,1.9314462653688877,3,AI-GENERATED
3701,0,0,2.506967765003124,3,AI-GENERATED
3664,0,0,3.3932053674548954,3,AI-GENERATED
133,0,2,86.5278348680713,23,SUSPICIOUS
983,0,0,1.4504757835648427,4,AI-GENERATED
2324,0,0,3.097773624367693,3,AI-GENERATED
2116,0,0,2.7747829957102685,4,AI-GENERATED
154,1,0,35.83818086464548,18,SUSPICIOUS
156,3,0,61.59534545753553,28,SUSPICIOUS
155,4,2,44.287105131583914,44,SUSPICIOUS
164,2,2,6.033401474825993,18,SUSPICIOUS
154,2,0,49.11394075067994,40,SUSPICIOUS
118,3,2,27.23560399505822,43,SUSPICIOUS
3430,0,0,2.716415538278879,2,AI-GENERATED
656,0,0,0.8953145991815553,1,AI-GENERATED
4335,0,0,2.1894209685420143,4,AI-GENERATED
4582,0,0,3.2143104861152625,4,AI-GENERATED
140,2,0,49.481164954385406,39,SUSPICIOUS
131,0,0,76.3960351863182,24,SUSPICIOUS
144,4,1,41.57135245904691,10,SUSPICIOUS
2392,0,0,2.902279102573777,2,AI-GENERATED
143,1,0,52.449133214573024,30,SUSPICIOUS
4117,0,0,2.3227263184691025,2,AI-GENERATED
1380,0,0,0.20360530493105689,2,AI-GENERATED
2830,0,0,3.077983827529374,2,AI-GENERATED
119,4,1,34.753638619737366,39,SUSPICIOUS
4358,0,0,3.1035831529522575,2,AI-GENERATED
3178,0,0,2.855862315867459,2,AI-GENERATED
4763,0,0,2.527180939805871,1,AI-GENERATED
602,0,0,0.435368330884111,1,AI-GENERATED
4772,0,0,1.2403362290229054,1,AI-GENERATED
169,2,2,49.504512646455204,10,SUSPICIOUS
157,1,1,56.75364042397319,24,SUSPICIOUS
158,1,1,32.887159979436376,34,SUSPICIOUS
4478,0,0,0.6847473344907968,2,AI-GENERATED
114,2,1,48.24519589020256,30,SUSPICIOUS
174,3,2,44.583934450318125,42,SUSPICIOUS
1364,0,0,2.5155226663708468,2,AI-GENERATED
2687,0,0,1.6016897941722101,2,AI-GENERATED
173,0,2,5.0,23,SUSPICIOUS
4351,0,0,2.87209259564787,4,AI-GENERATED
888,0,0,2.6017604597899187,4,AI-GENERATED
133,1,2,58.39670239094678,31,SUSPICIOUS
3357,0,0,0.4836254469419613,1,AI-GENERATED
176,4,0,60.72953612600958,13,SUSPICIOUS
3595,0,0,1.505704706185484,1,AI-GENERATED
112,2,2,25.053463740057303,14,SUSPICIOUS
159,1,0,19.335410870073893,19,SUSPICIOUS
3112,0,0,0.33959804913988234,3,AI-GENERATED
122,2,2,42.60739942062453,34,SUSPICIOUS
166,2,0,68.56858141639128,22,SUSPICIOUS
147,1,1,52.60514564852318,30,SUSPICIOUS
3007,0,0,3.231928566992272,1,AI-GENERATED
2688,0,0,2.9423144942774115,2,AI-GENERATED
124,1,1,63.20257432199899,44,SUSPICIOUS
165,3,1,51.93968919876061,26,SUSPICIOUS
2274,0,0,1.6888881734660666,2,AI-GENERATED
141,3,0,34.113777710779054,17,SUSPICIOUS
1869,0,0,3.2909286273731357,3,AI-GENERATED
157,2,0,16.636625774857702,17,SUSPICIOUS
181,2,2,17.40691694242779,44,SUSPICIOUS
137,2,0,15.230678407095784,20,SUSPICIOUS
99,3,2,52.08284183157474,15,SUSPICIOUS
3035,0,0,2.05104446761481,2,AI-GENERATED
122,3,2,23.346769797231243,34,SUSPICIOUS
4806,0,0,3.157641980828793,3,AI-GENERATED
418,0,0,3.031365501422627,3,AI-GENERATED
4824,0,0,1.4748230604920858,3,AI-GENERATED
171,3,2,41.09347491967316,18,SUSPICIOUS
126,0,2,57.91130209084909,23,SUSPICIOUS
2086,0,0,1.6595360339905265,1,AI-GENERATED
132,0,2,37.50508132191861,27,SUSPICIOUS
162,2,1,39.18142648600211,36,SUSPICIOUS
170,4,0,38.1631907264429,25,SUSPICIOUS
135,2,1,34.99969061264956,34,SUSPICIOUS
4130,0,0,1.2063898561705528,1,AI-GENERATED
146,1,0,52.155952447614396,33,SUSPICIOUS
3719,0,0,1.6864427138957616,1,AI-GENERATED
132,2,0,46.40190512865282,26,SUSPICIOUS
159,1,0,60.718936758922396,17,SUSPICIOUS
1100,0,0,1.0639909435314951,3,AI-GENERATED
126,1,1,68.73027917706433,37,SUSPICIOUS
2710,0,0,1.412585092078089,2,AI-GENERATED
111,1,1,32.88148529685746,13,SUSPICIOUS
129,4,2,46.58134081367033,14,SUSPICIOUS
137,4,1,70.48523334886036,29,SUSPICIOUS
2406,0,0,0.2879533887538955,3,AI-GENERATED
136,4,1,61.493174964105506,32,SUSPICIOUS
135,0,1,34.948324341145856,41,SUSPICIOUS
152,4,1,60.76582404169794,15,SUSPICIOUS
147,2,2,23.076622715056484,40,SUSPICIOUS
3154,0,0,2.1283203212893618,1,AI-GENERATED
144,0,2,40.138100855407984,10,SUSPICIOUS
138,0,0,34.440535502925854,26,SUSPICIOUS
148,4,0,60.04178256737397,18,SUSPICIOUS
3566,0,0,1.8957419749358053,3,AI-GENERATED
1602,0,0,0.6479991743642503,4,AI-GENERATED
153,0,2,40.4465779205076,10,SUSPICIOUS
1674,0,0,1.85099590154869,1,AI-GENERATED
161,3,0,68.54374419476956,40,SUSPICIOUS
154,0,0,59.37487563797761,14,SUSPICIOUS
151,4,0,67.19064315819406,40,SUSPICIOUS
148,4,2,54.92400211331868,37,SUSPICIOUS
148,0,1,30.193490015200524,41,SUSPICIOUS
715,0,0,3.3322930361904306,2,AI-GENERATED
1842,0,0,2.472517992661048,4,AI-GENERATED
125,0,2,39.18319086696132,32,SUSPICIOUS
124,0,0,36.16254267294531,19,SUSPICIOUS
156,0,1,51.09141911560356,26,SUSPICIOUS
151,0,2,31.684975279426347,43,SUSPICIOUS
1345,0,0,3.198595147036546,4,AI-GENERATED
143,1,1,67.16698582241281,34,SUSPICIOUS
2550,0,0,1.6176832976408906,1,AI-GENERATED
4911,0,0,2.023231545346815,4,AI-GENERATED
2521,0,0,2.3012067591906264,3,AI-GENERATED
1880,0,0,2.56079903580848,2,AI-GENERATED
184,1,2,57.48440594601003,22,SUSPICIOUS
4973,0,0,1.2063616702351385,3,AI-GENERATED
151,0,0,42.02031426340507,37,SUSPICIOUS
150,0,2,51.69094258736521,10,SUSPICIOUS
148,2,2,27.01452660538105,32,SUSPICIOUS
4345,0,0,0.27254223432665436,1,AI-GENERATED
127,1,2,47.26785139832772,15,SUSPICIOUS
1923,0,0,0.45837009883750335,3,AI-GENERATED
4040,0,0,0.35240854529044274,2,AI-GENERATED
188,2,2,50.30744277596416,38,SUSPICIOUS
2713,0,0,1.64934330423132,3,AI-GENERATED
628,0,0,0.7888861526439136,1,AI-GENERATED
171,2,0,37.8267348380036,26,SUSPICIOUS
106,1,0,21.64972151329491,43,SUSPICIOUS
2681,0,0,2.865351150926631,1,AI-GENERATED
4103,0,0,1.6153311936558936,4,AI-GENERATED
118,3,2,40.409550765065696,15,SUSPICIOUS
116,4,2,29.62910119671779,11,SUSPICIOUS
154,1,1,66.13342679401032,14,SUSPICIOUS
2148,0,0,2.227538631158325,3,AI-GENERATED
460,0,0,0.5211000288250501,3,AI-GENERATED
3163,0,0,1.7441519143874358,3,AI-GENERATED
609,0,0,2.284605860467672,2,AI-GENERATED
140,3,0,74.05858121458881,44,SUSPICIOUS
2455,0,0,1.9143988505573317,1,AI-GENERATED
2535,0,0,0.6781090961212495,2,AI-GENERATED
119,0,0,40.614747033239695,20,SUSPICIOUS
1164,0,0,0.6187368434645899,3,AI-GENERATED
1367,0,0,2.696956422766708,2,AI-GENERATED
128,1,0,14.416206483649663,10,SUSPICIOUS
175,2,1,47.46929708167682,21,SUSPICIOUS
2702,0,0,1.1469544365689754,2,AI-GENERATED
2568,0,0,3.418403766598222,3,AI-GENERATED
1156,0,0,3.4538997901682658,3,AI-GENERATED
136,0,0,34.523423282903934,40,SUSPICIOUS
1718,0,0,2.221250907486005,4,AI-GENERATED
139,1,1,39.722117704883985,34,SUSPICIOUS
120,4,1,36.25969865288516,32,SUSPICIOUS
151,4,0,51.01998296297531,10,SUSPICIOUS
165,2,1,28.69447130657571,34,SUSPICIOUS
489,0,0,2.938883312508437,1,AI-GENERATED
147,2,2,45.82879419933066,11,SUSPICIOUS
2748,0,0,2.1550856669048226,4,AI-GENERATED
1744,0,0,2.3066152736438266,1,AI-GENERATED
2412,0,0,2.702665773519765,4,AI-GENERATED
174,1,0,26.074919565195987,17,SUSPICIOUS
3576,0,0,1.0802474778526774,4,AI-GENERATED
158,3,1,47.086648759492334,26,SUSPICIOUS
180,3,0,56.15125998036634,30,SUSPICIOUS
110,0,2,30.173768139107906,14,SUSPICIOUS
172,0,2,53.27020558316174,23,SUSPICIOUS
149,2,1,48.843441699522415,29,SUSPICIOUS
3577,0,0,3.3805086150244485,2,AI-GENERATED
3206,0,0,3.1164917377220047,2,AI-GENERATED
1776,0,0,1.3241083728365457,2,AI-GENERATED
4085,0,0,0.3336161784846695,1,AI-GENERATED
3105,0,0,1.1722854094956232,1,AI-GENERATED
178,4,1,64.06067374467966,21,SUSPICIOUS
3419,0,0,1.4367379152068558,3,AI-GENERATED
3485,0,0,0.10855336320945204,3,AI-GENERATED
120,2,1,40.11136679858857,31,SUSPICIOUS
109,1,1,37.93214526669727,19,SUSPICIOUS
4755,0,0,0.4483558543514141,2,AI-GENERATED
4382,0,0,3.260525273929416,2,AI-GENERATED
1592,0,0,1.9400110862878295,3,AI-GENERATED
2498,0,0,2.765049161690758,1,AI-GENERATED
2737,0,0,2.857907100778431,1,AI-GENERATED
147,3,1,44.26041678579195,43,SUSPICIOUS
135,0,2,53.27986606263369,31,SUSPICIOUS
155,0,2,37.52344178298631,42,SUSPICIOUS
125,2,1,31.658125832839193,31,SUSPICIOUS
2960,0,0,1.5471216716637728,4,AI-GENERATED
637,0,0,3.484414327025863,1,AI-GENERATED
3759,0,0,0.6943261046280895,4,AI-GENERATED
114,3,2,36.792340522812,35,SUSPICIOUS
170,4,2,63.179404671277865,37,SUSPICIOUS
141,3,1,46.68560807878629,40,SUSPICIOUS
145,2,0,70.45013776062258,27,SUSPICIOUS
134,4,2,59.879062118279975,30,SUSPICIOUS
116,2,1,40.49267970081973,24,SUSPICIOUS
2200,0,0,3.2923742866862247,3,AI-GENERATED
165,3,0,53.61481043273026,29,SUSPICIOUS
3115,0,0,2.8414399814031546,4,AI-GENERATED
3039,0,0,1.3302594067309341,2,AI-GENERATED
165,2,0,52.71306483029621,19,SUSPICIOUS
134,2,2,55.22505343999949,40,SUSPICIOUS
114,1,0,38.672752548490344,33,SUSPICIOUS
111,0,1,52.75006467520203,25,SUSPICIOUS
897,0,0,3.1047264105285306,2,AI-GENERATED
147,0,1,55.917045675292925,23,SUSPICIOUS
803,0,0,3.032962110347266,4,AI-GENERATED
164,4,2,48.391868957540325,11,SUSPICIOUS
538,0,0,0.5735468708823627,1,AI-GENERATED
2970,0,0,2.876775032207171,2,AI-GENERATED
705,0,0,2.137349857612253,1,AI-GENERATED
3337,0,0,1.7086397514323948,4,AI-GENERATED
183,2,1,53.81077707127576,21,SUSPICIOUS
124,3,0,37.88732339101603,40,SUSPICIOUS
125,0,1,33.06661139050654,11,SUSPICIOUS
151,1,0,59.72942603480199,41,SUSPICIOUS
154,1,2,47.219731372703635,25,SUSPICIOUS
175,4,0,38.25132336408909,19,SUSPICIOUS
126,0,2,45.027569129875616,30,SUSPICIOUS
94,0,0,44.4926113742745,33,SUSPICIOUS
145,3,1,47.3840159609308,34,SUSPICIOUS
105,0,1,29.681000161886665,28,SUSPICIOUS
146,1,1,57.08758598333459,16,SUSPICIOUS
109,0,0,43.04714571758473,18,SUSPICIOUS
173,1,0,31.33760584345443,11,SUSPICIOUS
4213,0,0,3.4657258358983207,4,AI-GENERATED
960,0,0,0.754550348465323,1,AI-GENERATED
4201,0,0,0.17283748018739514,3,AI-GENERATED
1079,0,0,1.0007724151163968,2,AI-GENERATED
121,3,1,72.15008891627473,24,SUSPICIOUS
123,0,2,73.46609113706955,21,SUSPICIOUS
143,0,1,15.879938416091967,38,SUSPICIOUS
3962,0,0,2.561217933040052,3,AI-GENERATED
131,3,2,32.190878915347426,38,SUSPICIOUS
143,3,0,60.39851659269024,20,SUSPICIOUS
1649,0,0,2.7448405679354315,3,AI-GENERATED
147,0,2,59.914321951613616,16,SUSPICIOUS
4567,0,0,2.9550819565288764,3,AI-GENERATED
116,3,1,38.08997511856953,19,SUSPICIOUS
154,1,1,50.24287457669515,24,SUSPICIOUS
4815,0,0,0.9632007318840609,3,AI-GENERATED
3571,0,0,2.8991707337401205,4,AI-GENERATED
2023,0,0,2.1638659756141005,3,AI-GENERATED
151,1,1,64.5455539684321,34,SUSPICIOUS
1852,0,0,2.2692688302147257,2,AI-GENERATED
164,0,2,61.84641616302716,32,SUSPICIOUS
4716,0,0,1.350235228845845,2,AI-GENERATED
119,0,0,28.319702681108517,38,SUSPICIOUS
2724,0,0,0.5304128407152787,1,AI-GENERATED
4399,0,0,1.258844108705652,2,AI-GENERATED
1727,0,0,2.2701174419935515,2,AI-GENERATED
120,0,1,33.79205500328544,24,SUSPICIOUS
3263,0,0,2.623636428133363,4,AI-GENERATED
117,3,0,42.8638655399043,29,SUSPICIOUS
144,2,0,30.677990933236465,16,SUSPICIOUS
149,0,2,32.53631675347243,25,SUSPICIOUS
2787,0,0,2.6903825290718375,3,AI-GENERATED
113,4,1,52.14243909282561,40,SUSPICIOUS
134,2,2,25.95087738706501,29,SUSPICIOUS
158,3,2,53.45024339951057,23,SUSPICIOUS
1821,0,0,0.6766741722373447,2,AI-GENERATED
1693,0,0,1.0933587997933225,2,AI-GENERATED
160,3,2,37.12536141716529,10,SUSPICIOUS
1413,0,0,1.566897235131538,3,AI-GENERATED
135,4,0,36.877161914245136,24,SUSPICIOUS
1190,0,0,1.072055191057615,1,AI-GENERATED
159,0,2,66.23401338676896,27,SUSPICIOUS
4724,0,0,1.2727119893307113,2,AI-GENERATED
128,4,2,61.52036912863481,11,SUSPICIOUS
3215,0,0,3.4833407481281635,4,AI-GENERATED
4027,0,0,0.9995896739356536,2,AI-GENERATED
146,2,0,46.70364100817554,21,SUSPICIOUS
150,0,2,44.58821900663508,27,SUSPICIOUS
2413,0,0,1.3515490908124932,4,AI-GENERATED
151,4,1,24.07125179674229,35,SUSPICIOUS
158,2,2,39.779241128487456,24,SUSPICIOUS
4584,0,0,1.0238975957128922,2,AI-GENERATED
1763,0,0,0.6472743709283704,2,AI-GENERATED
138,3,1,32.292409079224825,11,SUSPICIOUS
132,4,0,61.2397420296132,14,SUSPICIOUS
4986,0,0,3.368363031416061,3,AI-GENERATED
3257,0,0,2.5391318255379476,2,AI-GENERATED
154,0,0,64.56565957336989,29,SUSPICIOUS
129,2,2,56.6678179112346,27,SUSPICIOUS
3325,0,0,2.136069894033234,2,AI-GENERATED
3826,0,0,1.8784409843178302,3,AI-GENERATED
147,2,1,28.900978683771058,41,SUSPICIOUS
529,0,0,3.202083605732351,1,AI-GENERATED
2343,0,0,0.4011650853584051,2,AI-GENERATED
169,4,1,36.785821486869246,42,SUSPICIOUS
958,0,0,0.5482856030370442,2,AI-GENERATED
920,0,0,1.172638705916576,1,AI-GENERATED
1333,0,0,2.4733834243666477,3,AI-GENERATED
149,2,2,71.48004635565934,41,SUSPICIOUS
142,2,2,42.702727653469005,18,SUSPICIOUS
106,4,0,41.78224460058305,32,SUSPICIOUS
144,1,2,56.36373241127457,25,SUSPICIOUS
3773,0,0,3.475291006648628,1,AI-GENERATED
153,3,2,13.552533303389055,28,SUSPICIOUS
3366,0,0,1.1816842875296087,1,AI-GENERATED
119,4,0,26.979953331613004,31,SUSPICIOUS
156,2,2,75.63933103293706,28,SUSPICIOUS
126,3,2,36.09954150166702,12,SUSPICIOUS
4119,0,0,3.4190568320224943,2,AI-GENERATED
2436,0,0,2.58163745845725,4,AI-GENERATED
153,0,0,47.671096195689316,21,SUSPICIOUS
126,0,1,57.4283242077886,19,SUSPICIOUS
2704,0,0,0.7434662569624432,2,AI-GENERATED
2736,0,0,0.7802067473520998,2,AI-GENERATED
1907,0,0,1.1967604654750619,4,AI-GENERATED
139,3,2,38.67880547489249,32,SUSPICIOUS
150,0,0,76.97748367393099,23,SUSPICIOUS
2053,0,0,2.573662009590627,3,AI-GENERATED
2800,0,0,2.6663367471241584,3,AI-GENERATED
108,0,1,40.30172925535521,13,SUSPICIOUS
159,2,0,70.02207777975639,38,SUSPICIOUS
144,1,1,54.30147848697678,42,SUSPICIOUS
4359,0,0,1.0169066305791292,2,AI-GENERATED
150,4,0,67.48083900380212,33,SUSPICIOUS
2957,0,0,2.2010884231297934,4,AI-GENERATED
134,4,2,38.957721757589304,37,SUSPICIOUS
130,0,0,37.10849348062783,39,SUSPICIOUS
4416,0,0,2.804139580936813,2,AI-GENERATED
3324,0,0,0.8077254174668121,3,AI-GENERATED
1202,0,0,0.8232674427249942,4,AI-GENERATED
111,3,0,36.08940270311964,18,SUSPICIOUS
1618,0,0,0.3766729664069499,4,AI-GENERATED
4127,0,0,2.3065627275694833,1,AI-GENERATED
1427,0,0,1.5466637797294471,4,AI-GENERATED
157,2,1,17.424825254876854,20,SUSPICIOUS
150,4,2,40.1825497967136,22,SUSPICIOUS
142,1,1,54.14085929347695,25,SUSPICIOUS
1531,0,0,2.0203143857128705,2,AI-GENERATED
136,4,0,42.99226169792117,16,SUSPICIOUS
117,4,0,80.80870023565288,11,SUSPICIOUS
3314,0,0,0.2926855989650271,1,AI-GENERATED
130,1,1,47.691796206998646,14,SUSPICIOUS
150,4,1,45.262705387598,23,SUSPICIOUS
4581,0,0,2.2324353507430823,4,AI-GENERATED
4585,0,0,2.536393107573264,1,AI-GENERATED
148,2,2,59.27024696497098,38,SUSPICIOUS
2061,0,0,2.304541253219786,1,AI-GENERATED
1271,0,0,2.1919772083520837,1,AI-GENERATED
120,3,0,59.3048444733859,14,SUSPICIOUS
141,4,2,44.80518125633815,16,SUSPICIOUS
4373,0,0,0.18143122474649337,2,AI-GENERATED
159,3,1,27.329173966714905,36,SUSPICIOUS
125,1,0,45.13420664626702,31,SUSPICIOUS
125,1,2,74.1968360134461,37,SUSPICIOUS
1033,0,0,1.144078829783333,4,AI-GENERATED
130,0,1,41.0484400829358,11,SUSPICIOUS
2025,0,0,2.9618985520480234,3,AI-GENERATED
117,4,2,49.195595423944624,35,SUSPICIOUS
145,4,0,21.284434668675726,27,SUSPICIOUS
1395,0,0,0.5769007439891726,4,AI-GENERATED
4463,0,0,0.49274431996297063,2,AI-GENERATED
138,3,1,60.00493653616603,22,SUSPICIOUS
102,4,1,29.1386119948913,14,SUSPICIOUS
142,3,1,43.64995017893295,35,SUSPICIOUS
1822,0,0,1.0986947858378326,1,AI-GENERATED
140,4,2,39.314467021202226,13,SUSPICIOUS
3720,0,0,2.4592849631901585,2,AI-GENERATED
1154,0,0,1.6017552076000219,4,AI-GENERATED
3465,0,0,1.9277688278868252,3,AI-GENERATED
4594,0,0,3.263722937316569,1,AI-GENERATED
133,3,0,33.34271758983169,40,SUSPICIOUS
126,4,2,55.151439237466306,40,SUSPICIOUS
4452,0,0,2.106853869617708,1,AI-GENERATED
3501,0,0,2.159365883721236,3,AI-GENERATED
147,3,2,59.088249504212115,42,SUSPICIOUS
4430,0,0,2.0011960814981853,1,AI-GENERATED
150,0,0,53.77821692775743,14,SUSPICIOUS
153,0,0,36.12950330524002,38,SUSPICIOUS
162,4,2,50.213022353240675,25,SUSPICIOUS
1480,0,0,1.300334538371187,1,AI-GENERATED
1215,0,0,2.729857306263802,1,AI-GENERATED
139,0,0,36.48622144069816,15,SUSPICIOUS
122,0,0,12.561755635301964,42,SUSPICIOUS
133,1,1,56.284451465081034,26,SUSPICIOUS
159,1,2,43.49124225357611,38,SUSPICIOUS
129,0,1,55.10300232287233,24,SUSPICIOUS
4448,0,0,1.3574490286194916,1,AI-GENERATED
1807,0,0,3.309257080585144,2,AI-GENERATED
128,3,1,50.89329813830076,15,SUSPICIOUS
174,2,2,61.19630404812135,11,SUSPICIOUS
1040,0,0,3.156544038956483,2,AI-GENERATED
932,0,0,3.4291913988221516,2,AI-GENERATED
144,3,0,35.70787722991019,17,SUSPICIOUS
3143,0,0,0.9197840952587591,2,AI-GENERATED
148,0,2,52.83749838816681,18,SUSPICIOUS
143,0,2,37.97585096356161,33,SUSPICIOUS
1347,0,0,2.206214768977369,4,AI-GENERATED
4909,0,0,3.2643587376891854,4,AI-GENERATED
4048,0,0,1.0986573956007308,4,AI-GENERATED
133,4,1,45.74376076484816,35,SUSPICIOUS
121,2,0,40.77641553019595,30,SUSPICIOUS
3219,0,0,1.66389828749325,4,AI-GENERATED
130,3,0,49.99485561018154,35,SUSPICIOUS
148,4,1,62.49195449570951,24,SUSPICIOUS
471,0,0,2.964657928739691,2,AI-GENERATED
138,2,0,58.711217172706256,22,SUSPICIOUS
1887,0,0,3.4073746279975827,4,AI-GENERATED
157,1,2,39.01123918387196,43,SUSPICIOUS
2638,0,0,0.2630945527258643,1,AI-GENERATED
159,0,2,47.37386060080106,34,SUSPICIOUS
136,2,0,46.31945765419883,30,SUSPICIOUS
168,4,1,35.48516800033621,10,SUSPICIOUS
160,1,2,32.87360062383722,42,SUSPICIOUS
149,1,0,42.269120048416106,34,SUSPICIOUS
137,0,1,44.7211378048198,18,SUSPICIOUS
106,1,2,42.11824803711894,23,SUSPICIOUS
111,4,2,43.277049411234245,26,SUSPICIOUS
162,2,1,21.92321518495994,29,SUSPICIOUS
153,3,2,32.81970359802252,37,SUSPICIOUS
166,0,2,29.19833624259325,26,SUSPICIOUS
2161,0,0,0.30637610227721057,3,AI-GENERATED
2388,0,0,1.6455760233242935,4,AI-GENERATED
143,3,1,53.372030096164636,10,SUSPICIOUS
1471,0,0,2.257733015293182,3,AI-GENERATED
1935,0,0,3.2465738493728655,1,AI-GENERATED
4217,0,0,1.0391083473739837,1,AI-GENERATED
151,1,0,60.10969566035136,15,SUSPICIOUS
3146,0,0,0.46059425220494365,1,AI-GENERATED
2695,0,0,2.594136620378564,2,AI-GENERATED
154,1,0,46.95955134098881,34,SUSPICIOUS
3435,0,0,1.8856419474059785,3,AI-GENERATED
97,3,0,54.80845885638587,41,SUSPICIOUS
138,2,0,34.85632432622249,28,SUSPICIOUS
4231,0,0,1.6997374126091076,2,AI-GENERATED
4643,0,0,1.054778330832641,2,AI-GENERATED
144,4,1,25.51417530804988,25,SUSPICIOUS
122,4,2,71.00789771231533,16,SUSPICIOUS
4245,0,0,1.4672456260069064,3,AI-GENERATED
130,1,2,45.69937355036873,13,SUSPICIOUS
101,1,1,51.193957761154145,37,SUSPICIOUS
1437,0,0,3.1974527639919947,1,AI-GENERATED
134,3,0,28.37554577309466,13,SUSPICIOUS
145,3,1,55.15335418399289,10,SUSPICIOUS
181,1,0,17.150711415434543,32,SUSPICIOUS
140,2,2,46.2385724007887,41,SUSPICIOUS
179,0,2,73.92844672056943,34,SUSPICIOUS
1482,0,0,2.2597181027323083,1,AI-GENERATED
147,4,2,56.011025747599746,30,SUSPICIOUS
145,1,0,51.81475451978215,42,SUSPICIOUS
136,0,0,47.70002938169934,15,SUSPICIOUS
2150,0,0,2.9863344148863495,3,AI-GENERATED
153,1,1,14.948612710574551,18,SUSPICIOUS
139,4,2,58.01102605832865,39,SUSPICIOUS
140,1,2,68.70719905768253,39,SUSPICIOUS
149,0,2,32.811526241630965,16,SUSPICIOUS
140,0,2,54.1782163488625,24,SUSPICIOUS
140,4,1,29.071849197448547,33,SUSPICIOUS
154,2,2,49.38979860293752,15,SUSPICIOUS
2951,0,0,1.5041743528658726,1,AI-GENERATED
4859,0,0,1.0847360098556647,1,AI-GENERATED
730,0,0,0.2807419536000554,3,AI-GENERATED
143,0,2,56.93539103765421,30,SUSPICIOUS
2881,0,0,2.242422727187309,1,AI-GENERATED
126,0,0,40.43863873965777,42,SUSPICIOUS
165,2,1,30.689035151221816,44,SUSPICIOUS
3729,0,0,3.216575104039509,1,AI-GENERATED
124,2,0,48.54206711768611,27,SUSPICIOUS
4558,0,0,0.6907161271557246,4,AI-GENERATED
2795,0,0,1.655143839910856,2,AI-GENERATED
4525,0,0,2.173047168301863,4,AI-GENERATED
461,0,0,0.22339303658023757,2,AI-GENERATED
2247,0,0,0.7307431293604971,4,AI-GENERATED
190,0,1,55.633439627022355,16,SUSPICIOUS
4242,0,0,0.9151794375243312,4,AI-GENERATED
3485,0,0,1.393395743626931,1,AI-GENERATED
113,4,0,31.332043101968225,18,SUSPICIOUS
170,4,2,24.00210018231868,33,SUSPICIOUS
752,0,0,2.5002827758067014,4,AI-GENERATED
3026,0,0,1.694342551557774,3,AI-GENERATED
3882,0,0,1.2811242768865398,1,AI-GENERATED
3943,0,0,1.0970581949741618,2,AI-GENERATED
133,0,1,57.2188215666608,30,SUSPICIOUS
121,1,2,62.460138241773734,16,SUSPICIOUS
540,0,0,2.5741137370347484,2,AI-GENERATED
749,0,0,2.1625993161066224,2,AI-GENERATED
3524,0,0,1.3863468290334042,1,AI-GENERATED
114,1,0,50.96956414608799,39,SUSPICIOUS
151,0,2,40.63104169499419,33,SUSPICIOUS
2733,0,0,2.72262751591681,2,AI-GENERATED
152,2,1,41.53845313820156,41,SUSPICIOUS
159,1,2,38.009295233065714,30,SUSPICIOUS
106,3,1,68.36983028917277,22,SUSPICIOUS
148,4,1,51.46271771790147,25,SUSPICIOUS
148,3,1,56.46764952744634,43,SUSPICIOUS
168,4,2,36.70635456329339,41,SUSPICIOUS
131,0,2,15.14760183228243,27,SUSPICIOUS
3699,0,0,1.3570660191074333,2,AI-GENERATED
985,0,0,2.6805036104703452,1,AI-GENERATED
620,0,0,3.3122010963649036,4,AI-GENERATED
1999,0,0,0.5028698801167983,2,AI-GENERATED
160,4,2,51.4147454695775,39,SUSPICIOUS
149,4,1,31.87588304156739,13,SUSPICIOUS
139,0,2,42.042842534680254,40,SUSPICIOUS
129,0,2,38.403933850373996,25,SUSPICIOUS
144,1,1,29.035033104704628,28,SUSPICIOUS
136,0,0,58.474007258542635,37,SUSPICIOUS
1922,0,0,0.9384443541155585,1,AI-GENERATED
2584,0,0,2.79049705406552,3,AI-GENERATED
152,2,2,49.538262673067145,44,SUSPICIOUS
138,2,1,44.41140748749956,29,SUSPICIOUS
142,3,0,58.862381212160656,41,SUSPICIOUS
139,0,2,45.23200900880329,31,SUSPICIOUS
125,3,1,56.201365471430194,34,SUSPICIOUS
96,3,0,53.31438424272199,17,SUSPICIOUS
4867,0,0,1.9421950082319903,3,AI-GENERATED
3396,0,0,0.5999059340319688,3,AI-GENERATED
140,4,2,30.365911074910947,35,SUSPICIOUS
120,2,1,62.45724901914241,34,SUSPICIOUS
1375,0,0,2.650209257868484,4,AI-GENERATED
117,3,2,39.12841689325204,33,SUSPICIOUS
173,0,1,32.57871124988582,32,SUSPICIOUS
1422,0,0,2.850543011065622,4,AI-GENERATED
2892,0,0,3.2433246640107667,4,AI-GENERATED
2053,0,0,3.28346970218042,4,AI-GENERATED
164,1,2,63.448626266332646,26,SUSPICIOUS
4758,0,0,0.7766930780777351,3,AI-GENERATED
1643,0,0,3.229569517814238,4,AI-GENERATED
1069,0,0,1.170270854850241,1,AI-GENERATED
4985,0,0,0.9228041351778977,2,AI-GENERATED
132,3,2,74.21475211459622,29,SUSPICIOUS
137,3,1,55.89272644199052,42,SUSPICIOUS
3604,0,0,0.8638954620234915,4,AI-GENERATED
156,3,0,33.66980902534534,15,SUSPICIOUS
142,4,0,39.614474956181475,28,SUSPICIOUS
135,2,2,50.49984347212835,35,SUSPICIOUS
118,2,0,46.47604844212942,39,SUSPICIOUS
2491,0,0,1.7761792068795506,1,AI-GENERATED
154,2,1,56.59602141316373,29,SUSPICIOUS
125,0,1,64.94071390049753,44,SUSPICIOUS
2677,0,0,2.1479233695793747,2,AI-GENERATED
139,2,0,7.145483574702553,29,SUSPICIOUS
2473,0,0,0.13459687637228546,1,AI-GENERATED
1583,0,0,0.7872671861987537,2,AI-GENERATED
2019,0,0,3.3278437033460317,4,AI-GENERATED
102,4,2,42.93985767710864,35,SUSPICIOUS
154,0,2,63.262732727041026,37,SUSPICIOUS
3485,0,0,2.577468656468306,4,AI-GENERATED
158,1,2,49.75307480340942,43,SUSPICIOUS
97,3,1,48.493646286841816,16,SUSPICIOUS
140,1,1,60.0779344397226,29,SUSPICIOUS
2619,0,0,3.220373321199223,3,AI-GENERATED
4941,0,0,2.2887694607224773,3,AI-GENERATED
161,0,2,43.67825258573834,31,SUSPICIOUS
155,2,0,60.791640207805955,25,SUSPICIOUS
148,2,0,48.492768886391886,15,SUSPICIOUS
2387,0,0,3.4144428739376655,3,AI-GENERATED
126,2,0,12.685950999544858,13,SUSPICIOUS
841,0,0,2.611811781178982,4,AI-GENERATED
2283,0,0,3.2385046709711065,2,AI-GENERATED
4865,0,0,2.059397310308211,3,AI-GENERATED
135,4,1,43.62810958948929,22,SUSPICIOUS
3797,0,0,1.7776817805816154,3,AI-GENERATED
107,3,2,44.39697344605584,19,SUSPICIOUS
4219,0,0,0.20074063323258967,3,AI-GENERATED
89,2,0,72.65301468064182,41,SUSPICIOUS
4146,0,0,2.0350608060624205,3,AI-GENERATED
4646,0,0,0.11314235119706029,3,AI-GENERATED
117,4,2,26.060313102203377,11,SUSPICIOUS
974,0,0,3.3644696561992284,4,AI-GENERATED
168,4,1,60.752832388650155,30,SUSPICIOUS
732,0,0,1.698162132160181,1,AI-GENERATED
719,0,0,2.1845963770209913,2,AI-GENERATED
3369,0,0,1.5894212274141952,1,AI-GENERATED
117,3,0,50.5899307552332,22,SUSPICIOUS
110,0,2,49.29976578482118,28,SUSPICIOUS
109,3,2,52.49110820906572,24,SUSPICIOUS
139,0,1,79.81326127520865,43,SUSPICIOUS
927,0,0,2.853082167722118,1,AI-GENERATED
129,4,0,44.326544857511365,41,SUSPICIOUS
1882,0,0,3.1081940685716978,2,AI-GENERATED
2096,0,0,2.5511559492815907,1,AI-GENERATED
121,0,1,39.72658987428422,26,SUSPICIOUS
153,1,0,41.56339702214244,17,SUSPICIOUS
130,1,0,39.12494018066505,25,SUSPICIOUS
4879,0,0,0.656661923770283,2,AI-GENERATED
111,2,2,28.628123660937856,26,SUSPICIOUS
4875,0,0,1.9872334092533017,1,AI-GENERATED
143,1,0,28.340921883439503,10,SUSPICIOUS
3928,0,0,3.4366341619898186,2,AI-GENERATED
148,4,0,44.11014782690683,19,SUSPICIOUS
94,0,0,29.71146485422436,13,SUSPICIOUS
4006,0,0,3.40238038673673,4,AI-GENERATED
2680,0,0,2.1816980736766913,2,AI-GENERATED
4770,0,0,2.787515371135271,4,AI-GENERATED
2796,0,0,1.9097670893909477,1,AI-GENERATED
475,0,0,3.2853272400285745,3,AI-GENERATED
137,4,2,23.22974555861826,43,SUSPICIOUS
163,4,0,54.31227478146775,25,SUSPICIOUS
127,3,0,72.81291097482593,23,SUSPICIOUS
106,0,2,40.137295379921284,28,SUSPICIOUS
741,0,0,0.6746863273766002,1,AI-GENERATED
478,0,0,3.010192141339152,1,AI-GENERATED
4026,0,0,2.119403933197112,2,AI-GENERATED
4573,0,0,0.7175502593128789,4,AI-GENERATED
160,0,0,61.58240157764405,32,SUSPICIOUS
188,1,0,37.36617133536349,18,SUSPICIOUS
141,4,1,48.23659302951649,37,SUSPICIOUS
164,2,1,62.72474578580111,14,SUSPICIOUS
3934,0,0,0.25139779727736894,4,AI-GENERATED
180,1,0,45.7347115080854,19,SUSPICIOUS
151,2,2,51.13744830446265,31,SUSPICIOUS
4368,0,0,3.0556576821240213,2,AI-GENERATED
4831,0,0,0.32808518869978504,2,AI-GENERATED
3448,0,0,1.4325951602355411,3,AI-GENERATED
138,1,0,46.1124331962341,39,SUSPICIOUS
119,1,0,72.16321379703793,39,SUSPICIOUS
127,2,0,63.834222019088756,25,SUSPICIOUS
2104,0,0,2.715082040763295,4,AI-GENERATED
2898,0,0,3.34114359549736,2,AI-GENERATED
143,1,2,47.60621007112884,41,SUSPICIOUS
151,3,1,45.32636742752851,20,SUSPICIOUS
4419,0,0,2.774281748642704,4,AI-GENERATED
106,4,0,57.37354421003563,30,SUSPICIOUS
2196,0,0,0.23891228333047582,3,AI-GENERATED
4238,0,0,2.4959351840713686,1,AI-GENERATED
1861,0,0,1.9305354792410392,3,AI-GENERATED
146,0,0,35.29125154658041,28,SUSPICIOUS
118,3,2,34.17985027443036,19,SUSPICIOUS
140,0,2,52.33186446501928,43,SUSPICIOUS
157,0,0,48.6401699254293,12,SUSPICIOUS
465,0,0,3.336197773162344,2,AI-GENERATED
4634,0,0,0.366063056556017,4,AI-GENERATED
144,2,1,20.298243506547024,25,SUSPICIOUS
1571,0,0,2.943863508590974,3,AI-GENERATED
3425,0,0,0.9975184150748946,3,AI-GENERATED
157,4,2,49.633633148597504,21,SUSPICIOUS
4728,0,0,0.687553205684566,1,AI-GENERATED
849,0,0,3.451409790186753,2,AI-GENERATED
3257,0,0,1.0636921340230585,4,AI-GENERATED
4664,0,0,0.8646705241640816,4,AI-GENERATED
117,2,0,32.108946133105434,38,SUSPICIOUS
2600,0,0,0.9278804892701746,4,AI-GENERATED
128,2,1,39.779821282649934,15,SUSPICIOUS
164,3,0,36.11264364371017,18,SUSPICIOUS
2815,0,0,1.9384421628874606,3,AI-GENERATED
146,0,2,34.03935613970364,17,SUSPICIOUS
3451,0,0,2.1105748595852587,4,AI-GENERATED
118,4,1,56.20615441441818,32,SUSPICIOUS
117,2,1,64.01785371067076,44,SUSPICIOUS
166,2,1,57.32000980175755,11,SUSPICIOUS
1536,0,0,2.573891570988899,4,AI-GENERATED
124,0,0,60.091563900004026,18,SUSPICIOUS
3905,0,0,1.2904437141764546,4,AI-GENERATED
149,4,2,52.463772744873914,16,SUSPICIOUS
1738,0,0,1.2695999076442102,3,AI-GENERATED
154,2,0,83.06542631014604,25,SUSPICIOUS
4425,0,0,3.2186952640588204,2,AI-GENERATED
2916,0,0,1.2510609050005639,2,AI-GENERATED
1884,0,0,0.2173803522408963,2,AI-GENERATED
719,0,0,0.3912763454801328,4,AI-GENERATED
157,2,2,34.69298188554002,27,SUSPICIOUS
1954,0,0,0.6286034391258084,4,AI-GENERATED
4120,0,0,0.9264681600273549,4,AI-GENERATED
118,0,0,28.10847336268459,20,SUSPICIOUS
122,2,1,30.71706093761536,33,SUSPICIOUS
2972,0,0,3.154382050880988,1,AI-GENERATED
150,4,2,40.87841072097115,36,SUSPICIOUS
2912,0,0,0.267364591328702,3,AI-GENERATED
144,2,1,55.72352045969653,23,SUSPICIOUS
137,3,2,68.5697634153704,32,SUSPICIOUS
158,4,2,32.105829300365066,26,SUSPICIOUS
120,3,0,27.50520910668676,37,SUSPICIOUS
2360,0,0,2.901047616426228,3,AI-GENERATED
3298,0,0,2.160102373273897,1,AI-GENERATED
128,3,0,42.67388046740708,40,SUSPICIOUS
2828,0,0,0.39901515089598794,1,AI-GENERATED
138,2,1,43.912251443464065,33,SUSPICIOUS
4099,0,0,0.8480011545802353,3,AI-GENERATED
4690,0,0,2.3110891202896897,1,AI-GENERATED
148,2,1,55.78096357077399,41,SUSPICIOUS
150,1,0,26.121093520864928,14,SUSPICIOUS
170,1,0,37.309911983801825,38,SUSPICIOUS
92,3,1,27.254743186524955,43,SUSPICIOUS
4437,0,0,1.3733000097076262,4,AI-GENERATED
156,2,2,45.33832858666185,25,SUSPICIOUS
611,0,0,2.0047920927651384,3,AI-GENERATED
187,4,1,31.88395271696797,13,SUSPICIOUS
161,1,0,34.988856207402534,37,SUSPICIOUS
3860,0,0,0.37263610958250126,1,AI-GENERATED
160,1,2,55.98747105917455,38,SUSPICIOUS
1112,0,0,0.3098827017593456,3,AI-GENERATED
157,0,1,68.44604242085278,36,SUSPICIOUS
154,0,1,37.85752664732277,12,SUSPICIOUS
136,1,0,56.8818080097883,28,SUSPICIOUS
137,1,0,13.249509623567079,36,SUSPICIOUS
111,2,0,49.6911824469967,22,SUSPICIOUS
144,3,1,57.434559539677544,15,SUSPICIOUS
140,1,0,62.77751931415632,38,SUSPICIOUS
80,3,1,35.42503967858429,39,SUSPICIOUS
137,2,2,23.46109355256634,24,SUSPICIOUS
3460,0,0,2.974950259489785,2,AI-GENERATED
2567,0,0,1.4677600208806578,2,AI-GENERATED
4317,0,0,3.0975256019632633,4,AI-GENERATED
4105,0,0,1.1206333675483922,1,AI-GENERATED
4374,0,0,1.4420102868988907,3,AI-GENERATED
155,0,1,44.23447593395855,12,SUSPICIOUS
586,0,0,1.0698199377616624,4,AI-GENERATED
1797,0,0,1.845863215559702,3,AI-GENERATED
1761,0,0,1.5015226952807454,1,AI-GENERATED
3324,0,0,1.6461344909397397,2,AI-GENERATED
1029,0,0,1.7699373092618276,3,AI-GENERATED
594,0,0,1.618399055719115,4,AI-GENERATED
2590,0,0,0.25573996716050007,4,AI-GENERATED
163,1,2,35.774670387537725,12,SUSPICIOUS
4162,0,0,3.4268811410421995,1,AI-GENERATED
136,3,2,56.218710248341644,34,SUSPICIOUS
2925,0,0,3.3762006143108088,3,AI-GENERATED
4692,0,0,0.8209838369138309,4,AI-GENERATED
4952,0,0,3.4824668315940843,2,AI-GENERATED
1557,0,0,1.1625565025984204,3,AI-GENERATED
157,1,2,34.39902288637124,30,SUSPICIOUS
2736,0,0,1.4289440848333428,1,AI-GENERATED
3984,0,0,1.2621240133018479,3,AI-GENERATED
142,2,1,51.06173584262498,40,SUSPICIOUS
4256,0,0,1.7431110746503766,2,AI-GENERATED
2282,0,0,2.133400895976733,4,AI-GENERATED
952,0,0,0.2844385663075879,2,AI-GENERATED
159,3,1,18.04867750832192,31,SUSPICIOUS
998,0,0,2.8069511699730327,1,AI-GENERATED
4557,0,0,3.481113001912485,4,AI-GENERATED
93,2,0,70.13448066607086,10,SUSPICIOUS
149,3,0,57.12127569498411,27,SUSPICIOUS
504,0,0,3.3654533838592426,1,AI-GENERATED
4830,0,0,0.6656745961739367,3,AI-GENERATED
198,3,0,32.926626294620625,38,SUSPICIOUS
167,3,0,65.9336219170401,32,SUSPICIOUS
154,2,1,33.186388483987,40,SUSPICIOUS
406,0,0,3.1611670232622795,1,AI-GENERATED
2239,0,0,2.9748569299405485,1,AI-GENERATED
108,2,0,49.094492115010304,42,SUSPICIOUS
120,3,1,35.76010592047006,30,SUSPICIOUS
130,2,0,27.95497728395327,23,SUSPICIOUS
157,4,0,51.388369180048144,17,SUSPICIOUS
98,2,1,36.25159788392918,23,SUSPICIOUS
175,4,2,53.71265277325712,28,SUSPICIOUS
1420,0,0,3.4496342042439014,4,AI-GENERATED
146,3,1,20.092643573505015,28,SUSPICIOUS
166,1,2,60.52109855562197,28,SUSPICIOUS
2558,0,0,0.17081460336966953,2,AI-GENERATED
113,0,1,58.43566498340904,10,SUSPICIOUS
2171,0,0,3.2627563671835724,4,AI-GENERATED
3660,0,0,3.391365676323234,2,AI-GENERATED
155,2,1,37.5662188828533,29,SUSPICIOUS
123,1,2,45.19251338820108,31,SUSPICIOUS
1516,0,0,3.228257084046734,1,AI-GENERATED
153,1,1,30.710026800603124,43,SUSPICIOUS
4623,0,0,1.732152506640623,2,AI-GENERATED
2616,0,0,1.1232295580503446,4,AI-GENERATED
135,1,1,49.98086212982988,43,SUSPICIOUS
2211,0,0,2.7585738317552795,1,AI-GENERATED
2767,0,0,2.1495281230448557,1,AI-GENERATED
168,3,1,45.55921030712087,42,SUSPICIOUS
156,4,0,45.7017815736779,11,SUSPICIOUS
2425,0,0,3.013140106367733,4,AI-GENERATED
119,2,2,52.29815525262367,32,SUSPICIOUS
170,0,1,30.80724886444961,13,SUSPICIOUS
4588,0,0,0.7517650060387453,1,AI-GENERATED
433,0,0,1.4325663825042652,4,AI-GENERATED
3571,0,0,2.0138574294477363,4,AI-GENERATED
2382,0,0,2.0510756398413466,2,AI-GENERATED
112,4,2,46.54939682199348,24,SUSPICIOUS
113,1,0,55.485925226887744,18,SUSPICIOUS
2878,0,0,2.244327911060094,1,AI-GENERATED
122,1,1,70.00498071706957,32,SUSPICIOUS
1731,0,0,2.5283229425400697,4,AI-GENERATED
163,4,1,57.64031757704193,40,SUSPICIOUS
1107,0,0,3.325880878280955,3,AI-GENERATED
4792,0,0,0.43548488768792326,4,AI-GENERATED
163,2,0,50.42090249517388,17,SUSPICIOUS
1508,0,0,2.088181842771542,4,AI-GENERATED
886,0,0,0.27879013970256994,2,AI-GENERATED
4046,0,0,0.6879841849558878,4,AI-GENERATED
2701,0,0,1.8439015019934983,2,AI-GENERATED
3533,0,0,3.346192652222157,4,AI-GENERATED
171,3,2,51.07587896343496,35,SUSPICIOUS
114,0,1,54.88797949005409,19,SUSPICIOUS
3161,0,0,2.642898573994658,2,AI-GENERATED
3960,0,0,0.5587728888860738,1,AI-GENERATED
4786,0,0,2.326706093038766,2,AI-GENERATED
140,0,1,63.093719251604355,28,SUSPICIOUS
117,3,2,29.341845594051325,21,SUSPICIOUS
4510,0,0,2.066743553409242,2,AI-GENERATED
1615,0,0,2.3166779739689796,1,AI-GENERATED
123,2,1,27.98407866081776,30,SUSPICIOUS
137,2,0,40.12262818118542,40,SUSPICIOUS
124,0,1,32.29386334840707,17,SUSPICIOUS
126,4,1,48.307290333868416,18,SUSPICIOUS
856,0,0,2.1501624347379815,3,AI-GENERATED
953,0,0,2.811505439535159,3,AI-GENERATED
2399,0,0,2.711514556394596,4,AI-GENERATED
156,3,2,29.15321431706284,12,SUSPICIOUS
1108,0,0,0.6777629574308549,1,AI-GENERATED
138,4,0,37.91429768012912,24,SUSPICIOUS
155,3,2,71.67576862420363,23,SUSPICIOUS
891,0,0,1.4180390889236913,3,AI-GENERATED
1723,0,0,1.3003587262388316,1,AI-GENERATED
126,2,1,61.318741696539256,16,SUSPICIOUS
1181,0,0,1.9375470933441736,3,AI-GENERATED
154,0,0,33.833469862402694,11,SUSPICIOUS
2239,0,0,1.5228191016299364,2,AI-GENERATED
128,4,1,28.86438003609147,13,SUSPICIOUS
152,0,2,28.246099404092487,41,SUSPICIOUS
1264,0,0,1.1881889266199617,1,AI-GENERATED
3413,0,0,2.3473821880171983,4,AI-GENERATED
3263,0,0,0.1354661590526752,4,AI-GENERATED
2363,0,0,2.5769236573488823,1,AI-GENERATED
147,2,2,27.26710474412893,20,SUSPICIOUS
145,0,2,66.03949942927756,20,SUSPICIOUS
958,0,0,0.14911404980790083,4,AI-GENERATED
133,2,0,41.619012122540084,13,SUSPICIOUS
3396,0,0,2.157433182612941,1,AI-GENERATED
3548,0,0,0.8728028783210741,3,AI-GENERATED
93,1,0,38.36934874750716,33,SUSPICIOUS
4140,0,0,2.5004156515153912,3,AI-GENERATED
139,3,2,31.81498737852406,21,SUSPICIOUS
168,2,1,64.16051790303015,18,SUSPICIOUS
112,2,2,21.9842251493997,16,SUSPICIOUS
134,2,1,56.88323049427179,35,SUSPICIOUS
634,0,0,2.887983909078052,1,AI-GENERATED
3790,0,0,2.5474879570655378,2,AI-GENERATED
125,3,0,35.47568125516082,20,SUSPICIOUS
127,0,2,49.722300432749165,43,SUSPICIOUS
673,0,0,0.7455280250801106,2,AI-GENERATED
2029,0,0,2.697411157927499,4,AI-GENERATED
798,0,0,2.1834488056846704,2,AI-GENERATED
164,0,1,49.346083331591345,30,SUSPICIOUS
2511,0,0,0.21788999315215896,2,AI-GENERATED
116,0,2,56.18353631854639,33,SUSPICIOUS
122,2,1,59.9093430183582,31,SUSPICIOUS
4877,0,0,3.423105671733657,1,AI-GENERATED
839,0,0,0.6836516274450402,1,AI-GENERATED
159,3,0,64.12541982272063,20,SUSPICIOUS
2725,0,0,0.2325210793624291,1,AI-GENERATED
129,0,2,60.66053621352671,23,SUSPICIOUS
124,4,1,54.45733960443215,26,SUSPICIOUS
122,0,1,52.10879381144393,11,SUSPICIOUS
1033,0,0,1.9035158649359696,3,AI-GENERATED
2299,0,0,2.4188806939265004,3,AI-GENERATED
105,2,0,37.239156247324644,32,SUSPICIOUS
2634,0,0,2.1342342372204333,3,AI-GENERATED
85,0,0,23.460378487748894,27,SUSPICIOUS
127,2,1,69.69833196542967,41,SUSPICIOUS
3249,0,0,2.7440183166574554,1,AI-GENERATED
160,0,1,47.87528166368046,27,SUSPICIOUS
653,0,0,0.5789446359597773,1,AI-GENERATED
3447,0,0,0.7805263422563472,4,AI-GENERATED
3976,0,0,0.4437082737146303,4,AI-GENERATED
170,0,1,23.517256622812766,29,SUSPICIOUS
154,3,1,52.364098792454435,24,SUSPICIOUS
539,0,0,2.192964614567359,2,AI-GENERATED
152,3,2,5.0,32,SUSPICIOUS
160,1,2,59.28104462680325,33,SUSPICIOUS
4426,0,0,2.8761694130877884,4,AI-GENERATED
134,1,0,44.18981826067891,28,SUSPICIOUS
3207,0,0,1.2199274744047686,4,AI-GENERATED
2368,0,0,0.9190946693598705,3,AI-GENERATED
2949,0,0,2.510695935224402,4,AI-GENERATED
3802,0,0,2.7614778299191705,3,AI-GENERATED
3161,0,0,3.3180349731143184,1,AI-GENERATED
126,1,1,36.97709558266668,15,SUSPICIOUS
149,2,1,80.17294058950614,33,SUSPICIOUS
153,2,0,38.84138035703626,31,SUSPICIOUS
152,3,1,57.477861027663536,40,SUSPICIOUS
108,3,2,27.307798852931597,17,SUSPICIOUS
154,1,0,75.98713123302953,38,SUSPICIOUS
154,2,2,23.497175752043315,18,SUSPICIOUS
134,0,0,29.66611066391579,22,SUSPICIOUS
776,0,0,0.8894513791281775,2,AI-GENERATED
1807,0,0,2.5435779044417384,1,AI-GENERATED
133,2,2,69.652974703958,13,SUSPICIOUS
754,0,0,3.4906252784561365,1,AI-GENERATED
149,4,1,67.36732597487635,22,SUSPICIOUS
4185,0,0,1.2421951678071539,1,AI-GENERATED
124,0,0,42.621848110658725,39,SUSPICIOUS
1602,0,0,1.3050859816612552,4,AI-GENERATED
132,2,1,25.829363026653546,31,SUSPICIOUS
140,2,1,30.085746153237864,34,SUSPICIOUS
151,2,0,49.841470092236165,29,SUSPICIOUS
2410,0,0,1.2085741909392256,3,AI-GENERATED
140,0,2,51.38660974444993,20,SUSPICIOUS
1976,0,0,0.5023164465709649,3,AI-GENERATED
610,0,0,1.5527885724865735,1,AI-GENERATED
2611,0,0,2.558895788463722,3,AI-GENERATED
3122,0,0,2.282225825045013,3,AI-GENERATED
110,1,0,47.08832744291581,38,SUSPICIOUS
112,4,0,5.0,21,SUSPICIOUS
156,2,0,55.10756987069759,27,SUSPICIOUS
135,3,2,52.16630284381768,32,SUSPICIOUS
1797,0,0,1.0704122123105713,2,AI-GENERATED
147,2,0,32.472944815650116,36,SUSPICIOUS
135,0,1,35.270591605849155,44,SUSPICIOUS
94,2,2,32.56929394867312,15,SUSPICIOUS
666,0,0,1.2494133251769874,4,AI-GENERATED
4674,0,0,0.8659477685108306,4,AI-GENERATED
3752,0,0,2.0381813280442906,2,AI-GENERATED
1022,0,0,0.9503658391874783,1,AI-GENERATED
141,3,1,58.909501733386534,29,SUSPICIOUS
2226,0,0,3.1354149046053355,4,AI-GENERATED
964,0,0,1.3981544654878448,2,AI-GENERATED
4121,0,0,0.1530276588916784,3,AI-GENERATED
147,0,1,46.65133249202033,38,SUSPICIOUS
147,1,2,42.4109346513314,38,SUSPICIOUS
1571,0,0,3.3162716277827857,4,AI-GENERATED
401,0,0,3.164833745734574,3,AI-GENERATED
150,4,1,54.35303006278877,14,SUSPICIOUS
4500,0,0,1.562602376528158,4,AI-GENERATED
1928,0,0,2.0616742304827387,4,AI-GENERATED
144,0,2,54.61947415203658,35,SUSPICIOUS
135,0,2,42.28685427499239,24,SUSPICIOUS
3139,0,0,3.176181664460641,4,AI-GENERATED
165,0,2,68.1304613985448,14,SUSPICIOUS
4062,0,0,0.7715411829399994,3,AI-GENERATED
139,1,0,40.32340833745201,34,SUSPICIOUS
152,4,2,40.39104306726547,24,SUSPICIOUS
139,0,0,41.79444603779489,12,SUSPICIOUS
136,1,2,39.18171636524318,43,SUSPICIOUS
164,0,2,62.680423011748104,31,SUSPICIOUS
4895,0,0,1.5893432980082016,3,AI-GENERATED
139,1,1,56.47915556679151,34,SUSPICIOUS
150,1,0,71.33339629360403,18,SUSPICIOUS
3703,0,0,1.9428419316133236,3,AI-GENERATED
142,2,0,41.632992809507044,44,SUSPICIOUS
3986,0,0,0.7071645953663732,4,AI-GENERATED
4260,0,0,3.4561452586513526,1,AI-GENERATED
151,3,2,37.72907997334966,15,SUSPICIOUS
710,0,0,2.069220123165573,2,AI-GENERATED
131,0,0,51.05683188774745,39,SUSPICIOUS
3439,0,0,0.6999417170323532,2,AI-GENERATED
3609,0,0,1.7914633733157486,3,AI-GENERATED
118,2,0,30.14319917962372,44,SUSPICIOUS
144,1,1,21.61137521211342,25,SUSPICIOUS
148,4,1,57.22909243521434,31,SUSPICIOUS
137,2,1,39.55581313819036,12,SUSPICIOUS
143,3,0,32.66765668580641,31,SUSPICIOUS
148,4,1,18.382428347405117,36,SUSPICIOUS
105,3,0,47.60704935070231,17,SUSPICIOUS
4685,0,0,1.2099004137932345,1,AI-GENERATED
3809,0,0,1.0692192854982372,1,AI-GENERATED
170,0,1,53.959487520705935,10,SUSPICIOUS
4881,0,0,0.13586470321087166,1,AI-GENERATED
130,3,2,87.1281267141699,38,SUSPICIOUS
2381,0,0,2.2526439487037697,1,AI-GENERATED
145,2,0,61.42612494539473,32,SUSPICIOUS
147,1,2,22.71449187578022,28,SUSPICIOUS
136,4,0,14.500159071964717,36,SUSPICIOUS
157,1,1,37.73447282058538,24,SUSPICIOUS
149,3,2,58.69763099232011,33,SUSPICIOUS
145,4,2,59.58852768558912,15,SUSPICIOUS
3593,0,0,2.5862011255150703,2,AI-GENERATED
1230,0,0,0.41472430322302734,4,AI-GENERATED
169,0,2,32.38407441909496,14,SUSPICIOUS
115,0,1,49.70341207858224,18,SUSPICIOUS
140,3,0,47.93237699122074,27,SUSPICIOUS
1894,0,0,0.5871014054333441,1,AI-GENERATED
110,2,0,22.589606967048507,35,SUSPICIOUS
2217,0,0,0.770906951837172,3,AI-GENERATED
3644,0,0,1.1905209248595066,4,AI-GENERATED
178,1,2,27.898042417591363,40,SUSPICIOUS
133,0,0,42.77547344566607,23,SUSPICIOUS
3519,0,0,1.1688498538109322,4,AI-GENERATED
160,2,2,57.81337735438704,28,SUSPICIOUS
1755,0,0,1.652259388784321,2,AI-GENERATED
1490,0,0,0.27677153023133405,1,AI-GENERATED
114,4,2,56.258544836002415,22,SUSPICIOUS
146,2,1,13.631958753942722,11,SUSPICIOUS
101,3,0,70.29898548637365,31,SUSPICIOUS
123,3,0,63.568305500491846,18,SUSPICIOUS
4134,0,0,0.12923404399770033,3,AI-GENERATED
3111,0,0,1.696756643240442,2,AI-GENERATED
157,4,2,61.73119903409551,24,SUSPICIOUS
139,4,1,61.091321162225455,28,SUSPICIOUS
145,2,0,34.061565254660266,26,SUSPICIOUS
3957,0,0,1.354168732483989,4,AI-GENERATED
112,4,0,66.71083021053241,30,SUSPICIOUS
159,0,2,57.75726074947666,42,SUSPICIOUS
3658,0,0,1.700046907877739,1,AI-GENERATED
2413,0,0,3.020624031163246,3,AI-GENERATED
2641,0,0,0.47586458013618527,2,AI-GENERATED
143,1,1,50.90644167329344,33,SUSPICIOUS
170,4,2,53.42050517727917,19,SUSPICIOUS
1887,0,0,1.6454192058647201,2,AI-GENERATED
4291,0,0,2.565291326717986,3,AI-GENERATED
1892,0,0,0.19565019765766756,4,AI-GENERATED
1664,0,0,0.41629237434689814,4,AI-GENERATED
3481,0,0,1.2309607586850897,3,AI-GENERATED
155,2,0,45.823017969261166,10,SUSPICIOUS
179,4,0,50.44811929735267,44,SUSPICIOUS
4976,0,0,0.18480889738029196,1,AI-GENERATED
136,3,0,60.33465323424515,16,SUSPICIOUS
124,1,1,18.627786066232353,34,SUSPICIOUS
3587,0,0,3.0485585027878535,1,AI-GENERATED
147,0,0,14.14124042145039,18,SUSPICIOUS
564,0,0,2.0580678670869963,3,AI-GENERATED
168,2,2,64.3356965528994,27,SUSPICIOUS
154,1,1,63.39726265138876,37,SUSPICIOUS
1242,0,0,0.2071356834388969,4,AI-GENERATED
4901,0,0,2.078345517016184,2,AI-GENERATED
3222,0,0,1.1085361755835317,3,AI-GENERATED
3821,0,0,0.6914357648227358,3,AI-GENERATED
132,1,2,43.8052284068418,17,SUSPICIOUS
4489,0,0,2.7575023409674673,4,AI-GENERATED
160,4,2,26.08336939892479,33,SUSPICIOUS
1029,0,0,1.9363421139078876,2,AI-GENERATED
4257,0,0,3.4553647555317255,3,AI-GENERATED
135,2,0,48.98298620807165,14,SUSPICIOUS
1573,0,0,3.307394010020488,4,AI-GENERATED
121,4,1,5.0,32,SUSPICIOUS
120,1,2,77.50970024616122,16,SUSPICIOUS
1739,0,0,2.2487354869410883,2,AI-GENERATED
139,2,1,34.56654538231949,11,SUSPICIOUS
2667,0,0,3.25156791024455,4,AI-GENERATED
168,3,1,49.82544273606772,22,SUSPICIOUS
114,4,1,36.7762921742366,33,SUSPICIOUS
125,1,0,38.605615620436645,44,SUSPICIOUS
128,0,0,45.454262480398974,21,SUSPICIOUS
183,1,0,32.114661640691715,16,SUSPICIOUS
2081,0,0,0.6651718510069347,2,AI-GENERATED
171,4,2,57.944290899168195,10,SUSPICIOUS
113,4,2,31.74100920379061,35,SUSPICIOUS
110,0,1,56.48615204293806,38,SUSPICIOUS
147,1,1,36.19661142612173,35,SUSPICIOUS
186,2,0,34.79398401915113,12,SUSPICIOUS
3151,0,0,1.3601986518227325,2,AI-GENERATED
134,2,0,40.6037969918965,15,SUSPICIOUS
4738,0,0,1.9483921571702867,4,AI-GENERATED
1586,0,0,1.9384734120522926,2,AI-GENERATED
1992,0,0,3.2006510295600723,3,AI-GENERATED
2263,0,0,1.820463342666776,4,AI-GENERATED
150,4,0,43.06267803443466,32,SUSPICIOUS
3092,0,0,0.9589485576988839,3,AI-GENERATED
1205,0,0,0.48962268053826563,4,AI-GENERATED
131,4,0,62.381661029677595,39,SUSPICIOUS
769,0,0,0.6030159940056214,2,AI-GENERATED
136,4,1,56.174622565881734,28,SUSPICIOUS
3780,0,0,1.9563643028798134,3,AI-GENERATED
4553,0,0,0.9564165734799629,1,AI-GENERATED
1251,0,0,1.5624606060846062,2,AI-GENERATED
4238,0,0,0.7006741206002014,1,AI-GENERATED
624,0,0,0.5809728316124565,2,AI-GENERATED
4334,0,0,3.335002128336338,3,AI-GENERATED
147,4,0,29.83271527568263,10,SUSPICIOUS
132,0,0,40.48545723183598,21,SUSPICIOUS
135,0,1,87.28139009181021,39,SUSPICIOUS
156,2,1,53.00616578772837,21,SUSPICIOUS
118,2,2,38.12801517577253,37,SUSPICIOUS
127,3,2,41.797588686983424,38,SUSPICIOUS
149,4,2,52.77887696738112,27,SUSPICIOUS
165,0,1,47.28797134850931,28,SUSPICIOUS
108,3,0,58.73705633773168,28,SUSPICIOUS
141,0,2,43.97633071324522,12,SUSPICIOUS
3014,0,0,2.499247156209391,1,AI-GENERATED
182,2,2,55.70686922474637,26,SUSPICIOUS
1270,0,0,1.8399736465444523,2,AI-GENERATED
114,1,0,16.108577029985035,36,SUSPICIOUS
151,2,2,44.68525407885932,39,SUSPICIOUS
4517,0,0,3.024739001501125,4,AI-GENERATED
125,0,1,43.27720178522634,38,SUSPICIOUS
4999,0,0,2.948995106621785,1,AI-GENERATED
2050,0,0,2.776173900249561,4,AI-GENERATED
105,3,0,27.763166809434708,11,SUSPICIOUS
140,3,1,40.28361251536398,32,SUSPICIOUS
168,0,2,31.517296385776692,20,SUSPICIOUS
3716,0,0,0.40787319054479776,2,AI-GENERATED
3676,0,0,2.064847281871639,1,AI-GENERATED
110,3,2,31.197243322636872,23,SUSPICIOUS
4151,0,0,2.9162461814845315,2,AI-GENERATED
114,4,1,34.71041522051145,43,SUSPICIOUS
184,0,0,43.62334973335256,43,SUSPICIOUS
145,2,0,27.85004166036489,32,SUSPICIOUS
1529,0,0,1.5170983214745726,4,AI-GENERATED
141,4,0,47.67224387136781,36,SUSPICIOUS
114,1,0,57.83527043830096,14,SUSPICIOUS
177,0,1,72.7281003183172,21,SUSPICIOUS
1464,0,0,1.517966477671143,1,AI-GENERATED
3911,0,0,1.2597205536116443,4,AI-GENERATED
144,1,0,40.29094020904428,30,SUSPICIOUS
112,4,0,16.106561888328102,31,SUSPICIOUS
140,0,1,45.91678124089599,40,SUSPICIOUS
170,4,0,55.542148980025544,41,SUSPICIOUS
107,0,1,41.137167062109754,39,SUSPICIOUS
118,1,2,34.491310944924166,35,SUSPICIOUS
143,4,0,27.442274772418685,38,SUSPICIOUS
4981,0,0,1.8844869636741115,4,AI-GENERATED
132,3,1,37.193247435221906,17,SUSPICIOUS
168,2,0,45.65947510501282,10,SUSPICIOUS
145,1,1,22.44847843657195,21,SUSPICIOUS
135,1,0,45.00041928057355,10,SUSPICIOUS
176,3,0,22.637278737547767,11,SUSPICIOUS
146,3,0,61.72245306894436,11,SUSPICIOUS
112,2,1,27.40893841225051,28,SUSPICIOUS
140,4,2,43.33544079900912,13,SUSPICIOUS
141,1,1,29.167544847476087,14,SUSPICIOUS
152,4,0,63.80727922649444,28,SUSPICIOUS
3764,0,0,1.963895075541935,2,AI-GENERATED
3842,0,0,2.2659896969289552,1,AI-GENERATED
160,0,0,32.63280110203203,28,SUSPICIOUS
138,1,2,48.078168717271026,28,SUSPICIOUS
127,0,2,57.21593572857597,27,SUSPICIOUS
2462,0,0,3.0153908434252283,3,AI-GENERATED
2724,0,0,1.1258585743484077,4,AI-GENERATED
494,0,0,0.2035554547889346,1,AI-GENERATED
2687,0,0,1.1741765636161392,4,AI-GENERATED
164,0,2,32.132902067395605,42,SUSPICIOUS
2205,0,0,2.797014567794992,4,AI-GENERATED
2655,0,0,2.3709839444694967,2,AI-GENERATED
4794,0,0,2.31470096310199,3,AI-GENERATED
2025,0,0,0.13898890083195503,2,AI-GENERATED
138,3,0,36.46303783559451,33,SUSPICIOUS
104,4,1,76.21880468883253,21,SUSPICIOUS
144,1,2,54.54876870837134,24,SUSPICIOUS
3139,0,0,1.8810204656318152,4,AI-GENERATED
138,4,2,58.75785839444892,18,SUSPICIOUS
186,4,2,15.376808255921048,41,SUSPICIOUS
1857,0,0,1.4451933761187228,4,AI-GENERATED
176,1,2,40.27999989165855,37,SUSPICIOUS
148,1,0,25.93322223688377,34,SUSPICIOUS
1945,0,0,1.6780540945513764,2,AI-GENERATED
3169,0,0,1.1184890378367038,4,AI-GENERATED
1854,0,0,2.4777042663963065,2,AI-GENERATED
691,0,0,2.004608562201681,4,AI-GENERATED
146,0,2,38.59785937126079,23,SUSPICIOUS
139,2,1,53.022100127789074,23,SUSPICIOUS
4149,0,0,1.8791665284113601,4,AI-GENERATED
137,1,0,47.94531274141952,28,SUSPICIOUS
2892,0,0,2.5699701129904637,1,AI-GENERATED
101,3,1,36.8188696430835,39,SUSPICIOUS
4157,0,0,1.9857105395973131,3,AI-GENERATED
154,4,0,23.43180090439871,15,SUSPICIOUS
2189,0,0,2.7426031055156486,3,AI-GENERATED
139,4,1,59.28020760984815,11,SUSPICIOUS
119,4,1,36.5507865225257,28,SUSPICIOUS
124,4,2,53.35754477964483,42,SUSPICIOUS
116,0,2,35.975417944614556,32,SUSPICIOUS
1535,0,0,2.2617308947794355,4,AI-GENERATED
591,0,0,0.6170806450159221,1,AI-GENERATED
4714,0,0,2.1601316634826095,4,AI-GENERATED
126,0,2,50.58626372496452,21,SUSPICIOUS
152,4,2,32.531549617300975,28,SUSPICIOUS
130,2,0,41.74391812413368,17,SUSPICIOUS
4831,0,0,2.0993078902052305,3,AI-GENERATED
132,3,1,65.58445741561079,29,SUSPICIOUS
4472,0,0,0.45520466542048166,3,AI-GENERATED
2379,0,0,3.304414069141514,2,AI-GENERATED
3845,0,0,2.1303416811654676,4,AI-GENERATED
3860,0,0,1.2193761246741233,3,AI-GENERATED
179,3,0,41.45556590048043,26,SUSPICIOUS
4306,0,0,2.159107870543994,2,AI-GENERATED
4711,0,0,0.3003333734111191,1,AI-GENERATED
1439,0,0,1.3974050520615884,1,AI-GENERATED
155,0,1,63.15295307612817,20,SUSPICIOUS
522,0,0,1.2946767333249019,1,AI-GENERATED
4273,0,0,3.1605519399298667,3,AI-GENERATED
4389,0,0,0.6929565788610772,4,AI-GENERATED
154,3,2,34.99423651187652,43,SUSPICIOUS
148,3,2,49.16251345562495,35,SUSPICIOUS
2104,0,0,1.1767583814027154,3,AI-GENERATED
126,1,2,59.31226560518108,35,SUSPICIOUS
2038,0,0,1.2973274387840694,4,AI-GENERATED
3156,0,0,1.6827977130650316,2,AI-GENERATED
123,2,1,53.78691152392675,13,SUSPICIOUS
122,1,1,27.003781489548118,16,SUSPICIOUS
486,0,0,0.3169337107602884,2,AI-GENERATED
135,2,0,46.77431829830038,41,SUSPICIOUS
113,1,1,38.50286231685262,36,SUSPICIOUS
134,0,2,62.008837002413145,42,SUSPICIOUS
138,2,0,57.047750573070424,26,SUSPICIOUS
640,0,0,1.266503225970976,3,AI-GENERATED
115,0,1,47.78780369938583,24,SUSPICIOUS
141,2,2,42.42138442668619,41,SUSPICIOUS
1467,0,0,2.4176746188626597,1,AI-GENERATED
161,0,0,21.1318324265195,10,SUSPICIOUS
1030,0,0,2.380999210759707,4,AI-GENERATED
132,4,0,56.148858685717215,18,SUSPICIOUS
174,3,1,56.180773728496426,26,SUSPICIOUS
462,0,0,1.6712217054671359,1,AI-GENERATED
137,3,2,35.6338006185444,16,SUSPICIOUS
171,1,2,51.094875539822134,42,SUSPICIOUS
127,3,1,38.247810886396685,13,SUSPICIOUS
165,2,0,35.77933360549922,16,SUSPICIOUS
153,3,0,80.00120126681276,17,SUSPICIOUS
773,0,0,1.8978877931702027,3,AI-GENERATED
4394,0,0,0.25872392063098437,1,AI-GENERATED
2117,0,0,1.4131796981109,1,AI-GENERATED
4330,0,0,1.6699866517577666,3,AI-GENERATED
176,0,1,41.034088638257145,11,SUSPICIOUS
4691,0,0,2.597497286010533,3,AI-GENERATED
4305,0,0,2.893831787359747,1,AI-GENERATED
109,4,2,40.27640041176786,39,SUSPICIOUS
134,2,1,48.3038483352489,22,SUSPICIOUS
130,0,2,61.55838420903457,40,SUSPICIOUS
1153,0,0,1.3698647410432476,2,AI-GENERATED
1238,0,0,0.5283608200086618,1,AI-GENERATED
2730,0,0,2.0612479451645322,1,AI-GENERATED
117,0,0,30.46158483362374,36,SUSPICIOUS
168,1,1,70.91506400443369,39,SUSPICIOUS
105,4,2,42.41954998813401,15,SUSPICIOUS
144,4,1,47.811609604367106,29,SUSPICIOUS
141,0,2,57.75527202296954,33,SUSPICIOUS
3770,0,0,2.4107553372295407,1,AI-GENERATED
147,4,0,79.05726661708222,32,SUSPICIOUS
815,0,0,2.861858413879309,1,AI-GENERATED
171,3,0,51.67986181908022,27,SUSPICIOUS
1455,0,0,1.7602802619260438,2,AI-GENERATED
140,3,1,29.189635923977164,34,SUSPICIOUS
926,0,0,2.276406343443662,2,AI-GENERATED
110,4,1,60.708285179568705,31,SUSPICIOUS
3477,0,0,3.320347869440853,3,AI-GENERATED
1242,0,0,3.152590835714742,2,AI-GENERATED
152,1,2,54.74740408861858,25,SUSPICIOUS
154,4,1,30.553996646326183,28,SUSPICIOUS
118,2,1,78.56795805694533,20,SUSPICIOUS
2860,0,0,3.123775096310121,4,AI-GENERATED
157,1,2,45.528697480325775,14,SUSPICIOUS
170,0,1,72.96952200774626,24,SUSPICIOUS
107,4,2,49.82694851775694,13,SUSPICIOUS
4171,0,0,3.204183403142862,3,AI-GENERATED
1608,0,0,3.3040499864728767,4,AI-GENERATED
110,0,0,36.60543093876414,29,SUSPICIOUS
2262,0,0,3.1616075949295066,2,AI-GENERATED
145,2,2,43.42537127019299,32,SUSPICIOUS
122,3,0,22.720963419680878,20,SUSPICIOUS
1094,0,0,1.4515546633016523,1,AI-GENERATED
4271,0,0,0.6532754395637325,1,AI-GENERATED
120,4,1,39.402089062497346,35,SUSPICIOUS
114,3,0,47.47908280211059,21,SUSPICIOUS
168,2,1,28.22776736493221,33,SUSPICIOUS
138,2,0,45.74327087550595,30,SUSPICIOUS
604,0,0,2.9279468309532803,4,AI-GENERATED
138,4,0,51.06050130925128,22,SUSPICIOUS
188,2,1,50.69409764855345,24,SUSPICIOUS
4250,0,0,2.8740916172772013,1,AI-GENERATED
2335,0,0,0.8518518240115204,2,AI-GENERATED
1081,0,0,2.315370509148563,3,AI-GENERATED
4652,0,0,1.2967673370722743,1,AI-GENERATED
630,0,0,1.2307731567652451,1,AI-GENERATED
2796,0,0,1.238006762148268,4,AI-GENERATED
2635,0,0,0.1619269844129757,3,AI-GENERATED
146,3,2,45.484280012469895,16,SUSPICIOUS
176,1,2,74.44566457523148,28,SUSPICIOUS
170,0,2,58.26527423125046,32,SUSPICIOUS
4178,0,0,1.0217790778062503,1,AI-GENERATED
144,3,2,37.49786254369402,35,SUSPICIOUS
3137,0,0,2.105065365300604,1,AI-GENERATED
141,4,1,36.24221352377734,37,SUSPICIOUS
133,3,0,32.38194255923637,39,SUSPICIOUS
149,4,0,24.883707299014695,40,SUSPICIOUS
4238,0,0,3.391954013022645,2,AI-GENERATED
1318,0,0,2.547474029872398,4,AI-GENERATED
3923,0,0,2.9942864783064334,3,AI-GENERATED
2951,0,0,1.5678739957961456,1,AI-GENERATED
175,2,2,70.82771310976298,43,SUSPICIOUS
142,1,1,36.04867369439357,28,SUSPICIOUS
114,0,0,66.97173472123669,40,SUSPICIOUS
1280,0,0,3.148956898005219,2,AI-GENERATED
2533,0,0,0.64263063800224,4,AI-GENERATED
144,1,0,53.176574614164224,11,SUSPICIOUS
4469,0,0,2.1733491303068697,4,AI-GENERATED
119,1,2,40.948656535043476,10,SUSPICIOUS
152,2,2,51.622081056967815,21,SUSPICIOUS
176,1,0,32.494078764036814,20,SUSPICIOUS
108,1,0,52.77248783469316,39,SUSPICIOUS
4096,0,0,2.0559352159972657,4,AI-GENERATED
142,4,2,46.885400164105896,15,SUSPICIOUS
145,0,0,47.966648185649085,16,SUSPICIOUS
160,4,0,63.56467351253226,43,SUSPICIOUS
114,2,1,32.98645801324715,40,SUSPICIOUS
159,3,2,23.08455575683731,17,SUSPICIOUS
4772,0,0,2.442457935922725,1,AI-GENERATED
128,4,0,35.62216722568097,35,SUSPICIOUS
3523,0,0,3.1806054504573043,2,AI-GENERATED
172,1,0,58.382292558828595,18,SUSPICIOUS
2775,0,0,3.0861302221254765,4,AI-GENERATED
162,2,0,29.394127781807583,18,SUSPICIOUS
1071,0,0,0.6163991055712149,1,AI-GENERATED
2795,0,0,2.128905040450394,2,AI-GENERATED
184,0,1,39.89351935614885,42,SUSPICIOUS
107,4,0,55.166925450553045,33,SUSPICIOUS
129,3,0,52.96890378369553,14,SUSPICIOUS
101,4,0,64.07461185011533,10,SUSPICIOUS
135,4,1,25.283883318862895,11,SUSPICIOUS
163,2,2,43.726278350717536,43,SUSPICIOUS
134,4,2,33.83484421957328,14,SUSPICIOUS
4294,0,0,2.187791368217894,4,AI-GENERATED
116,0,0,51.77378104199271,16,SUSPICIOUS
2710,0,0,2.806357737664528,3,AI-GENERATED
1400,0,0,3.2404732874709334,4,AI-GENERATED
155,3,0,59.1209970786567,33,SUSPICIOUS
164,4,2,38.94940181356816,35,SUSPICIOUS
140,4,2,58.66028008645148,35,SUSPICIOUS
126,4,2,76.36514190161385,26,SUSPICIOUS
4189,0,0,0.21550697891504614,1,AI-GENERATED
418,0,0,3.070090121978126,3,AI-GENERATED
173,1,1,38.745145839007286,41,SUSPICIOUS
149,3,0,46.653397713808054,26,SUSPICIOUS
125,1,2,82.65719858936401,19,SUSPICIOUS
161,0,2,35.379389397009746,15,SUSPICIOUS
3227,0,0,0.4767708429054036,2,AI-GENERATED
108,2,2,54.590210395239026,14,SUSPICIOUS
1693,0,0,1.63349077633393,4,AI-GENERATED
1581,0,0,2.7313186575926296,1,AI-GENERATED
2786,0,0,0.7984224669211586,4,AI-GENERATED
560,0,0,2.5902598201863443,1,AI-GENERATED
158,4,2,54.445399556382085,26,SUSPICIOUS
140,1,2,47.00740446988378,35,SUSPICIOUS
4355,0,0,2.747818085097139,4,AI-GENERATED
147,3,1,50.46329472532201,21,SUSPICIOUS
125,0,0,33.43040547183889,10,SUSPICIOUS
148,0,2,46.920589157122194,32,SUSPICIOUS
2713,0,0,0.5868660374647117,4,AI-GENERATED
139,0,0,47.396358374628264,25,SUSPICIOUS
4435,0,0,1.4831327105614336,2,AI-GENERATED
155,4,1,48.408577179819495,19,SUSPICIOUS
147,0,0,28.48462423230543,26,SUSPICIOUS
147,2,2,39.4620231947862,31,SUSPICIOUS
2092,0,0,0.6486118779977966,2,AI-GENERATED
2865,0,0,2.5848213554409036,3,AI-GENERATED
471,0,0,3.4032151023875694,2,AI-GENERATED
151,1,2,59.750563140742514,17,SUSPICIOUS
3909,0,0,1.8398752883954428,4,AI-GENERATED
1938,0,0,0.5860810478970929,4,AI-GENERATED
136,2,0,56.573197522262866,17,SUSPICIOUS
3386,0,0,0.7407389205355168,2,AI-GENERATED
2245,0,0,2.0596191346876145,1,AI-GENERATED
136,0,1,39.59429224386605,13,SUSPICIOUS
4168,0,0,3.037023456245938,3,AI-GENERATED
512,0,0,1.8333550946826835,3,AI-GENERATED
4726,0,0,1.5426885906495535,2,AI-GENERATED
2409,0,0,2.6185539198667507,1,AI-GENERATED
139,2,2,71.05464843456616,12,SUSPICIOUS
3332,0,0,2.1668860757035753,2,AI-GENERATED
2740,0,0,1.4960224814679945,3,AI-GENERATED
4176,0,0,0.4917120586549566,4,AI-GENERATED
136,2,0,36.692908499726514,32,SUSPICIOUS
155,1,0,22.0304528589129,36,SUSPICIOUS
113,4,2,37.02969149323654,12,SUSPICIOUS
107,2,1,38.84414535973202,15,SUSPICIOUS
140,4,2,46.11062186202253,33,SUSPICIOUS
123,0,0,39.118654015481155,42,SUSPICIOUS
4652,0,0,1.5774854251838115,1,AI-GENERATED
122,0,1,43.66284093957989,14,SUSPICIOUS
115,1,1,42.193869709764165,44,SUSPICIOUS
1577,0,0,2.2773237742551817,1,AI-GENERATED
146,1,0,17.47206698058962,37,SUSPICIOUS
168,0,2,37.11405369047458,25,SUSPICIOUS
147,4,0,25.26888411803409,32,SUSPICIOUS
4683,0,0,3.3973402947340374,2,AI-GENERATED
1642,0,0,0.42005508641552636,4,AI-GENERATED
926,0,0,2.9700042536540603,3,AI-GENERATED
200,1,0,56.82369284616179,43,SUSPICIOUS
151,0,0,60.12597986590773,42,SUSPICIOUS
137,3,2,63.685587245913936,13,SUSPICIOUS
126,1,0,43.373205900844084,33,SUSPICIOUS
122,0,2,47.546309335626574,39,SUSPICIOUS
128,1,1,31.88647838270687,32,SUSPICIOUS
4603,0,0,0.21371071589600532,4,AI-GENERATED
160,2,0,39.26959460676249,21,SUSPICIOUS
128,2,0,39.99590658384256,22,SUSPICIOUS
117,4,2,35.834374387999304,31,SUSPICIOUS
156,3,1,30.04681257371496,24,SUSPICIOUS
139,4,2,57.01468839036921,22,SUSPICIOUS
3914,0,0,0.86831253783838,4,AI-GENERATED
1734,0,0,2.447220785101068,3,AI-GENERATED
401,0,0,0.32168922296252633,3,AI-GENERATED
123,0,1,70.10217161544364,40,SUSPICIOUS
133,0,1,62.0214557533217,30,SUSPICIOUS
109,0,2,44.54189472502695,12,SUSPICIOUS
185,3,2,35.196313544051065,25,SUSPICIOUS
2919,0,0,2.0058195883281225,3,AI-GENERATED
143,3,1,56.02452839674612,22,SUSPICIOUS
181,2,2,36.004868004437355,13,SUSPICIOUS
149,0,1,60.8761706171589,40,SUSPICIOUS
124,4,2,42.613993175056976,13,SUSPICIOUS
156,2,1,72.16207474995335,16,SUSPICIOUS
157,3,0,51.00027143419459,34,SUSPICIOUS
94,3,1,63.04131792100981,21,SUSPICIOUS
3501,0,0,2.731207958556061,4,AI-GENERATED
1262,0,0,2.2228726276549513,3,AI-GENERATED
2445,0,0,1.9230391129753968,3,AI-GENERATED
1896,0,0,3.4701977892117175,1,AI-GENERATED
2300,0,0,1.3391652316750067,1,AI-GENERATED
115,1,2,41.964628978738645,40,SUSPICIOUS
164,2,2,68.62868868245732,35,SUSPICIOUS
2222,0,0,2.5585383198528002,2,AI-GENERATED
1835,0,0,1.0615572381219995,1,AI-GENERATED
145,3,1,47.34851178352061,34,SUSPICIOUS
3275,0,0,0.34098748749514074,4,AI-GENERATED
4749,0,0,1.3304923972038307,1,AI-GENERATED
421,0,0,0.6911586489101303,4,AI-GENERATED
3587,0,0,3.4617455138078843,2,AI-GENERATED
152,4,0,55.74461871181483,20,SUSPICIOUS
793,0,0,2.5058904068434726,1,AI-GENERATED
3475,0,0,2.395616514900671,4,AI-GENERATED
131,2,2,8.40696755214892,26,SUSPICIOUS
2784,0,0,1.9714954977726187,4,AI-GENERATED
4157,0,0,3.0698966746574134,4,AI-GENERATED
2242,0,0,2.466867820470501,2,AI-GENERATED
2883,0,0,1.9734332930085312,2,AI-GENERATED
133,0,2,50.34784695233595,30,SUSPICIOUS
114,0,0,69.58685433050684,19,SUSPICIOUS
148,4,0,57.52225608446202,21,SUSPICIOUS
3443,0,0,0.36098085061989094,2,AI-GENERATED
3212,0,0,0.24748583317602457,2,AI-GENERATED
165,0,2,36.149248323721025,34,SUSPICIOUS
151,3,1,50.98632328277298,17,SUSPICIOUS
935,0,0,3.0693092110758795,1,AI-GENERATED
147,2,0,41.42065313422493,26,SUSPICIOUS
164,4,0,38.85822984781681,21,SUSPICIOUS
126,1,1,5.0,21,SUSPICIOUS
97,1,0,47.846824199718114,25,SUSPICIOUS
113,0,0,50.3873070796974,16,SUSPICIOUS
141,3,0,55.34137690158106,43,SUSPICIOUS
145,2,0,35.83953700595704,42,SUSPICIOUS
578,0,0,2.504566160020648,1,AI-GENERATED
1607,0,0,0.5686198549971672,3,AI-GENERATED
657,0,0,2.5864507188947248,3,AI-GENERATED
673,0,0,2.5282817299437506,4,AI-GENERATED
136,4,1,32.71521052824391,40,SUSPICIOUS
132,4,2,53.43587465314529,29,SUSPICIOUS
133,4,1,37.022025405120345,26,SUSPICIOUS
148,1,0,47.95298953446014,17,SUSPICIOUS
161,4,1,41.02985019572692,37,SUSPICIOUS
1092,0,0,2.705832480813056,1,AI-GENERATED
2912,0,0,3.4706797827807803,2,AI-GENERATED
128,4,0,65.25619484955837,44,SUSPICIOUS
1238,0,0,1.2007898980902612,1,AI-GENERATED
3421,0,0,0.6670245834362261,1,AI-GENERATED
117,0,1,51.6876323679104,19,SUSPICIOUS
158,0,2,37.87769823231657,22,SUSPICIOUS
3314,0,0,1.6069106546709244,4,AI-GENERATED
2268,0,0,1.934167670941761,4,AI-GENERATED
3119,0,0,1.0790651146020904,2,AI-GENERATED
145,3,0,39.894452342816194,15,SUSPICIOUS
973,0,0,2.122951550686822,1,AI-GENERATED
1267,0,0,0.9188193383700332,4,AI-GENERATED
3784,0,0,1.9700733754975635,1,AI-GENERATED
3355,0,0,0.14088714475282857,2,AI-GENERATED
150,0,2,56.9115484530773,31,SUSPICIOUS
154,3,1,49.16928685148,26,SUSPICIOUS
2105,0,0,3.290978747344303,1,AI-GENERATED
130,1,2,50.9384202151112,29,SUSPICIOUS
2941,0,0,3.4898880154947913,3,AI-GENERATED
147,4,1,51.321994055260916,13,SUSPICIOUS
4006,0,0,1.8045291337300564,3,AI-GENERATED
1107,0,0,0.2972398854741586,2,AI-GENERATED
3900,0,0,0.23858003063116306,4,AI-GENERATED
664,0,0,2.554311113314484,2,AI-GENERATED
3286,0,0,0.2903873358959477,1,AI-GENERATED
140,2,2,75.12334332848118,40,SUSPICIOUS
132,2,2,51.843201250347114,17,SUSPICIOUS
3277,0,0,3.3882436074075715,3,AI-GENERATED
1778,0,0,1.0063204744340328,3,AI-GENERATED
179,0,0,58.22182707853016,17,SUSPICIOUS
1161,0,0,2.453838941732027,1,AI-GENERATED
178,1,0,82.70344731714769,24,SUSPICIOUS
4796,0,0,1.552238284961292,3,AI-GENERATED
2948,0,0,2.5676487351667587,4,AI-GENERATED
151,0,2,58.03796906084964,41,SUSPICIOUS
1173,0,0,0.7882566258275074,4,AI-GENERATED
168,2,1,48.90073985619614,21,SUSPICIOUS
4995,0,0,0.43443399193896637,1,AI-GENERATED
154,4,2,69.02125616713418,27,SUSPICIOUS
164,2,2,55.58928227916474,13,SUSPICIOUS
4802,0,0,0.7952711061619673,4,AI-GENERATED
2064,0,0,0.8755806212254107,4,AI-GENERATED
4599,0,0,3.2223925934433186,3,AI-GENERATED
132,0,2,17.413215920755047,11,SUSPICIOUS
4652,0,0,0.18111692744234242,4,AI-GENERATED
139,3,1,62.55608367551599,39,SUSPICIOUS
3684,0,0,2.8706495826058895,1,AI-GENERATED
2573,0,0,0.8472461767859344,2,AI-GENERATED
1327,0,0,1.166790726191946,4,AI-GENERATED
856,0,0,0.8026021437504658,2,AI-GENERATED
125,0,1,22.76455728146028,11,SUSPICIOUS
3831,0,0,1.42760058345979,1,AI-GENERATED
4527,0,0,0.898619906980243,3,AI-GENERATED
4510,0,0,2.967514367667953,2,AI-GENERATED
3531,0,0,3.090966993021868,1,AI-GENERATED
157,2,1,47.21885581404128,42,SUSPICIOUS
2141,0,0,0.26309023720501323,4,AI-GENERATED
121,0,0,34.59070771377769,15,SUSPICIOUS
4209,0,0,2.4696441470946193,2,AI-GENERATED
111,1,2,50.948706386763945,34,SUSPICIOUS
1090,0,0,2.1479242649997294,3,AI-GENERATED
2942,0,0,0.6009241997971839,2,AI-GENERATED
4615,0,0,1.3542099860689503,3,AI-GENERATED
675,0,0,3.4392244828582434,1,AI-GENERATED
2949,0,0,0.7933357535288658,4,AI-GENERATED
4780,0,0,2.305492300673206,2,AI-GENERATED
1337,0,0,0.9306156219343857,4,AI-GENERATED
92,3,2,70.95125492155081,11,SUSPICIOUS
4025,0,0,2.4121766331261476,1,AI-GENERATED
2155,0,0,3.156806508933947,4,AI-GENERATED
133,3,2,31.942010727344076,39,SUSPICIOUS
3316,0,0,2.2262933639975238,1,AI-GENERATED
807,0,0,0.7004247234866445,1,AI-GENERATED
111,0,0,61.20009076668943,38,SUSPICIOUS
2849,0,0,0.548311949901255,3,AI-GENERATED
3506,0,0,1.0768656935024818,3,AI-GENERATED
3119,0,0,2.687602955364767,1,AI-GENERATED
139,1,0,47.88994050876941,11,SUSPICIOUS
102,3,1,61.12420182327317,28,SUSPICIOUS
150,2,0,42.22225166075153,36,SUSPICIOUS
1215,0,0,3.160671658144292,1,AI-GENERATED
4342,0,0,1.7119825064038534,1,AI-GENERATED
1410,0,0,2.9950263324134907,3,AI-GENERATED
3257,0,0,1.9485578929844511,2,AI-GENERATED
169,3,2,44.1270752387184,23,SUSPICIOUS
3775,0,0,1.9136007632554508,1,AI-GENERATED
4079,0,0,2.938945239532569,4,AI-GENERATED
153,0,2,25.67795573252779,34,SUSPICIOUS
132,1,2,39.38248810038745,30,SUSPICIOUS
2907,0,0,2.3111134598395746,1,AI-GENERATED
134,0,0,28.919332685968037,27,SUSPICIOUS
1753,0,0,0.559674905430972,2,AI-GENERATED
132,1,2,23.42076902169083,15,SUSPICIOUS
160,1,0,42.808772239176854,33,SUSPICIOUS
3807,0,0,0.8798828400295876,1,AI-GENERATED
166,3,1,45.03081832192218,32,SUSPICIOUS
1547,0,0,1.7555347041305054,1,AI-GENERATED
152,2,2,38.20989995902127,39,SUSPICIOUS
2393,0,0,2.9244023306165423,3,AI-GENERATED
1656,0,0,0.40854791496169685,3,AI-GENERATED
4525,0,0,2.8428957654338647,4,AI-GENERATED
2946,0,0,1.0394677047209073,3,AI-GENERATED
144,4,0,62.09278557263545,21,SUSPICIOUS
4984,0,0,3.1515340275845234,4,AI-GENERATED
120,4,2,23.833136164393302,21,SUSPICIOUS
162,4,2,67.51589319856797,18,SUSPICIOUS
118,1,2,43.79952637237063,30,SUSPICIOUS
145,3,2,35.90782701249456,14,SUSPICIOUS
142,3,0,15.835258512571812,44,SUSPICIOUS
3349,0,0,3.0307461866432,1,AI-GENERATED
2120,0,0,3.212125834789021,1,AI-GENERATED
4951,0,0,1.3038746903793,1,AI-GENERATED
143,4,0,33.998392372133836,41,SUSPICIOUS
141,1,1,46.962345183955705,22,SUSPICIOUS
852,0,0,1.238881616992471,2,AI-GENERATED
137,3,2,39.85699912009597,43,SUSPICIOUS
163,2,0,36.8101846085538,26,SUSPICIOUS
111,1,1,62.452600390383566,16,SUSPICIOUS
140,1,0,55.88801438987481,12,SUSPICIOUS
4074,0,0,0.6309279915183098,2,AI-GENERATED
2462,0,0,1.6250628810883327,2,AI-GENERATED
2949,0,0,0.9721963348841981,4,AI-GENERATED
4084,0,0,3.172673793682745,2,AI-GENERATED
123,4,1,75.60459885151198,43,SUSPICIOUS
3080,0,0,2.131814696652084,1,AI-GENERATED
4199,0,0,1.5757911853363853,1,AI-GENERATED
181,3,0,53.24875761776458,23,SUSPICIOUS
117,3,1,23.709717618384754,10,SUSPICIOUS
1337,0,0,1.8938880710902106,1,AI-GENERATED
141,2,0,43.12757200121781,16,SUSPICIOUS
2565,0,0,1.1006955281580513,4,AI-GENERATED
3828,0,0,1.9155285731003715,1,AI-GENERATED
2592,0,0,0.9808159465177675,4,AI-GENERATED
4792,0,0,2.7011039408455764,1,AI-GENERATED
124,0,2,23.292113905740862,17,SUSPICIOUS
158,2,1,58.216273906408084,23,SUSPICIOUS
134,3,0,43.41131122710286,10,SUSPICIOUS
158,2,2,44.16178436665814,37,SUSPICIOUS
3517,0,0,3.308067387382279,2,AI-GENERATED
2259,0,0,0.6295346475058957,2,AI-GENERATED
108,4,2,55.815601871425116,22,SUSPICIOUS
159,4,2,49.21077733305013,25,SUSPICIOUS
134,0,1,42.20059121805933,19,SUSPICIOUS
4624,0,0,1.0470074445951336,2,AI-GENERATED
2432,0,0,0.1902087779354707,1,AI-GENERATED
3769,0,0,2.755885918598971,4,AI-GENERATED
1541,0,0,3.2589370112621703,1,AI-GENERATED
1437,0,0,1.2506596646568546,1,AI-GENERATED
149,2,1,35.84409875669824,22,SUSPICIOUS
134,0,0,43.414377662154315,10,SUSPICIOUS
3623,0,0,0.410285862651398,4,AI-GENERATED
3063,0,0,2.356028274889136,3,AI-GENERATED
128,0,0,51.937506415856205,29,SUSPICIOUS
1480,0,0,3.024855740645902,1,AI-GENERATED
3100,0,0,3.433684651331827,1,AI-GENERATED
2197,0,0,3.387485635311012,3,AI-GENERATED
673,0,0,0.43206369926687904,4,AI-GENERATED
187,4,0,52.71755239331093,35,SUSPICIOUS
2433,0,0,2.8515029980845727,1,AI-GENERATED
3776,0,0,2.390720342621348,2,AI-GENERATED
4680,0,0,1.3813439848206337,4,AI-GENERATED
127,1,2,25.410751452185266,13,SUSPICIOUS
3728,0,0,3.4229029488902096,4,AI-GENERATED
3501,0,0,2.8277795312406826,1,AI-GENERATED
2653,0,0,0.5263545096195393,4,AI-GENERATED
2928,0,0,2.646998048577728,2,AI-GENERATED
136,4,0,44.573085570885695,22,SUSPICIOUS
140,0,1,30.431564765891366,24,SUSPICIOUS
808,0,0,0.9405697357210859,3,AI-GENERATED
145,2,2,59.85965992100606,10,SUSPICIOUS
137,1,1,73.44584694136184,17,SUSPICIOUS
143,4,1,59.597825444026185,37,SUSPICIOUS
4447,0,0,2.7299051720855543,3,AI-GENERATED
182,4,2,53.301194175682014,38,SUSPICIOUS
134,1,0,40.45461951677154,14,SUSPICIOUS
3186,0,0,3.4999685030739816,4,AI-GENERATED
129,0,0,30.101169310325634,32,SUSPICIOUS
3296,0,0,1.3736585168465514,4,AI-GENERATED
3477,0,0,1.442658820014806,1,AI-GENERATED
145,2,0,44.080424193999484,18,SUSPICIOUS
1014,0,0,2.8834870532311916,2,AI-GENERATED
154,1,1,23.076481774863915,43,SUSPICIOUS
4977,0,0,2.21138628041685,1,AI-GENERATED
128,4,2,68.19531342983561,26,SUSPICIOUS
3269,0,0,3.207345358455038,2,AI-GENERATED
163,0,1,45.61135402495595,23,SUSPICIOUS
3896,0,0,1.0400189265418824,2,AI-GENERATED
126,1,0,39.97006172014171,25,SUSPICIOUS
1373,0,0,2.5589480801609223,1,AI-GENERATED
143,3,1,48.52320686746517,28,SUSPICIOUS
102,0,1,26.76427968309094,21,SUSPICIOUS
1330,0,0,1.2887861003600007,4,AI-GENERATED
128,0,2,46.192012493341196,24,SUSPICIOUS
4914,0,0,3.3062624328065073,2,AI-GENERATED
3828,0,0,1.9915482967954603,3,AI-GENERATED
3508,0,0,0.7206505835095649,3,AI-GENERATED
162,4,1,56.3910712034237,34,SUSPICIOUS
129,0,0,20.929569791324912,15,SUSPICIOUS
1610,0,0,1.579527961482091,3,AI-GENERATED
3665,0,0,2.3265712083617958,3,AI-GENERATED
81,1,0,45.47244772447242,29,SUSPICIOUS
3617,0,0,2.995972209475099,2,AI-GENERATED
2541,0,0,0.19276886707359248,2,AI-GENERATED
138,0,1,32.227245961971136,19,SUSPICIOUS
3373,0,0,2.6156108120668713,1,AI-GENERATED
895,0,0,1.058918347167252,1,AI-GENERATED
1450,0,0,0.6256527585059646,1,AI-GENERATED
4589,0,0,0.2883079565387602,2,AI-GENERATED
144,2,2,47.673794180959035,33,SUSPICIOUS
888,0,0,2.2870311039045563,4,AI-GENERATED
121,2,2,33.79810779363395,33,SUSPICIOUS
144,3,2,49.42074945187858,38,SUSPICIOUS
2465,0,0,0.27799974031490826,3,AI-GENERATED
3712,0,0,1.9617335704736731,3,AI-GENERATED
152,4,0,50.88796053319614,32,SUSPICIOUS
4789,0,0,1.3989996004575915,4,AI-GENERATED
2789,0,0,1.0104872729008192,4,AI-GENERATED
3618,0,0,1.4289126668417886,4,AI-GENERATED
2342,0,0,0.2623796920283885,2,AI-GENERATED
1993,0,0,0.3682492288909923,1,AI-GENERATED
4666,0,0,0.5429043133059618,2,AI-GENERATED
145,4,0,48.55240151282411,23,SUSPICIOUS
3710,0,0,0.4166902595884854,2,AI-GENERATED
4330,0,0,1.1394589400427457,2,AI-GENERATED
1426,0,0,2.7549823214272595,2,AI-GENERATED
2293,0,0,0.18069188087261936,2,AI-GENERATED
119,2,2,40.76721800902361,15,SUSPICIOUS
4663,0,0,2.050336786807228,4,AI-GENERATED
4844,0,0,2.036833884078287,2,AI-GENERATED
3886,0,0,1.4254731024924163,2,AI-GENERATED
90,3,0,27.036296539429454,44,SUSPICIOUS
463,0,0,3.3223070793994944,3,AI-GENERATED
169,2,1,36.73500535442203,35,SUSPICIOUS
933,0,0,0.9706553283277731,1,AI-GENERATED
2238,0,0,0.5218458297637347,1,AI-GENERATED
3509,0,0,1.768238223570698,2,AI-GENERATED
130,3,2,55.93319946009863,18,SUSPICIOUS
122,1,2,71.79338901289587,12,SUSPICIOUS
4026,0,0,1.55086791430731,3,AI-GENERATED
3801,0,0,0.8599749682681787,2,AI-GENERATED
145,4,2,73.08229824722005,16,SUSPICIOUS
123,4,0,54.560344799269565,33,SUSPICIOUS
4352,0,0,0.8308793204786548,4,AI-GENERATED
167,4,1,33.296167255666546,42,SUSPICIOUS
1634,0,0,2.0377841044726988,3,AI-GENERATED
2689,0,0,2.8987187730100428,3,AI-GENERATED
146,1,0,31.572439760218643,25,SUSPICIOUS
2328,0,0,0.6032494515920453,4,AI-GENERATED
176,0,0,28.872110577348604,18,SUSPICIOUS
148,0,0,59.09198103012862,26,SUSPICIOUS
153,2,2,45.1879078341786,25,SUSPICIOUS
150,3,2,38.04376464908123,42,SUSPICIOUS
3005,0,0,0.939663464110317,2,AI-GENERATED
2756,0,0,0.7062424161681884,4,AI-GENERATED
1026,0,0,1.8924368090720163,2,AI-GENERATED
2304,0,0,3.3285349472864287,2,AI-GENERATED
1170,0,0,1.825743586960714,4,AI-GENERATED
4465,0,0,1.5431084316059673,4,AI-GENERATED
120,1,0,17.156617112554255,36,SUSPICIOUS
2989,0,0,0.27792263588638055,2,AI-GENERATED
131,4,2,41.78379834145907,43,SUSPICIOUS
146,1,0,43.65244303974521,14,SUSPICIOUS
173,0,1,82.90009436222036,14,SUSPICIOUS
3763,0,0,1.94623125817074,2,AI-GENERATED
133,4,2,60.70768749952188,44,SUSPICIOUS
1759,0,0,2.733120591592012,4,AI-GENERATED
4700,0,0,3.299216722023563,2,AI-GENERATED
4704,0,0,2.9994973207402844,4,AI-GENERATED
119,4,2,49.101744491615435,24,SUSPICIOUS
150,0,2,28.312912984524903,31,SUSPICIOUS
4000,0,0,3.382580449312952,4,AI-GENERATED
1882,0,0,3.2187068836301673,2,AI-GENERATED
148,4,1,32.067178865348794,19,SUSPICIOUS
922,0,0,2.0033441794194777,3,AI-GENERATED
3977,0,0,3.2369224640217555,3,AI-GENERATED
3321,0,0,2.757125293837007,4,AI-GENERATED
136,3,2,42.49804635499538,20,SUSPICIOUS
2068,0,0,3.372875099541269,1,AI-GENERATED
3042,0,0,0.5325369564324568,4,AI-GENERATED
151,2,2,63.55040116034445,23,SUSPICIOUS
135,3,2,41.00268511761116,32,SUSPICIOUS
133,0,1,44.70087520982825,23,SUSPICIOUS
164,0,0,43.94026404274862,40,SUSPICIOUS
3263,0,0,1.3672304305643825,3,AI-GENERATED
150,2,1,41.82444607392797,40,SUSPICIOUS
148,1,2,32.030488183627874,11,SUSPICIOUS
834,0,0,0.5052019096513838,3,AI-GENERATED
2960,0,0,0.5970299586970983,3,AI-GENERATED
160,0,0,36.846535160813744,31,SUSPICIOUS
124,0,1,26.826952246007973,21,SUSPICIOUS
98,2,1,43.43601387876194,12,SUSPICIOUS
2814,0,0,1.8590094192078725,1,AI-GENERATED
3473,0,0,0.33981723737356645,1,AI-GENERATED
183,3,2,54.68836942479348,31,SUSPICIOUS
117,4,2,34.42033040604041,35,SUSPICIOUS
107,4,1,49.89763281389988,23,SUSPICIOUS
4669,0,0,1.002869471570443,1,AI-GENERATED
1305,0,0,0.5158820939528712,2,AI-GENERATED
135,1,1,42.79222824555092,12,SUSPICIOUS
1300,0,0,0.37587076569851563,3,AI-GENERATED
133,2,1,51.86611709345988,43,SUSPICIOUS
4940,0,0,1.281159691946395,4,AI-GENERATED
1175,0,0,0.24358682339821752,2,AI-GENERATED
1890,0,0,1.2006198190094934,3,AI-GENERATED
719,0,0,2.685659049363824,4,AI-GENERATED
998,0,0,2.701297968384407,3,AI-GENERATED
136,0,0,48.188551291087066,25,SUSPICIOUS
123,3,0,67.4401348033349,17,SUSPICIOUS
166,0,0,53.43400641529366,27,SUSPICIOUS
2818,0,0,2.094855789154496,1,AI-GENERATED
1362,0,0,2.67009788011913,4,AI-GENERATED
4619,0,0,2.6043264638478663,3,AI-GENERATED
4271,0,0,0.6322173685882013,2,AI-GENERATED
159,3,1,33.44515286059252,38,SUSPICIOUS
2798,0,0,0.9000121697619373,2,AI-GENERATED
163,1,2,48.32707870945987,11,SUSPICIOUS
545,0,0,2.504640162212646,1,AI-GENERATED
4147,0,0,3.003274589689654,2,AI-GENERATED
2538,0,0,0.6172690236640545,3,AI-GENERATED
4514,0,0,1.972043614561472,2,AI-GENERATED
159,1,2,44.587644288717854,30,SUSPICIOUS
172,4,2,32.92158634812321,12,SUSPICIOUS
134,2,1,38.75878349472829,23,SUSPICIOUS
4110,0,0,2.2472133660722835,4,AI-GENERATED
139,0,0,41.47648341528243,15,SUSPICIOUS
126,4,0,57.12990111414533,11,SUSPICIOUS
136,0,2,38.65947905798796,31,SUSPICIOUS
142,3,0,57.38678042158648,16,SUSPICIOUS
151,4,1,44.337664791430356,32,SUSPICIOUS
4513,0,0,2.9994540714707014,2,AI-GENERATED
4725,0,0,2.8397617654599103,2,AI-GENERATED
2904,0,0,3.342623455625679,4,AI-GENERATED
139,2,0,36.48434897473008,12,SUSPICIOUS
4493,0,0,1.675203251539184,2,AI-GENERATED
152,2,1,44.70577719423399,16,SUSPICIOUS
3456,0,0,2.3629098199768643,4,AI-GENERATED
161,4,1,19.298752512351683,33,SUSPICIOUS
153,1,1,42.3705561297119,23,SUSPICIOUS
2800,0,0,1.9847101253792674,4,AI-GENERATED
128,4,0,41.36552304012489,22,SUSPICIOUS
3688,0,0,0.2775954643652144,4,AI-GENERATED
2652,0,0,0.4009255830850569,4,AI-GENERATED
3660,0,0,2.1095058119974404,2,AI-GENERATED
4688,0,0,0.6363552094927577,4,AI-GENERATED
155,0,1,33.47908892207994,28,SUSPICIOUS
3081,0,0,0.13888534435766547,1,AI-GENERATED
136,3,1,36.79629586664398,31,SUSPICIOUS
1493,0,0,2.8215453466618046,2,AI-GENERATED
4839,0,0,2.4363744969749255,1,AI-GENERATED
174,0,2,54.08114540333225,44,SUSPICIOUS
1815,0,0,0.2059377123986037,4,AI-GENERATED
126,4,2,36.64820047675613,15,SUSPICIOUS
4302,0,0,0.5019413480070634,1,AI-GENERATED
4510,0,0,2.147690467827359,2,AI-GENERATED
158,2,0,62.84212791231678,36,SUSPICIOUS
143,4,0,48.869342518348155,31,SUSPICIOUS
128,4,1,65.72048551423754,28,SUSPICIOUS
147,3,0,51.59781897846822,14,SUSPICIOUS
468,0,0,3.1956770737372335,4,AI-GENERATED
152,0,1,29.671651487313625,11,SUSPICIOUS
131,3,0,37.256728638937155,14,SUSPICIOUS
128,1,1,43.74563430350569,21,SUSPICIOUS
158,2,0,33.07468699791026,25,SUSPICIOUS
1130,0,0,2.1164688901440245,1,AI-GENERATED
159,1,1,48.35766970776718,44,SUSPICIOUS
157,1,2,57.43161709901949,13,SUSPICIOUS
108,4,0,62.74013736357965,40,SUSPICIOUS
143,3,2,25.957727170642674,40,SUSPICIOUS
462,0,0,2.934797485084168,1,AI-GENERATED
99,1,0,46.36374182328574,26,SUSPICIOUS
4592,0,0,2.233140493322709,1,AI-GENERATED
105,1,2,35.69461262399791,10,SUSPICIOUS
113,4,0,37.69708161823371,23,SUSPICIOUS
769,0,0,0.2516416284725165,1,AI-GENERATED
164,4,2,59.16221569755061,17,SUSPICIOUS
2416,0,0,2.6865410360843875,1,AI-GENERATED
151,4,2,41.61295592655752,19,SUSPICIOUS
129,3,1,43.347556165159965,42,SUSPICIOUS
3532,0,0,2.3586979499998564,1,AI-GENERATED
2832,0,0,2.4286513368046463,3,AI-GENERATED
117,3,1,36.40762204170528,18,SUSPICIOUS
1403,0,0,3.252784592823309,2,AI-GENERATED
156,0,0,52.76577986197462,37,SUSPICIOUS
4478,0,0,3.4299378054830156,2,AI-GENERATED
4095,0,0,3.4507445945485653,1,AI-GENERATED
159,4,1,60.743016676698886,42,SUSPICIOUS
119,0,1,58.27612149298333,28,SUSPICIOUS
1861,0,0,3.183945154800877,4,AI-GENERATED
2546,0,0,0.20464201437361412,2,AI-GENERATED
108,1,1,60.64202324824044,24,SUSPICIOUS
3457,0,0,0.48993478916122635,3,AI-GENERATED
166,0,1,37.63869223398698,39,SUSPICIOUS
124,2,2,48.86186553539734,23,SUSPICIOUS
145,2,1,34.200191498711,25,SUSPICIOUS
3751,0,0,2.928076575108056,1,AI-GENERATED
1044,0,0,3.416043881198351,2,AI-GENERATED
1332,0,0,2.1128956856745376,4,AI-GENERATED
128,4,2,51.541815257764775,23,SUSPICIOUS
147,3,0,33.957388164816436,35,SUSPICIOUS
1542,0,0,3.207586955189805,3,AI-GENERATED
4855,0,0,2.4836310775701596,2,AI-GENERATED
2079,0,0,2.73583388016415,4,AI-GENERATED
116,3,2,40.44035610620692,40,SUSPICIOUS
3390,0,0,0.23833681389227532,3,AI-GENERATED
2620,0,0,2.4053497124658256,4,AI-GENERATED
137,1,0,45.091761617775234,39,SUSPICIOUS
142,4,0,35.252019394760545,34,SUSPICIOUS
121,3,0,42.4739247179447,30,SUSPICIOUS
2449,0,0,1.5614661021955105,2,AI-GENERATED
146,4,1,38.405309967223886,17,SUSPICIOUS
171,3,0,35.01387946848514,14,SUSPICIOUS
149,0,1,30.32737925076583,16,SUSPICIOUS
150,0,2,35.53779717991176,32,SUSPICIOUS
4061,0,0,3.05624124086808,4,AI-GENERATED
1514,0,0,3.441703672346534,4,AI-GENERATED
124,2,2,48.071984948749254,31,SUSPICIOUS
3478,0,0,3.1740601723721618,1,AI-GENERATED
1678,0,0,0.6060816187014028,3,AI-GENERATED
167,3,1,60.45015043471563,19,SUSPICIOUS
193,0,0,29.902046727196815,23,SUSPICIOUS
139,4,2,26.559781020776327,21,SUSPICIOUS
156,2,0,15.284932451655688,27,SUSPICIOUS
4978,0,0,1.206327501206951,3,AI-GENERATED
134,0,1,40.98214080213004,30,SUSPICIOUS
4677,0,0,1.8921330392852975,1,AI-GENERATED
144,3,2,46.44607386367064,22,SUSPICIOUS
1302,0,0,2.1133401484621173,1,AI-GENERATED
3188,0,0,1.7945654820823134,1,AI-GENERATED
1161,0,0,0.9610510907510983,4,AI-GENERATED
130,3,0,65.98763913228959,17,SUSPICIOUS
1589,0,0,1.8724703784425045,2,AI-GENERATED
106,0,0,72.84407939290385,10,SUSPICIOUS
3032,0,0,3.0860450808574256,3,AI-GENERATED
117,0,0,63.26112858256444,31,SUSPICIOUS
176,0,2,37.39265973897506,23,SUSPICIOUS
3757,0,0,1.4667856715326764,2,AI-GENERATED
4678,0,0,2.62065878988828,4,AI-GENERATED
163,2,2,29.791573470433324,16,SUSPICIOUS
131,1,1,20.165784265872492,23,SUSPICIOUS
94,4,0,42.79497129433399,35,SUSPICIOUS
4610,0,0,2.269387700703489,1,AI-GENERATED
2268,0,0,0.2801087291687813,2,AI-GENERATED
149,0,2,52.73705516596772,24,SUSPICIOUS
4918,0,0,2.3860079804723124,3,AI-GENERATED
3414,0,0,1.2820372979464418,2,AI-GENERATED
148,1,0,18.848996017022472,16,SUSPICIOUS
4224,0,0,1.6803022507541614,1,AI-GENERATED
145,4,2,48.12363137038939,28,SUSPICIOUS
148,0,2,24.172378911907295,22,SUSPICIOUS
140,0,2,35.52792816245654,38,SUSPICIOUS
138,0,2,54.78836840412628,36,SUSPICIOUS
130,4,2,60.19283668787757,14,SUSPICIOUS
110,0,0,59.518126695842476,34,SUSPICIOUS
4869,0,0,2.508024803292836,2,AI-GENERATED
99,4,1,37.405187033889476,29,SUSPICIOUS
138,3,1,41.08949839664439,25,SUSPICIOUS
2325,0,0,0.5873732113781551,3,AI-GENERATED
1421,0,0,2.18360030733781,4,AI-GENERATED
3295,0,0,1.5280028105335421,4,AI-GENERATED
144,0,0,66.7830773374022,33,SUSPICIOUS
167,2,1,11.86501974689969,35,SUSPICIOUS
4278,0,0,2.35055606953981,2,AI-GENERATED
164,1,2,36.702000695623326,40,SUSPICIOUS
166,2,2,38.54978007119282,28,SUSPICIOUS
1849,0,0,1.8707415362259199,4,AI-GENERATED
4333,0,0,1.8746725190680673,3,AI-GENERATED
2788,0,0,3.2419408432920553,4,AI-GENERATED
2637,0,0,0.29088322827190927,2,AI-GENERATED
2013,0,0,0.6898237889891943,4,AI-GENERATED
2163,0,0,1.5879039245004307,4,AI-GENERATED
130,2,0,37.14026190647408,36,SUSPICIOUS
3217,0,0,2.446934827669995,1,AI-GENERATED
1729,0,0,0.16561870794780703,4,AI-GENERATED
2791,0,0,1.9875361634758812,1,AI-GENERATED
131,0,1,38.08217997080437,21,SUSPICIOUS
148,0,1,27.138945522591822,10,SUSPICIOUS
119,4,2,20.853134676409574,17,SUSPICIOUS
2933,0,0,3.4133029447066643,2,AI-GENERATED
2243,0,0,2.8609716422278586,2,AI-GENERATED
3848,0,0,3.381270940899054,4,AI-GENERATED
176,1,1,39.84831650376172,25,SUSPICIOUS
4484,0,0,1.7790899931988184,2,AI-GENERATED
148,1,1,39.91512915152865,32,SUSPICIOUS
4787,0,0,1.795431769459653,1,AI-GENERATED
3065,0,0,1.3526172480902208,3,AI-GENERATED
176,2,1,69.05846242370305,39,SUSPICIOUS
155,4,2,50.750360824221424,39,SUSPICIOUS
146,4,1,35.810447558803276,31,SUSPICIOUS
4880,0,0,0.4454382687328182,4,AI-GENERATED
2000,0,0,0.49253404924988886,3,AI-GENERATED
2078,0,0,2.4266379854047724,3,AI-GENERATED
444,0,0,1.4405178404764818,4,AI-GENERATED
3375,0,0,1.0822920978038617,2,AI-GENERATED
3888,0,0,2.309891438786981,1,AI-GENERATED
4877,0,0,3.1227131739837395,2,AI-GENERATED
163,3,2,54.30278113486796,21,SUSPICIOUS
2180,0,0,3.008784552402114,1,AI-GENERATED
4704,0,0,2.1468256233956144,4,AI-GENERATED
144,0,0,29.031310601068416,41,SUSPICIOUS
129,3,2,43.05666423619002,37,SUSPICIOUS
124,3,2,66.3576595550019,28,SUSPICIOUS
135,4,1,63.54918816438484,23,SUSPICIOUS
2522,0,0,3.2335051478490757,4,AI-GENERATED
1342,0,0,1.2090449256189868,3,AI-GENERATED
136,1,0,37.0470331420709,30,SUSPICIOUS
174,0,0,62.13039346614683,21,SUSPICIOUS
112,4,1,55.12529613272237,15,SUSPICIOUS
4708,0,0,1.0213997649782414,2,AI-GENERATED
1870,0,0,2.2039616445295196,1,AI-GENERATED
125,3,2,36.1092925316175,17,SUSPICIOUS
99,4,0,46.3915625366612,35,SUSPICIOUS
127,3,1,27.637384716809255,15,SUSPICIOUS
1850,0,0,2.3618705522697456,1,AI-GENERATED
1874,0,0,1.6463206187927275,3,AI-GENERATED
165,4,0,43.18541430310417,28,SUSPICIOUS
156,3,2,60.433584748555695,12,SUSPICIOUS
80,2,0,57.34380176038711,14,SUSPICIOUS
2473,0,0,1.960714386154531,3,AI-GENERATED
3914,0,0,2.772508595086413,3,AI-GENERATED
135,0,0,27.522035680066253,35,SUSPICIOUS
1910,0,0,3.339087967115303,3,AI-GENERATED
4977,0,0,1.9046345898290828,2,AI-GENERATED
145,4,2,23.6648868534092,34,SUSPICIOUS
1502,0,0,2.8582610360134346,1,AI-GENERATED
3183,0,0,1.2657110975399684,3,AI-GENERATED
114,1,1,63.05865674359093,31,SUSPICIOUS
1350,0,0,1.454148177053637,2,AI-GENERATED
169,2,0,62.9042526429063,15,SUSPICIOUS
742,0,0,0.792149606310385,1,AI-GENERATED
149,4,0,56.574408750354635,43,SUSPICIOUS
177,4,0,50.196127696272534,17,SUSPICIOUS
130,4,1,24.94053315822313,13,SUSPICIOUS
128,3,1,39.536229806685434,22,SUSPICIOUS
156,0,0,40.725845167047055,32,SUSPICIOUS
2367,0,0,0.4539774600125479,4,AI-GENERATED
3480,0,0,1.479156263565888,2,AI-GENERATED
151,3,2,69.85058080991658,37,SUSPICIOUS
135,4,2,50.319893594022844,11,SUSPICIOUS
127,4,1,25.08248663776345,31,SUSPICIOUS
4646,0,0,1.0331667068038835,1,AI-GENERATED
2428,0,0,3.2919356263414676,4,AI-GENERATED
3117,0,0,3.4633371673252307,2,AI-GENERATED
138,0,1,31.558713388318523,39,SUSPICIOUS
4208,0,0,0.13439533235318707,4,AI-GENERATED
170,3,0,33.59573200108111,16,SUSPICIOUS
3845,0,0,2.6233995556562735,4,AI-GENERATED
2531,0,0,0.2906761443780739,3,AI-GENERATED
1484,0,0,2.8796574459012154,2,AI-GENERATED
125,2,1,62.789637615668525,11,SUSPICIOUS
155,3,2,55.243714325835896,40,SUSPICIOUS
149,2,1,44.61116332482099,40,SUSPICIOUS
2341,0,0,2.7070726369619362,4,AI-GENERATED
1351,0,0,0.3378268440637991,4,AI-GENERATED
514,0,0,3.045256894946343,2,AI-GENERATED
417,0,0,2.6782940050200987,3,AI-GENERATED
1529,0,0,2.9099661710049247,1,AI-GENERATED
872,0,0,0.8368879433138215,1,AI-GENERATED
125,3,2,24.3833455121075,21,SUSPICIOUS
519,0,0,1.0782203419849916,4,AI-GENERATED
3132,0,0,1.3272364300806128,2,AI-GENERATED
108,1,2,72.61122016957528,31,SUSPICIOUS
119,3,1,25.90215856618382,20,SUSPICIOUS
132,4,1,28.781750760149023,23,SUSPICIOUS
910,0,0,2.6966671236479605,3,AI-GENERATED
164,3,1,46.21570712128981,42,SUSPICIOUS
3721,0,0,1.0457127110539777,3,AI-GENERATED
3274,0,0,0.6920585954168484,2,AI-GENERATED
4381,0,0,2.553623080651134,1,AI-GENERATED
148,0,0,31.901412946524353,14,SUSPICIOUS
3084,0,0,2.71013403356844,2,AI-GENERATED
138,4,0,54.7412595648988,28,SUSPICIOUS
134,0,1,46.139644450040464,29,SUSPICIOUS
154,3,0,54.49988019497313,35,SUSPICIOUS
141,4,1,47.108686578349506,33,SUSPICIOUS
121,4,1,39.014348227362156,36,SUSPICIOUS
140,2,1,82.57450501537718,19,SUSPICIOUS
866,0,0,1.5690227474904186,2,AI-GENERATED
2321,0,0,1.060829618520678,3,AI-GENERATED
130,0,1,54.853160846901716,21,SUSPICIOUS
149,2,0,5.0,33,SUSPICIOUS
4742,0,0,2.9915427649571424,4,AI-GENERATED
182,2,1,46.20351118860455,26,SUSPICIOUS
4315,0,0,2.8342425650651415,3,AI-GENERATED
107,0,2,13.116724794555175,31,SUSPICIOUS
125,2,2,46.53779635942041,22,SUSPICIOUS
3083,0,0,1.5648566673391897,4,AI-GENERATED
129,0,1,28.28185511428126,23,SUSPICIOUS
126,2,1,57.16783494760524,13,SUSPICIOUS
2367,0,0,2.025533049737356,4,AI-GENERATED
4431,0,0,0.36443986238687043,1,AI-GENERATED
1790,0,0,1.7711610802504096,2,AI-GENERATED
127,1,2,55.91160495937336,24,SUSPICIOUS
2328,0,0,1.9800681481670475,4,AI-GENERATED
2001,0,0,0.2894979883876553,2,AI-GENERATED
2678,0,0,3.342766820803064,2,AI-GENERATED
4672,0,0,2.1795572455032253,2,AI-GENERATED
3834,0,0,0.7386686719320272,3,AI-GENERATED
167,2,1,46.82911812297754,37,SUSPICIOUS
3538,0,0,1.0253896205242263,1,AI-GENERATED
1281,0,0,1.9625077363661463,3,AI-GENERATED
1158,0,0,3.4912873739746284,1,AI-GENERATED
158,4,0,31.288587786847252,17,SUSPICIOUS
106,4,2,66.1374626437423,40,SUSPICIOUS
141,1,1,24.089617476859285,42,SUSPICIOUS
164,2,0,32.09356300389205,35,SUSPICIOUS
138,1,0,30.21160938378901,14,SUSPICIOUS
131,0,1,35.441854758608784,19,SUSPICIOUS
1734,0,0,0.6301676434930146,3,AI-GENERATED
131,0,2,39.245105581139704,32,SUSPICIOUS
4076,0,0,0.4116518532658273,3,AI-GENERATED
3523,0,0,0.7791260142771015,3,AI-GENERATED
162,4,1,40.344199818859394,38,SUSPICIOUS
4760,0,0,2.700649160161898,1,AI-GENERATED
2796,0,0,3.329534039439238,2,AI-GENERATED
109,3,0,52.03644115098884,40,SUSPICIOUS
1291,0,0,1.5940032944994704,4,AI-GENERATED
154,3,0,31.82536177361348,42,SUSPICIOUS
600,0,0,0.19190309297467711,3,AI-GENERATED
117,4,2,14.66240537071829,11,SUSPICIOUS
3653,0,0,1.6610089029957316,1,AI-GENERATED
4096,0,0,0.9346333651842773,1,AI-GENERATED
128,4,0,34.249943933703676,41,SUSPICIOUS
167,3,2,47.565519496952,11,SUSPICIOUS
1389,0,0,1.4794998326506368,1,AI-GENERATED
2386,0,0,1.2586495165582767,1,AI-GENERATED
126,0,2,51.567904147162146,24,SUSPICIOUS
4485,0,0,0.1378274960601387,4,AI-GENERATED
2805,0,0,2.4190058422210603,4,AI-GENERATED
2096,0,0,2.8902372656912245,4,AI-GENERATED
1222,0,0,1.6282922793255046,1,AI-GENERATED
2614,0,0,1.4928936883800408,3,AI-GENERATED
2674,0,0,0.686273571741105,2,AI-GENERATED
159,1,0,53.13417096179724,22,SUSPICIOUS
3268,0,0,1.1670539124606194,4,AI-GENERATED
122,3,1,55.50366265628924,20,SUSPICIOUS
146,2,2,30.173502049820925,39,SUSPICIOUS
122,3,1,42.50392282184204,37,SUSPICIOUS
118,2,2,47.46330186574133,14,SUSPICIOUS
153,3,0,52.06944547049703,39,SUSPICIOUS
433,0,0,3.0205929928811983,1,AI-GENERATED
2394,0,0,2.0344762914933967,2,AI-GENERATED
2178,0,0,2.0723448804454745,2,AI-GENERATED
2786,0,0,2.9568363614814186,4,AI-GENERATED
155,1,2,42.271528890136544,21,SUSPICIOUS
3164,0,0,3.024862133485153,2,AI-GENERATED
3866,0,0,3.0568948503276645,2,AI-GENERATED
4623,0,0,0.10832060450724096,2,AI-GENERATED
1116,0,0,0.42129021746915896,1,AI-GENERATED
4505,0,0,1.3046276409664925,1,AI-GENERATED
3778,0,0,3.2267835392437165,4,AI-GENERATED
148,4,1,44.029907087071095,23,SUSPICIOUS
205,0,2,36.394563190900854,14,SUSPICIOUS
191,3,1,45.582322588775014,32,SUSPICIOUS
160,3,1,63.115036715947134,16,SUSPICIOUS
132,4,1,20.131263283110584,39,SUSPICIOUS
169,0,1,43.23493584309087,38,SUSPICIOUS
147,2,0,26.458857628979015,19,SUSPICIOUS
1349,0,0,2.5105554079176127,3,AI-GENERATED
179,0,1,55.72315271256863,11,SUSPICIOUS
123,0,0,71.03277275023291,31,SUSPICIOUS
3964,0,0,0.7511329738781242,3,AI-GENERATED
462,0,0,3.0765168955381252,3,AI-GENERATED
442,0,0,2.5987018690028503,1,AI-GENERATED
1749,0,0,2.343282750606125,3,AI-GENERATED
2559,0,0,3.197040273501168,2,AI-GENERATED
4991,0,0,2.3233514512304243,1,AI-GENERATED
3450,0,0,3.109013958449842,4,AI-GENERATED
4037,0,0,0.18390298917208506,2,AI-GENERATED
3539,0,0,1.4522565832957188,3,AI-GENERATED
4128,0,0,0.6092935763523926,4,AI-GENERATED
144,4,2,46.31882678068564,19,SUSPICIOUS
168,3,1,52.27868433041675,19,SUSPICIOUS
117,0,2,18.999695879360154,33,SUSPICIOUS
161,0,1,32.203787321772445,24,SUSPICIOUS
162,3,2,65.9549738369785,29,SUSPICIOUS
869,0,0,0.9582746885694848,3,AI-GENERATED
3609,0,0,2.0645140644819246,4,AI-GENERATED
2862,0,0,2.5759933870884058,1,AI-GENERATED
408,0,0,1.7007632547228173,1,AI-GENERATED
141,3,0,24.20178787017126,40,SUSPICIOUS
3349,0,0,1.5653541972787217,4,AI-GENERATED
108,4,1,43.594023013400296,27,SUSPICIOUS
4506,0,0,2.899548301489909,4,AI-GENERATED
812,0,0,1.7373906762660198,2,AI-GENERATED
126,4,1,41.63313977244367,25,SUSPICIOUS
124,2,0,26.14839574895887,38,SUSPICIOUS
141,2,1,36.3958694976001,33,SUSPICIOUS
130,2,0,51.857130768425804,25,SUSPICIOUS
128,2,1,41.4969445079404,37,SUSPICIOUS
145,0,0,75.25967071746692,37,SUSPICIOUS
2571,0,0,0.11356337047069183,1,AI-GENERATED
137,3,0,39.36890906359138,13,SUSPICIOUS
2825,0,0,1.7213368530725295,3,AI-GENERATED
133,4,0,39.852046049198435,35,SUSPICIOUS
4503,0,0,3.2700564928075373,4,AI-GENERATED
142,1,2,36.361293489902344,22,SUSPICIOUS
1550,0,0,1.7297449332876182,1,AI-GENERATED
127,1,0,46.3108377819817,40,SUSPICIOUS
663,0,0,0.19892047775418809,2,AI-GENERATED
1353,0,0,2.7686254123795297,4,AI-GENERATED
737,0,0,2.6028160036367605,1,AI-GENERATED
163,2,0,7.499782970183581,29,SUSPICIOUS
4900,0,0,2.1659278038978544,3,AI-GENERATED
2657,0,0,2.0879746267276813,2,AI-GENERATED
4482,0,0,3.141502432458327,4,AI-GENERATED
164,1,0,43.36299085920396,29,SUSPICIOUS
2112,0,0,2.504468345343635,3,AI-GENERATED
148,2,0,47.8734722731498,41,SUSPICIOUS
1861,0,0,1.36861344636754,4,AI-GENERATED
143,3,2,57.65743225933535,26,SUSPICIOUS
4412,0,0,1.3067531633620826,2,AI-GENERATED
168,3,2,32.4096701370652,38,SUSPICIOUS
516,0,0,0.12348814898477854,2,AI-GENERATED
161,1,1,48.76125132109043,17,SUSPICIOUS
465,0,0,1.975250331404994,2,AI-GENERATED
143,4,1,47.10282273005171,20,SUSPICIOUS
165,0,0,48.78660764776898,42,SUSPICIOUS
3877,0,0,2.7812073843190275,3,AI-GENERATED
1279,0,0,0.8448571074999363,2,AI-GENERATED
125,1,2,29.91866311142067,30,SUSPICIOUS
4974,0,0,2.281830690651584,3,AI-GENERATED
1474,0,0,0.1384595838086166,3,AI-GENERATED
4253,0,0,0.9743578844498711,2,AI-GENERATED
108,3,0,33.07708296147966,23,SUSPICIOUS
126,1,0,61.823654160950014,29,SUSPICIOUS
170,2,1,41.677457989113215,18,SUSPICIOUS
4790,0,0,0.31349494453234195,3,AI-GENERATED
3009,0,0,2.5990304641344673,3,AI-GENERATED
148,3,1,16.417530103119415,28,SUSPICIOUS
161,4,1,69.18633944086675,38,SUSPICIOUS
168,4,2,53.642811773977435,10,SUSPICIOUS
1634,0,0,1.7088477584148298,3,AI-GENERATED
817,0,0,2.1863109270757186,2,AI-GENERATED
165,4,2,42.253708670833625,12,SUSPICIOUS
4830,0,0,2.2668035423573634,1,AI-GENERATED
4025,0,0,3.0073038995579577,1,AI-GENERATED
139,3,1,45.83172243264884,15,SUSPICIOUS
150,1,2,54.01892709960198,21,SUSPICIOUS
117,1,1,62.633908211275056,20,SUSPICIOUS
104,3,0,44.21573166971544,39,SUSPICIOUS
123,3,2,70.31151002907855,41,SUSPICIOUS
1617,0,0,2.640720381145432,2,AI-GENERATED
140,2,1,35.358571679757205,35,SUSPICIOUS
139,2,0,36.65881905501193,44,SUSPICIOUS
2945,0,0,0.6460906862833335,1,AI-GENERATED
4416,0,0,2.8448600112647817,3,AI-GENERATED
3220,0,0,2.93266925458353,1,AI-GENERATED
134,2,1,72.93946992668774,11,SUSPICIOUS
3506,0,0,0.923295862483363,3,AI-GENERATED
2087,0,0,1.0988063494170752,1,AI-GENERATED
92,0,0,50.72831591059323,39,SUSPICIOUS
160,1,0,79.58800728581636,38,SUSPICIOUS
157,4,0,28.44527012268077,32,SUSPICIOUS
3113,0,0,0.3520564741927307,2,AI-GENERATED
3913,0,0,1.4831740660615076,2,AI-GENERATED
129,1,0,69.19376338105268,35,SUSPICIOUS
1200,0,0,0.9447813318844255,1,AI-GENERATED
109,3,1,51.27328002631209,13,SUSPICIOUS
4840,0,0,0.22858470951534926,4,AI-GENERATED
150,2,2,42.329639149709664,12,SUSPICIOUS
2784,0,0,3.3564533857837713,3,AI-GENERATED
3190,0,0,0.5871216133898374,3,AI-GENERATED
171,0,0,31.0143347445034,44,SUSPICIOUS
131,3,0,65.30789467720757,44,SUSPICIOUS
109,4,2,23.973285555387207,19,SUSPICIOUS
2526,0,0,3.426314742745452,2,AI-GENERATED
108,1,2,40.42590949022765,38,SUSPICIOUS
3088,0,0,3.063650526806905,1,AI-GENERATED
129,2,2,35.398603443218185,11,SUSPICIOUS
92,0,1,30.64740033420341,15,SUSPICIOUS
144,0,2,43.88022012175793,30,SUSPICIOUS
1809,0,0,1.9063953219410315,2,AI-GENERATED
134,4,0,35.0356718615252,18,SUSPICIOUS
3205,0,0,1.1486718980517816,3,AI-GENERATED
4989,0,0,2.0779763926099246,1,AI-GENERATED
151,2,0,62.228470499123276,30,SUSPICIOUS
160,1,2,65.91106504374659,11,SUSPICIOUS
1089,0,0,3.0307526160123452,2,AI-GENERATED
3304,0,0,3.1314511558257903,2,AI-GENERATED
101,2,1,58.58703332002095,26,SUSPICIOUS
118,0,1,50.1805363393466,23,SUSPICIOUS
161,1,1,40.87622870148189,20,SUSPICIOUS
121,4,1,26.597104771098657,16,SUSPICIOUS
4796,0,0,2.122983910905203,4,AI-GENERATED
168,3,2,26.807736202270913,11,SUSPICIOUS
134,3,1,44.07983610181481,13,SUSPICIOUS
130,3,1,43.31531798346476,36,SUSPICIOUS
139,0,0,46.73184002312674,21,SUSPICIOUS
1158,0,0,0.9339422045498181,1,AI-GENERATED
145,3,0,19.496808361963517,17,SUSPICIOUS
151,3,2,48.1332748602926,22,SUSPICIOUS
169,2,0,28.74158111921585,16,SUSPICIOUS
145,4,0,61.12230089785008,44,SUSPICIOUS
1557,0,0,2.08667370123047,2,AI-GENERATED
4070,0,0,2.09079139602873,1,AI-GENERATED
1017,0,0,0.1101335701110108,3,AI-GENERATED
135,0,1,43.35014977257955,38,SUSPICIOUS
144,4,1,82.93875359473716,38,SUSPICIOUS
1841,0,0,0.872544953427446,1,AI-GENERATED
151,2,1,36.33420412990995,21,SUSPICIOUS
748,0,0,2.8490427834054106,3,AI-GENERATED
3325,0,0,0.7568562934277492,1,AI-GENERATED
128,0,1,52.81486608877424,26,SUSPICIOUS
146,0,1,34.08786082517304,15,SUSPICIOUS
2003,0,0,1.9470106309969644,1,AI-GENERATED
4779,0,0,1.539677335830543,3,AI-GENERATED
4639,0,0,3.169985047731404,3,AI-GENERATED
147,2,2,76.29156322270606,20,SUSPICIOUS
4936,0,0,1.747143880787886,3,AI-GENERATED
4790,0,0,3.2722917331966963,3,AI-GENERATED
4636,0,0,1.5428369830617388,4,AI-GENERATED
2024,0,0,0.20367636900053657,2,AI-GENERATED
1335,0,0,0.46724199511436704,3,AI-GENERATED
128,2,1,39.92179715211903,34,SUSPICIOUS
148,1,1,31.848782288053307,10,SUSPICIOUS
125,4,0,34.68159079384634,28,SUSPICIOUS
139,4,2,33.37785235057534,29,SUSPICIOUS
156,1,2,35.35513500480124,32,SUSPICIOUS
646,0,0,1.6423560675600917,4,AI-GENERATED
3147,0,0,1.043142011867502,3,AI-GENERATED
2375,0,0,1.681470903361788,1,AI-GENERATED
102,4,2,24.862306885446436,16,SUSPICIOUS
133,1,1,59.7514959608662,39,SUSPICIOUS
156,0,1,30.724469924550746,29,SUSPICIOUS
1619,0,0,1.1370435274626847,1,AI-GENERATED
108,2,0,59.31793674755994,41,SUSPICIOUS
137,0,2,67.68179043841224,14,SUSPICIOUS
151,1,0,73.41656670657144,22,SUSPICIOUS
96,2,0,77.77324233219863,35,SUSPICIOUS
155,4,2,72.32949588764006,16,SUSPICIOUS
164,2,2,32.61104034305536,19,SUSPICIOUS
3366,0,0,1.8470437881097355,4,AI-GENERATED
2112,0,0,0.8329947129958851,4,AI-GENERATED
3283,0,0,1.6881881190907255,4,AI-GENERATED
3922,0,0,0.23038966357315313,2,AI-GENERATED
1339,0,0,0.931606418987611,3,AI-GENERATED
151,1,1,55.84116105471165,31,SUSPICIOUS
128,1,0,18.281031890662167,16,SUSPICIOUS
146,0,2,48.77128568078593,12,SUSPICIOUS
131,0,1,36.10725647256966,40,SUSPICIOUS
143,0,0,48.33797151821928,12,SUSPICIOUS
162,1,0,25.07903566306109,10,SUSPICIOUS
122,4,1,45.120018761654556,42,SUSPICIOUS
141,2,1,5.30683576010253,28,SUSPICIOUS
4669,0,0,3.378640707524245,4,AI-GENERATED
146,3,2,49.54203577710652,10,SUSPICIOUS
3895,0,0,2.160785230390304,3,AI-GENERATED
3194,0,0,2.0067588626484163,1,AI-GENERATED
154,4,1,28.855245633163566,35,SUSPICIOUS
4053,0,0,2.6407674079521075,1,AI-GENERATED
133,0,2,30.330071781315112,24,SUSPICIOUS
116,2,2,32.18910694012681,20,SUSPICIOUS
4528,0,0,3.1978496908884306,4,AI-GENERATED
133,3,0,44.83039116122931,10,SUSPICIOUS
1647,0,0,3.3912003559547874,1,AI-GENERATED
2113,0,0,2.057195785360144,2,AI-GENERATED
128,0,2,58.92049815121279,15,SUSPICIOUS
2472,0,0,2.7294838833792765,1,AI-GENERATED
124,4,2,44.88247951176819,44,SUSPICIOUS
3596,0,0,3.2619121419283097,2,AI-GENERATED
154,4,2,52.2133690092672,10,SUSPICIOUS
2034,0,0,1.3488479656988817,2,AI-GENERATED
685,0,0,0.8242614996387673,2,AI-GENERATED
163,0,1,43.31278528370555,32,SUSPICIOUS
1166,0,0,2.407118079376525,3,AI-GENERATED
3127,0,0,1.471643684018821,3,AI-GENERATED
960,0,0,2.23628604538681,2,AI-GENERATED
116,0,0,32.97776713669553,40,SUSPICIOUS
100,3,0,8.07075854606395,25,SUSPICIOUS
3247,0,0,0.6194979730048973,2,AI-GENERATED
2168,0,0,0.9465632675738823,1,AI-GENERATED
154,1,2,36.51740398822864,34,SUSPICIOUS
146,2,1,40.40359654347458,20,SUSPICIOUS
132,3,2,47.076816941277386,30,SUSPICIOUS
132,3,2,60.69051399513376,40,SUSPICIOUS
128,0,1,28.984645134473492,41,SUSPICIOUS
189,2,2,66.41877370759593,29,SUSPICIOUS
2383,0,0,1.0975001173001655,2,AI-GENERATED
1856,0,0,0.46743718553831526,4,AI-GENERATED
167,2,0,43.53373073523084,39,SUSPICIOUS
686,0,0,3.1814140709665377,4,AI-GENERATED
2466,0,0,2.679807852603815,2,AI-GENERATED
3221,0,0,0.2885076028467703,3,AI-GENERATED
2567,0,0,0.9836554449802264,1,AI-GENERATED
169,2,1,43.857834083173856,33,SUSPICIOUS
3358,0,0,0.727877245011796,4,AI-GENERATED
111,4,0,46.726013053558745,42,SUSPICIOUS
138,1,2,41.54940768592676,25,SUSPICIOUS
134,4,0,56.90977050561746,32,SUSPICIOUS
1259,0,0,1.4974641082972735,2,AI-GENERATED
3706,0,0,1.614368800062143,4,AI-GENERATED
502,0,0,1.2023730037053237,2,AI-GENERATED
168,0,0,39.68609575833036,10,SUSPICIOUS
4161,0,0,2.5995670733781058,1,AI-GENERATED
137,2,2,50.04785656799547,33,SUSPICIOUS
988,0,0,3.484652841225727,4,AI-GENERATED
4361,0,0,2.5613635410980535,4,AI-GENERATED
424,0,0,1.7380541342831592,2,AI-GENERATED
130,1,0,60.294144349728825,32,SUSPICIOUS
80,3,1,71.57732902777019,16,SUSPICIOUS
3101,0,0,0.9020331164540496,4,AI-GENERATED
137,3,0,42.974935263376544,44,SUSPICIOUS
4167,0,0,0.9667058957704328,1,AI-GENERATED
152,0,1,39.58402491752934,37,SUSPICIOUS
158,4,2,77.0746669183725,16,SUSPICIOUS
140,1,1,52.959281971752944,36,SUSPICIOUS
920,0,0,0.5848076762568764,1,AI-GENERATED
1822,0,0,2.7696265550972234,2,AI-GENERATED
144,0,1,54.13923126928863,14,SUSPICIOUS
161,3,1,38.617798944476164,32,SUSPICIOUS
140,2,2,35.723464992227974,33,SUSPICIOUS
3930,0,0,2.4330000044492173,2,AI-GENERATED
150,3,0,49.84414700105079,34,SUSPICIOUS
3178,0,0,2.5525873120948743,1,AI-GENERATED
157,1,2,46.27654846194686,20,SUSPICIOUS
2997,0,0,3.2527930746134883,4,AI-GENERATED
1856,0,0,0.9330100617073684,4,AI-GENERATED
148,2,1,59.88109694476019,40,SUSPICIOUS
101,2,2,37.777781383079784,37,SUSPICIOUS
1422,0,0,1.8565154078880317,2,AI-GENERATED
154,3,2,59.32008074732378,31,SUSPICIOUS
2075,0,0,2.647248014187922,1,AI-GENERATED
152,2,0,43.35314935298285,20,SUSPICIOUS
135,2,0,14.22732360120397,23,SUSPICIOUS
4400,0,0,1.529722805856561,3,AI-GENERATED
4078,0,0,0.30952278262347754,1,AI-GENERATED
144,0,2,55.83560587717009,35,SUSPICIOUS
126,1,2,55.07142571597973,41,SUSPICIOUS
4530,0,0,2.3472796792455823,4,AI-GENERATED
2556,0,0,1.9343692530528338,4,AI-GENERATED
126,4,0,25.273221851137205,27,SUSPICIOUS
122,3,1,23.127641753506765,10,SUSPICIOUS
96,1,1,53.81544562669477,31,SUSPICIOUS
149,3,2,27.760625903702824,41,SUSPICIOUS
656,0,0,1.849070090992986,3,AI-GENERATED
1631,0,0,0.30483977855048244,1,AI-GENERATED
2415,0,0,2.0415988069645024,4,AI-GENERATED
2249,0,0,0.2667441694045926,4,AI-GENERATED
4979,0,0,0.9470350502344528,3,AI-GENERATED
112,4,2,63.368994473796576,25,SUSPICIOUS
141,4,1,8.037600414036866,20,SUSPICIOUS
4313,0,0,2.070684748190705,3,AI-GENERATED
131,2,2,54.664383903177004,22,SUSPICIOUS
2276,0,0,2.69164340818109,3,AI-GENERATED
3145,0,0,0.39056829595216735,1,AI-GENERATED
4373,0,0,0.24642083292224645,4,AI-GENERATED
158,0,0,67.78492962988474,40,SUSPICIOUS
168,4,0,43.95620896487598,16,SUSPICIOUS
184,2,1,35.62841747201382,13,SUSPICIOUS
109,0,2,50.22560203811155,21,SUSPICIOUS
131,1,2,19.773823500199796,18,SUSPICIOUS
169,4,1,32.62346228078106,40,SUSPICIOUS
3548,0,0,0.10847905366084071,2,AI-GENERATED
4313,0,0,1.0489743004616934,3,AI-GENERATED
1345,0,0,3.3847188493607985,4,AI-GENERATED
3403,0,0,0.5561608449424013,3,AI-GENERATED
111,1,2,68.92895995998416,35,SUSPICIOUS
2719,0,0,0.5844002317089649,3,AI-GENERATED
3881,0,0,0.8552384282576836,2,AI-GENERATED
166,1,2,47.79295332212763,30,SUSPICIOUS
133,4,1,40.08960970050806,20,SUSPICIOUS
3641,0,0,1.609639273565111,4,AI-GENERATED
1969,0,0,0.22043100274247623,1,AI-GENERATED
128,2,0,67.46870333336058,42,SUSPICIOUS
122,3,2,31.924651287524775,32,SUSPICIOUS
170,2,2,41.207304213361,16,SUSPICIOUS
1858,0,0,1.5508700170585745,2,AI-GENERATED
142,1,0,38.70560487945568,26,SUSPICIOUS
145,4,2,41.16202756091845,12,SUSPICIOUS
134,0,0,64.44634422554125,18,SUSPICIOUS
4724,0,0,2.178628730257447,1,AI-GENERATED
1011,0,0,2.7582189542964812,3,AI-GENERATED
143,3,0,39.94717854017765,19,SUSPICIOUS
1062,0,0,3.0202943590062397,1,AI-GENERATED
149,0,0,9.508871116681277,12,SUSPICIOUS
152,3,1,34.648634534436766,37,SUSPICIOUS
2530,0,0,1.620124920412052,2,AI-GENERATED
4092,0,0,1.4618409031396051,1,AI-GENERATED
128,2,0,67.0924991168183,15,SUSPICIOUS
183,1,2,62.322433244737454,27,SUSPICIOUS
4553,0,0,3.4833747385320324,1,AI-GENERATED
4977,0,0,1.542049278768902,4,AI-GENERATED
4056,0,0,3.058239458058782,3,AI-GENERATED
137,4,1,63.36772448040143,39,SUSPICIOUS
139,3,0,49.70977288277018,44,SUSPICIOUS
3122,0,0,0.17698429800084137,2,AI-GENERATED
880,0,0,2.0061897094409633,1,AI-GENERATED
152,0,2,43.30948388272756,21,SUSPICIOUS
3217,0,0,2.1135044119944064,3,AI-GENERATED
1095,0,0,2.7271200444743373,3,AI-GENERATED
118,0,0,52.77576222469511,39,SUSPICIOUS
3148,0,0,2.319802748248207,4,AI-GENERATED
1509,0,0,1.4305134488882836,4,AI-GENERATED
2088,0,0,2.636779948558296,3,AI-GENERATED
155,3,2,72.60103288458957,42,SUSPICIOUS
1426,0,0,3.0229630221700985,1,AI-GENERATED
158,3,0,28.14217971357259,26,SUSPICIOUS
129,2,0,80.28275881554438,19,SUSPICIOUS
136,4,2,56.78042589227158,19,SUSPICIOUS
125,1,2,52.236262369140064,20,SUSPICIOUS
2769,0,0,1.327600658435599,1,AI-GENERATED
3941,0,0,2.031256498908677,4,AI-GENERATED
983,0,0,2.95186332906665,4,AI-GENERATED
511,0,0,1.800072543664141,1,AI-GENERATED
128,0,0,41.813456856437554,43,SUSPICIOUS
156,1,0,55.155951283433104,19,SUSPICIOUS
741,0,0,2.4309631687458944,1,AI-GENERATED
179,3,2,46.88417664093386,40,SUSPICIOUS
2608,0,0,0.7454868034930896,3,AI-GENERATED
132,2,2,25.26324884830551,29,SUSPICIOUS
2952,0,0,2.39230934207611,2,AI-GENERATED
450,0,0,3.0774939691286467,1,AI-GENERATED
121,1,2,45.45904343770911,29,SUSPICIOUS
4767,0,0,2.4972206977359184,2,AI-GENERATED
152,2,2,73.83291559094175,21,SUSPICIOUS
3770,0,0,3.2897353668972333,3,AI-GENERATED
4705,0,0,3.2546392463720824,4,AI-GENERATED
139,2,1,68.69276391931574,26,SUSPICIOUS
131,2,2,54.55791193567184,28,SUSPICIOUS
137,0,0,46.583071309765245,14,SUSPICIOUS
138,4,1,29.760181639498235,21,SUSPICIOUS
172,3,0,41.21242788664843,44,SUSPICIOUS
108,2,1,61.92111348727168,38,SUSPICIOUS
3849,0,0,1.970424958518715,2,AI-GENERATED
139,1,0,53.18743742593446,13,SUSPICIOUS
2682,0,0,1.3724709971929174,3,AI-GENERATED
115,2,2,53.599824344131854,42,SUSPICIOUS
138,2,2,32.489657104880045,44,SUSPICIOUS
1420,0,0,2.2679158881323915,2,AI-GENERATED
153,3,2,45.093165851860164,31,SUSPICIOUS
4446,0,0,2.8335774142669603,2,AI-GENERATED
101,2,2,38.8746359765866,25,SUSPICIOUS
1093,0,0,0.7005668598302872,3,AI-GENERATED
2642,0,0,1.4400417995518071,2,AI-GENERATED
127,1,1,43.790751280162105,26,SUSPICIOUS
149,2,0,38.598105296287336,32,SUSPICIOUS
3637,0,0,1.6722553651855219,4,AI-GENERATED
156,0,1,52.125835607291386,33,SUSPICIOUS
144,4,1,26.551678349862325,37,SUSPICIOUS
3517,0,0,0.2756780944825169,4,AI-GENERATED
115,2,0,7.12265389877853,27,SUSPICIOUS
106,4,1,27.590337001785663,23,SUSPICIOUS
135,2,1,37.654185887493014,12,SUSPICIOUS
137,3,2,46.4582985983443,20,SUSPICIOUS
674,0,0,1.3470499945543366,1,AI-GENERATED
134,1,2,58.5157793761297,42,SUSPICIOUS
102,0,1,29.472244882651154,40,SUSPICIOUS
161,3,0,20.05922590503388,30,SUSPICIOUS
125,4,0,41.50775884436942,25,SUSPICIOUS
1661,0,0,1.3405132959477541,3,AI-GENERATED
3407,0,0,0.3205351169773373,3,AI-GENERATED
4124,0,0,1.2974047539483402,1,AI-GENERATED
2386,0,0,2.1855107213756746,3,AI-GENERATED
143,0,1,61.84407579376226,43,SUSPICIOUS
129,4,0,37.352313620626994,11,SUSPICIOUS
150,2,2,56.074507056063005,13,SUSPICIOUS
1338,0,0,3.497917789930476,1,AI-GENERATED
165,2,1,38.2536892518328,14,SUSPICIOUS
4741,0,0,3.3113122672369073,2,AI-GENERATED
130,0,1,50.80043014124101,37,SUSPICIOUS
139,3,0,29.08606438758232,17,SUSPICIOUS
4457,0,0,1.027521173760098,1,AI-GENERATED
4434,0,0,0.7338845929830989,1,AI-GENERATED
3452,0,0,0.9693879709742435,1,AI-GENERATED
518,0,0,2.7236216238820923,2,AI-GENERATED
3678,0,0,0.6482519320814575,4,AI-GENERATED
1468,0,0,0.5790648560039724,4,AI-GENERATED
134,0,0,59.55022257271557,18,SUSPICIOUS
137,1,1,14.087563908587025,15,SUSPICIOUS
2118,0,0,1.781667879719688,1,AI-GENERATED
136,4,0,58.589557979256256,43,SUSPICIOUS
112,0,1,71.25106168638207,10,SUSPICIOUS
4180,0,0,3.283914309556876,3,AI-GENERATED
4064,0,0,0.3719175148802216,4,AI-GENERATED
174,1,2,34.41012897639759,27,SUSPICIOUS
149,4,0,23.252188116607538,10,SUSPICIOUS
138,3,1,58.43552285322362,41,SUSPICIOUS
4511,0,0,2.5905340875952136,4,AI-GENERATED
2287,0,0,1.0101356213983488,2,AI-GENERATED
121,2,0,44.4238255544544,23,SUSPICIOUS
1369,0,0,1.7865929174886352,2,AI-GENERATED
3171,0,0,0.8940138154446087,2,AI-GENERATED
144,4,0,66.1208784523974,26,SUSPICIOUS
152,1,2,50.27227675181612,21,SUSPICIOUS
3145,0,0,2.090018514292271,2,AI-GENERATED
101,3,2,36.14326952935115,15,SUSPICIOUS
168,4,0,54.64121869068389,38,SUSPICIOUS
2765,0,0,1.6557155671751922,1,AI-GENERATED
4089,0,0,2.027124628573238,3,AI-GENERATED
852,0,0,1.1601234341716697,4,AI-GENERATED
3262,0,0,2.06437964869016,4,AI-GENERATED
1133,0,0,3.100765561002967,1,AI-GENERATED
1940,0,0,2.553121598234714,2,AI-GENERATED
152,0,1,64.66597860912198,39,SUSPICIOUS
155,1,0,38.35986878807564,36,SUSPICIOUS
179,2,0,31.943691552694418,14,SUSPICIOUS
4904,0,0,3.136697213064511,2,AI-GENERATED
168,0,0,42.71292366462623,42,SUSPICIOUS
134,4,1,24.67613268273342,36,SUSPICIOUS
2409,0,0,2.2524250374546195,2,AI-GENERATED
156,3,2,63.47116413256726,26,SUSPICIOUS
125,1,1,39.65627773575503,29,SUSPICIOUS
4180,0,0,1.1698721798768905,4,AI-GENERATED
4916,0,0,1.1661979828803128,3,AI-GENERATED
4783,0,0,2.370646639374971,4,AI-GENERATED
128,0,0,55.214250477854684,10,SUSPICIOUS
111,4,0,39.4786049287272,17,SUSPICIOUS
2898,0,0,0.3464795190073928,2,AI-GENERATED
113,1,0,58.90736642291092,30,SUSPICIOUS
141,3,0,52.896328905566584,31,SUSPICIOUS
4448,0,0,2.850733268791523,2,AI-GENERATED
138,0,2,13.354586178061911,23,SUSPICIOUS
669,0,0,1.9234337781707087,3,AI-GENERATED
88,4,2,29.897235514702636,36,SUSPICIOUS
3841,0,0,2.7806607945098722,3,AI-GENERATED
4547,0,0,3.078883279199912,4,AI-GENERATED
135,3,2,31.411564087941443,17,SUSPICIOUS
1388,0,0,3.2701194034695202,4,AI-GENERATED
1598,0,0,2.385127674942815,2,AI-GENERATED
154,0,0,66.77051099683757,25,SUSPICIOUS
148,4,1,25.73029630588513,18,SUSPICIOUS
152,0,2,29.59080390410199,38,SUSPICIOUS
147,4,1,43.57717315552271,38,SUSPICIOUS
2084,0,0,2.0519966481308565,4,AI-GENERATED
141,3,1,35.91838748895793,16,SUSPICIOUS
1185,0,0,2.1177581279444455,3,AI-GENERATED
2557,0,0,1.936149760689285,3,AI-GENERATED
139,0,1,31.22397785565468,33,SUSPICIOUS
3433,0,0,1.4935709137284663,3,AI-GENERATED
2978,0,0,0.16672204283455022,4,AI-GENERATED
134,3,1,62.33590602431997,19,SUSPICIOUS
150,1,0,51.29315288731835,17,SUSPICIOUS
151,0,1,46.327737361111645,20,SUSPICIOUS
124,4,1,36.01976371768436,15,SUSPICIOUS
2461,0,0,0.8033479400236168,2,AI-GENERATED
986,0,0,1.3763746910957617,3,AI-GENERATED
124,1,0,30.99543497885744,23,SUSPICIOUS
153,4,0,45.086369263673575,21,SUSPICIOUS
1424,0,0,2.61256394599076,1,AI-GENERATED
147,0,0,66.2094415281099,27,SUSPICIOUS
156,0,1,28.967373321585008,31,SUSPICIOUS
4685,0,0,1.3516222317671758,3,AI-GENERATED
106,0,0,50.03793043917932,43,SUSPICIOUS
136,4,0,41.22639581214248,31,SUSPICIOUS
4500,0,0,2.6053572040939206,4,AI-GENERATED
123,3,0,73.450718344639,30,SUSPICIOUS
129,2,0,56.73774540963052,31,SUSPICIOUS
987,0,0,1.3123680289541955,3,AI-GENERATED
158,1,0,57.07118119075191,35,SUSPICIOUS
3774,0,0,0.8324876971629638,1,AI-GENERATED
126,4,2,55.20687289578189,18,SUSPICIOUS
160,0,2,26.453883586996085,43,SUSPICIOUS
4529,0,0,1.7321561905085394,4,AI-GENERATED
134,4,2,48.44001163744194,36,SUSPICIOUS
4215,0,0,0.7472984784887173,4,AI-GENERATED
1678,0,0,2.2014099555999205,4,AI-GENERATED
2383,0,0,3.4870540520447526,4,AI-GENERATED
1121,0,0,0.7200454868279499,2,AI-GENERATED
159,3,2,40.48526569526657,24,SUSPICIOUS
162,2,1,32.99877611503149,15,SUSPICIOUS
773,0,0,0.8721220730665974,1,AI-GENERATED
2387,0,0,2.1996324161515317,1,AI-GENERATED
4271,0,0,1.6201140474905107,4,AI-GENERATED
116,4,1,42.54074426383604,17,SUSPICIOUS
3206,0,0,3.301812657643212,3,AI-GENERATED
3365,0,0,1.4062351375364013,1,AI-GENERATED
132,3,0,70.40292714381897,32,SUSPICIOUS
124,2,0,39.26947336151926,43,SUSPICIOUS
4056,0,0,0.4320493859047718,4,AI-GENERATED
2963,0,0,0.4710127780632396,3,AI-GENERATED
553,0,0,2.567711213417753,4,AI-GENERATED
148,3,0,50.1809595571183,30,SUSPICIOUS
3522,0,0,3.1882616399925907,3,AI-GENERATED
170,3,1,35.90312182749561,40,SUSPICIOUS
1671,0,0,1.360327775315232,3,AI-GENERATED
3156,0,0,3.424039639419153,3,AI-GENERATED
116,1,1,67.82617262967312,26,SUSPICIOUS
183,0,2,42.724851051392164,40,SUSPICIOUS
123,4,0,54.6127156265156,14,SUSPICIOUS
135,0,0,45.576982659742825,32,SUSPICIOUS
145,3,0,65.71447874569802,14,SUSPICIOUS
2804,0,0,1.6556372055639121,4,AI-GENERATED
130,2,2,7.7495724437610605,29,SUSPICIOUS
1292,0,0,2.3605680535428335,2,AI-GENERATED
137,2,1,33.66698948014868,22,SUSPICIOUS
4669,0,0,1.3918017059042702,1,AI-GENERATED
4957,0,0,0.9226488201549692,4,AI-GENERATED
137,2,1,68.36614659220977,42,SUSPICIOUS
140,0,2,65.71348353143749,19,SUSPICIOUS
155,1,0,59.64388338687249,25,SUSPICIOUS
128,2,1,52.09513616688706,41,SUSPICIOUS
3098,0,0,0.5488113829312354,3,AI-GENERATED
147,2,0,34.12676294138823,18,SUSPICIOUS
138,0,2,48.7849868090516,37,SUSPICIOUS
702,0,0,2.550169001417679,2,AI-GENERATED
2305,0,0,0.23081178512214345,2,AI-GENERATED
134,3,2,60.76919914549205,20,SUSPICIOUS
132,3,0,29.404929144839873,35,SUSPICIOUS
3964,0,0,2.904703173539857,2,AI-GENERATED
2009,0,0,0.6904662285716185,4,AI-GENERATED
123,3,2,52.02846435979059,35,SUSPICIOUS
4171,0,0,1.6561838815872503,4,AI-GENERATED
2421,0,0,1.659619511239757,1,AI-GENERATED
3517,0,0,1.0435438633431122,4,AI-GENERATED
2854,0,0,2.038771439501651,3,AI-GENERATED
166,1,2,58.86362374432022,28,SUSPICIOUS
150,3,2,74.6270925639512,18,SUSPICIOUS
149,0,0,51.88845540383011,27,SUSPICIOUS
2988,0,0,3.3064068486087774,2,AI-GENERATED
3380,0,0,0.9932063171808023,1,AI-GENERATED
4576,0,0,2.293618561741811,3,AI-GENERATED
1688,0,0,1.209210653482333,1,AI-GENERATED
876,0,0,0.8031016952092626,2,AI-GENERATED
147,1,1,30.594936946360622,43,SUSPICIOUS
156,0,1,19.62253677894073,13,SUSPICIOUS
138,4,1,78.58896227243352,26,SUSPICIOUS
139,2,0,42.4722729471828,37,SUSPICIOUS
122,1,2,67.78527191229361,13,SUSPICIOUS
3979,0,0,0.20304463965930641,1,AI-GENERATED
92,4,0,30.559098295214724,29,SUSPICIOUS
152,3,2,26.49078318798068,14,SUSPICIOUS
4415,0,0,2.5967423304801747,2,AI-GENERATED
1881,0,0,3.4566298514521696,3,AI-GENERATED
148,4,1,53.957431201606944,18,SUSPICIOUS
483,0,0,0.9927095615366974,2,AI-GENERATED
171,0,0,26.656064787472655,31,SUSPICIOUS
129,0,0,26.628349110879906,10,SUSPICIOUS
155,0,0,47.6997775343634,13,SUSPICIOUS
729,0,0,1.822716053220911,2,AI-GENERATED
149,3,1,46.17508588044504,18,SUSPICIOUS
4460,0,0,2.1494920530155395,3,AI-GENERATED
1568,0,0,2.8102607943508304,4,AI-GENERATED
122,1,0,48.78728895074915,25,SUSPICIOUS
154,3,0,42.55797919966497,36,SUSPICIOUS
117,3,0,38.62797068871856,15,SUSPICIOUS
170,1,0,44.638372848663906,11,SUSPICIOUS
149,0,0,38.748218768158566,19,SUSPICIOUS
167,1,0,36.19776578547989,29,SUSPICIOUS
3375,0,0,1.0751533855084943,1,AI-GENERATED
4105,0,0,1.798713643548231,2,AI-GENERATED
1976,0,0,3.078448866163082,2,AI-GENERATED
156,1,2,49.34716474424976,24,SUSPICIOUS
4540,0,0,1.5380396512794339,4,AI-GENERATED
633,0,0,2.557149677001825,1,AI-GENERATED
2359,0,0,1.8614052119190017,1,AI-GENERATED
161,1,1,62.78228031892146,27,SUSPICIOUS
1177,0,0,0.2707116412585414,1,AI-GENERATED
3491,0,0,2.2453039338388354,4,AI-GENERATED
1376,0,0,0.6738338730115154,1,AI-GENERATED
120,4,1,32.90316428982979,10,SUSPICIOUS
3052,0,0,2.30584883386518,1,AI-GENERATED
143,2,1,45.90442555571408,44,SUSPICIOUS
124,0,2,22.20624869791555,22,SUSPICIOUS
3599,0,0,2.885322240480641,3,AI-GENERATED
137,0,0,67.97311809266051,42,SUSPICIOUS
2089,0,0,0.19790906457243856,2,AI-GENERATED
4049,0,0,1.2970973506457324,3,AI-GENERATED
162,0,2,44.889656129776036,35,SUSPICIOUS
166,1,0,45.15412374148094,35,SUSPICIOUS
1079,0,0,1.6224441708204924,1,AI-GENERATED
1939,0,0,1.6682538453480547,1,AI-GENERATED
3212,0,0,1.4553297491939645,4,AI-GENERATED
137,3,1,39.253999285363136,19,SUSPICIOUS
159,3,1,21.135451692225992,10,SUSPICIOUS
4371,0,0,1.3670593128909456,2,AI-GENERATED
139,1,2,27.219630146574744,33,SUSPICIOUS
2660,0,0,2.079559554721952,1,AI-GENERATED
1888,0,0,2.5920392947869724,1,AI-GENERATED
3303,0,0,1.6028591370543717,3,AI-GENERATED
173,0,0,34.86604428382622,38,SUSPICIOUS
542,0,0,1.2232787173157047,4,AI-GENERATED
3321,0,0,1.9267987141816252,3,AI-GENERATED
4293,0,0,2.629362930204813,4,AI-GENERATED
3645,0,0,0.7923042855826751,4,AI-GENERATED
129,2,0,40.21044317587664,15,SUSPICIOUS
184,3,0,27.561014111520628,19,SUSPICIOUS
114,4,1,50.452722339167856,11,SUSPICIOUS
124,3,2,53.73147115597707,35,SUSPICIOUS
1466,0,0,1.5346591589618508,3,AI-GENERATED
137,3,0,16.473130643051334,20,SUSPICIOUS
136,2,0,56.65295834127663,30,SUSPICIOUS
164,4,0,41.10488980553238,32,SUSPICIOUS
156,2,2,41.4717879836586,44,SUSPICIOUS
147,3,2,67.38447804553293,15,SUSPICIOUS
157,2,2,41.82485408702992,36,SUSPICIOUS
1208,0,0,0.40764035200208915,4,AI-GENERATED
2220,0,0,3.170524225545331,4,AI-GENERATED
2863,0,0,1.9583072264298105,4,AI-GENERATED
121,4,2,47.293426442956516,20,SUSPICIOUS
138,0,2,61.45170502381373,35,SUSPICIOUS
3609,0,0,3.0171137792999896,1,AI-GENERATED
1423,0,0,0.4434255650357397,2,AI-GENERATED
153,0,1,39.080854981703865,28,SUSPICIOUS
833,0,0,1.355073433443138,4,AI-GENERATED
3606,0,0,1.9333438480657692,3,AI-GENERATED
92,2,2,15.051335369919137,44,SUSPICIOUS
119,3,2,50.70125257411008,18,SUSPICIOUS
108,1,1,24.01341246742429,17,SUSPICIOUS
705,0,0,1.5732276559271063,2,AI-GENERATED
3859,0,0,1.3814805165961883,3,AI-GENERATED
3043,0,0,0.16747881359210093,4,AI-GENERATED
146,4,0,68.31817112003817,28,SUSPICIOUS
137,3,0,45.288839836774976,22,SUSPICIOUS
3215,0,0,1.17325783361096,1,AI-GENERATED
2705,0,0,1.583593917803507,1,AI-GENERATED
150,3,1,25.68430775165455,29,SUSPICIOUS
2141,0,0,1.0942823446577028,4,AI-GENERATED
153,0,0,35.201737262799185,36,SUSPICIOUS
158,1,2,45.0530229379152,40,SUSPICIOUS
115,4,1,45.457735962979584,29,SUSPICIOUS
493,0,0,2.841842685994494,1,AI-GENERATED
2515,0,0,3.1455857801541507,1,AI-GENERATED
1376,0,0,2.773147141577223,2,AI-GENERATED
2518,0,0,2.5301896261362624,4,AI-GENERATED
3532,0,0,1.7919939837390935,2,AI-GENERATED
2869,0,0,0.11509328587321353,3,AI-GENERATED
1245,0,0,2.6566758853978976,3,AI-GENERATED
178,0,2,44.07779827534922,34,SUSPICIOUS
963,0,0,1.1671456760158314,4,AI-GENERATED
139,2,2,45.398729202099844,14,SUSPICIOUS
3066,0,0,1.7025411096955956,2,AI-GENERATED
133,4,1,67.51495354196084,24,SUSPICIOUS
154,1,1,40.90025059039441,22,SUSPICIOUS
2614,0,0,0.7947424526275108,3,AI-GENERATED
152,4,0,30.270943737449763,14,SUSPICIOUS
156,3,1,40.62925311262991,22,SUSPICIOUS
1357,0,0,0.608869818093604,4,AI-GENERATED
4662,0,0,2.798952910567982,3,AI-GENERATED
4760,0,0,0.1990824198100004,1,AI-GENERATED
617,0,0,3.432288911140846,4,AI-GENERATED
181,0,0,41.929795572788656,12,SUSPICIOUS
152,3,1,67.01552029384135,14,SUSPICIOUS
4235,0,0,0.43718564473280563,3,AI-GENERATED
2236,0,0,0.7510272514532389,2,AI-GENERATED
152,2,1,36.96513319673706,18,SUSPICIOUS
1010,0,0,1.847649436093391,4,AI-GENERATED
118,1,0,63.943609929856315,38,SUSPICIOUS
130,0,2,25.359784961253006,22,SUSPICIOUS
150,1,2,48.167686851704836,35,SUSPICIOUS
1761,0,0,2.1047071459090656,3,AI-GENERATED
2330,0,0,1.0459869636685868,4,AI-GENERATED
168,0,0,54.43402776609181,44,SUSPICIOUS
133,4,0,37.771365430384066,41,SUSPICIOUS
119,2,0,42.92461112038852,10,SUSPICIOUS
156,1,1,63.0981111869741,33,SUSPICIOUS
3407,0,0,2.44251150124702,3,AI-GENERATED
1453,0,0,2.193830319349535,4,AI-GENERATED
2974,0,0,0.5654815703524615,2,AI-GENERATED
147,3,2,60.27609487183745,28,SUSPICIOUS
145,2,1,42.88204745422955,17,SUSPICIOUS
3753,0,0,2.3928804922308746,1,AI-GENERATED
2449,0,0,0.8931227765851287,2,AI-GENERATED
120,0,2,39.77503993120869,28,SUSPICIOUS
1623,0,0,1.7032455031589497,4,AI-GENERATED
1532,0,0,3.084780219699083,1,AI-GENERATED
4970,0,0,0.6026617561844153,3,AI-GENERATED
135,4,1,40.478193218664316,43,SUSPICIOUS
3672,0,0,1.663385440822211,3,AI-GENERATED
151,0,0,44.768029159603905,36,SUSPICIOUS
163,4,0,21.881924882261735,39,SUSPICIOUS
154,0,1,44.269611081487014,26,SUSPICIOUS
3001,0,0,0.24282390683247596,4,AI-GENERATED
4178,0,0,1.2505559691467187,3,AI-GENERATED
2952,0,0,1.2376196354850697,2,AI-GENERATED
1575,0,0,0.5967851549710443,1,AI-GENERATED
168,3,0,48.534141481002855,24,SUSPICIOUS
108,3,2,26.533928828200565,24,SUSPICIOUS
149,1,2,44.58504369610114,28,SUSPICIOUS
952,0,0,0.8979708280804284,1,AI-GENERATED
153,2,1,29.75767028207824,15,SUSPICIOUS
4160,0,0,1.879760148647887,3,AI-GENERATED
173,0,1,41.461599298403364,40,SUSPICIOUS
1776,0,0,1.4103400321416002,2,AI-GENERATED
152,3,1,25.5109850412628,20,SUSPICIOUS
4970,0,0,0.49659144206423,4,AI-GENERATED
1793,0,0,1.7424729715195373,4,AI-GENERATED
138,1,2,49.427875409373726,21,SUSPICIOUS
1508,0,0,0.8573446561497452,3,AI-GENERATED
4857,0,0,0.44360682422359266,2,AI-GENERATED
2125,0,0,2.586085626507951,3,AI-GENERATED
3294,0,0,2.204544977783035,4,AI-GENERATED
129,2,0,27.54712386816055,24,SUSPICIOUS
126,0,0,44.843565495611436,21,SUSPICIOUS
3165,0,0,0.5514351979964449,3,AI-GENERATED
100,2,1,43.91661694732787,20,SUSPICIOUS
158,2,2,54.46813388271745,44,SUSPICIOUS
148,2,0,42.253714470694206,30,SUSPICIOUS
141,1,1,72.77772050005406,26,SUSPICIOUS
137,1,2,27.15899197912385,28,SUSPICIOUS
144,2,1,32.08815099632106,14,SUSPICIOUS
2741,0,0,2.4399603819131785,3,AI-GENERATED
2900,0,0,2.179277608073662,1,AI-GENERATED
4968,0,0,0.2769835061715669,4,AI-GENERATED
4351,0,0,0.34198185495124805,2,AI-GENERATED
3283,0,0,0.39503825860325026,2,AI-GENERATED
97,1,2,37.941203007300075,12,SUSPICIOUS
126,1,0,48.76102691811033,23,SUSPICIOUS
855,0,0,3.338743212294428,3,AI-GENERATED
4134,0,0,2.4490648245170714,3,AI-GENERATED
137,1,1,60.628325895690224,24,SUSPICIOUS
2141,0,0,2.6440931130078553,4,AI-GENERATED
193,2,2,28.773396673530385,38,SUSPICIOUS
1457,0,0,1.1960869602937347,3,AI-GENERATED
4078,0,0,3.098815112898557,1,AI-GENERATED
3127,0,0,1.0124537435613992,1,AI-GENERATED
120,3,1,67.04722816388478,38,SUSPICIOUS
2734,0,0,2.204498045553411,1,AI-GENERATED
783,0,0,0.8514610328359898,3,AI-GENERATED
3383,0,0,2.062108829829368,1,AI-GENERATED
577,0,0,2.2204730405563664,2,AI-GENERATED
149,2,2,47.144792401993925,23,SUSPICIOUS
152,0,2,53.39521559504225,19,SUSPICIOUS
114,0,1,16.490850721801607,38,SUSPICIOUS
132,2,1,34.06564795685537,26,SUSPICIOUS
169,0,0,36.659551000523535,29,SUSPICIOUS
130,1,2,53.449876203933975,32,SUSPICIOUS
97,2,2,32.95910380147669,38,SUSPICIOUS
534,0,0,1.3659272534584685,4,AI-GENERATED
147,1,2,68.66461638652781,38,SUSPICIOUS
141,0,2,77.02691658321142,10,SUSPICIOUS
117,3,2,39.753931255766446,35,SUSPICIOUS
1133,0,0,3.4773616122532274,2,AI-GENERATED
132,4,1,30.63459649160545,40,SUSPICIOUS
104,4,0,40.84035546083668,14,SUSPICIOUS
3874,0,0,2.3469791161845825,4,AI-GENERATED
3545,0,0,1.6203673294294418,4,AI-GENERATED
153,1,2,29.32072386553886,21,SUSPICIOUS
123,2,1,57.696195640278084,31,SUSPICIOUS
1795,0,0,3.1215889371629295,4,AI-GENERATED
110,4,1,47.40699928730939,31,SUSPICIOUS
2021,0,0,2.8502560472546374,4,AI-GENERATED
1807,0,0,1.1883172004465126,2,AI-GENERATED
3924,0,0,3.3876289860661886,4,AI-GENERATED
1479,0,0,3.18419339003271,2,AI-GENERATED
125,1,1,49.781978164323036,18,SUSPICIOUS
144,4,0,55.0947917521795,17,SUSPICIOUS
117,3,2,53.65499789354408,26,SUSPICIOUS
4261,0,0,0.9868406589974071,3,AI-GENERATED
153,0,0,55.82092177207854,29,SUSPICIOUS
132,1,0,45.829146469311,24,SUSPICIOUS
141,0,1,46.42594567040199,28,SUSPICIOUS
119,2,0,29.079142429901548,10,SUSPICIOUS
2635,0,0,0.6224578688143059,3,AI-GENERATED
4122,0,0,3.2954099830307975,3,AI-GENERATED
133,3,0,61.62786925740062,27,SUSPICIOUS
4569,0,0,2.312005216991416,1,AI-GENERATED
127,2,2,34.33242833311422,37,SUSPICIOUS
131,3,1,55.08434686900247,23,SUSPICIOUS
103,0,1,53.865981612164816,38,SUSPICIOUS
120,2,2,35.87260032979346,22,SUSPICIOUS
1345,0,0,1.6782023786721034,4,AI-GENERATED
2630,0,0,0.524290659395366,2,AI-GENERATED
144,1,1,41.25441750203713,42,SUSPICIOUS
152,1,0,31.51142784219676,22,SUSPICIOUS
165,4,1,83.4647214744466,16,SUSPICIOUS
836,0,0,0.46404934041415524,1,AI-GENERATED
131,2,2,42.063937341583355,25,SUSPICIOUS
1930,0,0,0.6053046244236088,3,AI-GENERATED
646,0,0,1.6557472730954232,2,AI-GENERATED
165,3,0,73.89104156647801,44,SUSPICIOUS
146,0,1,48.37055151504541,41,SUSPICIOUS
129,2,1,36.165205955165696,31,SUSPICIOUS
139,3,2,59.30241712651684,29,SUSPICIOUS
4475,0,0,3.0440858601954996,3,AI-GENERATED
152,0,2,37.10119280842142,10,SUSPICIOUS
1378,0,0,0.7409121033596103,1,AI-GENERATED
130,4,0,43.43556013127419,35,SUSPICIOUS
2161,0,0,2.596003179030917,3,AI-GENERATED
135,0,0,23.40908697917321,33,SUSPICIOUS
120,0,1,49.30156853877179,44,SUSPICIOUS
3844,0,0,2.7603878669165236,1,AI-GENERATED
107,2,2,45.67756609287011,29,SUSPICIOUS
2103,0,0,1.4562995732976183,4,AI-GENERATED
130,0,2,32.794919129370015,12,SUSPICIOUS
1759,0,0,0.14336252945015376,4,AI-GENERATED
114,0,0,70.01357028924954,11,SUSPICIOUS
104,1,2,56.35267133824074,39,SUSPICIOUS
114,0,2,36.31916558680351,44,SUSPICIOUS
105,4,0,80.16889255407507,14,SUSPICIOUS
4188,0,0,2.5175043766433385,2,AI-GENERATED
4111,0,0,1.2855527873913681,4,AI-GENERATED
134,0,2,62.335470195876134,13,SUSPICIOUS
847,0,0,2.706077892163763,3,AI-GENERATED
121,2,0,35.06202301309636,38,SUSPICIOUS
1124,0,0,3.220458512459783,2,AI-GENERATED
3882,0,0,1.1894202149689954,4,AI-GENERATED
148,3,2,61.39078169043274,41,SUSPICIOUS
108,2,1,48.99228530208871,16,SUSPICIOUS
136,3,0,7.225067445347349,44,SUSPICIOUS
125,1,2,56.66913673338934,44,SUSPICIOUS
120,0,1,37.043246072819954,44,SUSPICIOUS
2060,0,0,2.202600564764846,3,AI-GENERATED
532,0,0,2.490440184479797,3,AI-GENERATED
174,1,2,38.25507871272528,44,SUSPICIOUS
4433,0,0,0.14457223160182267,1,AI-GENERATED
117,2,0,55.84714996558007,30,SUSPICIOUS
140,0,1,32.37774316346281,12,SUSPICIOUS
128,2,2,25.44918129508324,44,SUSPICIOUS
151,0,0,31.471185242273695,19,SUSPICIOUS
111,1,2,40.44139759818273,25,SUSPICIOUS
164,1,0,58.74989566549821,20,SUSPICIOUS
1343,0,0,2.1843951834570317,2,AI-GENERATED
139,4,1,24.99791227060371,41,SUSPICIOUS
117,3,0,49.81365332289747,38,SUSPICIOUS
2166,0,0,0.4704994006424299,4,AI-GENERATED
3748,0,0,3.196779395029662,3,AI-GENERATED
4165,0,0,2.6418273462418416,1,AI-GENERATED
142,2,1,45.5017181806605,18,SUSPICIOUS
127,4,2,51.98924736599385,16,SUSPICIOUS
134,0,0,47.23132226303834,30,SUSPICIOUS
167,2,1,44.26473901014676,16,SUSPICIOUS
1123,0,0,0.6660936719826628,1,AI-GENERATED
889,0,0,0.5522076531387915,1,AI-GENERATED
4237,0,0,2.215327480456707,2,AI-GENERATED
133,2,1,44.12778932378276,19,SUSPICIOUS
964,0,0,1.0030910926404146,1,AI-GENERATED
4551,0,0,0.6534313471485289,4,AI-GENERATED
3827,0,0,0.37627901168757605,3,AI-GENERATED
149,1,0,42.68585117427682,30,SUSPICIOUS
3502,0,0,2.088582843429297,2,AI-GENERATED
103,1,1,29.691535872792183,29,SUSPICIOUS
161,3,0,52.55921607566173,18,SUSPICIOUS
186,0,0,28.705320499506655,21,SUSPICIOUS
173,0,0,48.75449417392541,27,SUSPICIOUS
120,0,0,42.229049676754585,40,SUSPICIOUS
173,2,0,61.172098822628286,12,SUSPICIOUS
3442,0,0,0.14472016905078994,1,AI-GENERATED
140,4,2,52.62615928480385,16,SUSPICIOUS
155,4,2,18.876975150788347,34,SUSPICIOUS
144,4,1,59.90288561397064,35,SUSPICIOUS
141,3,2,32.75525796954779,17,SUSPICIOUS
114,3,1,36.869251369364434,23,SUSPICIOUS
3405,0,0,1.3110394264096277,3,AI-GENERATED
2971,0,0,1.059619019194406,3,AI-GENERATED
2608,0,0,1.7432453380788255,4,AI-GENERATED
2615,0,0,3.211526831530388,1,AI-GENERATED
177,3,1,24.469637820177347,40,SUSPICIOUS
3350,0,0,0.11160443650405996,3,AI-GENERATED
2202,0,0,2.497773016482224,3,AI-GENERATED
3094,0,0,1.9244811879508872,1,AI-GENERATED
2433,0,0,3.2940929903329126,3,AI-GENERATED
3857,0,0,2.03778941000173,1,AI-GENERATED
101,4,0,51.47606015928436,44,SUSPICIOUS
3531,0,0,2.3554227298861172,3,AI-GENERATED
616,0,0,3.3971088011184793,3,AI-GENERATED
159,2,1,23.318302036609705,18,SUSPICIOUS
3398,0,0,1.6924056543692438,4,AI-GENERATED
148,0,2,23.805028555819405,19,SUSPICIOUS
163,4,2,32.45938572450994,24,SUSPICIOUS
167,2,1,55.335520235253256,12,SUSPICIOUS
2469,0,0,2.551374569713296,3,AI-GENERATED
2821,0,0,3.132286658267318,2,AI-GENERATED
617,0,0,2.1268534224550346,4,AI-GENERATED
134,1,0,42.12561085606741,13,SUSPICIOUS
142,4,1,28.061607360975767,10,SUSPICIOUS
126,4,1,43.61903586486135,42,SUSPICIOUS
4719,0,0,1.8087554030413777,3,AI-GENERATED
168,3,2,10.62019424702683,36,SUSPICIOUS
4387,0,0,0.9863082353867533,4,AI-GENERATED
4220,0,0,1.4850196884170201,2,AI-GENERATED
142,0,1,35.46332287917162,44,SUSPICIOUS
159,3,2,66.91095120473182,16,SUSPICIOUS
3194,0,0,0.720019532554313,1,AI-GENERATED
2560,0,0,2.8921486348212952,4,AI-GENERATED
182,0,1,48.63346526589767,44,SUSPICIOUS
142,4,0,67.6067855425045,25,SUSPICIOUS
151,2,2,56.85423807619027,26,SUSPICIOUS
126,1,0,49.680292644744824,24,SUSPICIOUS
3369,0,0,2.470182206133572,1,AI-GENERATED
153,2,1,38.90769304861973,31,SUSPICIOUS
